  0
SECTION
  2
HEADER
  9
$ACADVER
  1
AC1032
  9
$ACADMAINTVER
 90
      248
  9
$DWGCODEPAGE
  3
ANSI_1252
  9
$LASTSAVEDBY
  1
User
  9
$REQUIREDVERSIONS
160
                 0
  9
$INSBASE
 10
0.0
 20
0.0
 30
0.0
  9
$EXTMIN
 10
62.704955770551
 20
15.70664018753455
 30
0.0
  9
$EXTMAX
 10
224.7537916126695
 20
115.7066401875345
 30
0.0
  9
$LIMMIN
 10
0.0
 20
0.0
  9
$LIMMAX
 10
12.0
 20
9.0
  9
$ORTHOMODE
 70
     1
  9
$REGENMODE
 70
     1
  9
$FILLMODE
 70
     1
  9
$QTEXTMODE
 70
     0
  9
$MIRRTEXT
 70
     0
  9
$LTSCALE
 40
1.0
  9
$ATTMODE
 70
     1
  9
$TEXTSIZE
 40
0.2
  9
$TRACEWID
 40
0.05
  9
$TEXTSTYLE
  7
Standard
  9
$CLAYER
  8
Dim
  9
$CELTYPE
  6
ByLayer
  9
$CECOLOR
 62
   256
  9
$CELTSCALE
 40
1.0
  9
$DISPSILH
 70
     0
  9
$DIMSCALE
 40
1.0
  9
$DIMASZ
 40
0.18
  9
$DIMEXO
 40
1.479999999999999
  9
$DIMDLI
 40
0.38
  9
$DIMRND
 40
0.0
  9
$DIMDLE
 40
0.0
  9
$DIMEXE
 40
0.18
  9
$DIMTP
 40
0.0
  9
$DIMTM
 40
0.0
  9
$DIMTXT
 40
2.0
  9
$DIMCEN
 40
0.09
  9
$DIMTSZ
 40
0.0
  9
$DIMTOL
 70
     0
  9
$DIMLIM
 70
     0
  9
$DIMTIH
 70
     0
  9
$DIMTOH
 70
     1
  9
$DIMSE1
 70
     0
  9
$DIMSE2
 70
     0
  9
$DIMTAD
 70
     0
  9
$DIMZIN
 70
     0
  9
$DIMBLK
  1

  9
$DIMASO
 70
     1
  9
$DIMSHO
 70
     1
  9
$DIMPOST
  1

  9
$DIMAPOST
  1

  9
$DIMALT
 70
     0
  9
$DIMALTD
 70
     2
  9
$DIMALTF
 40
25.4
  9
$DIMLFAC
 40
1.0
  9
$DIMTOFL
 70
     0
  9
$DIMTVP
 40
0.0
  9
$DIMTIX
 70
     0
  9
$DIMSOXD
 70
     0
  9
$DIMSAH
 70
     0
  9
$DIMBLK1
  1

  9
$DIMBLK2
  1

  9
$DIMSTYLE
  2
Dim_1
  9
$DIMCLRD
 70
     0
  9
$DIMCLRE
 70
     0
  9
$DIMCLRT
 70
     0
  9
$DIMTFAC
 40
1.0
  9
$DIMGAP
 40
0.09
  9
$DIMJUST
 70
     0
  9
$DIMSD1
 70
     0
  9
$DIMSD2
 70
     0
  9
$DIMTOLJ
 70
     1
  9
$DIMTZIN
 70
     0
  9
$DIMALTZ
 70
     0
  9
$DIMALTTZ
 70
     0
  9
$DIMUPT
 70
     0
  9
$DIMDEC
 70
     4
  9
$DIMTDEC
 70
     4
  9
$DIMALTU
 70
     2
  9
$DIMALTTD
 70
     2
  9
$DIMTXSTY
  7
Standard
  9
$DIMAUNIT
 70
     0
  9
$DIMADEC
 70
     0
  9
$DIMALTRND
 40
0.0
  9
$DIMAZIN
 70
     0
  9
$DIMDSEP
 70
    46
  9
$DIMATFIT
 70
     3
  9
$DIMFRAC
 70
     0
  9
$DIMLDRBLK
  1

  9
$DIMLUNIT
 70
     2
  9
$DIMLWD
 70
    -2
  9
$DIMLWE
 70
    -2
  9
$DIMTMOVE
 70
     0
  9
$DIMFXL
 40
1.0
  9
$DIMFXLON
 70
     0
  9
$DIMJOGANG
 40
0.7853981633974483
  9
$DIMTFILL
 70
     0
  9
$DIMTFILLCLR
 70
     0
  9
$DIMARCSYM
 70
     0
  9
$DIMLTYPE
  6

  9
$DIMLTEX1
  6

  9
$DIMLTEX2
  6

  9
$DIMTXTDIRECTION
 70
     0
  9
$LUNITS
 70
     2
  9
$LUPREC
 70
     2
  9
$SKETCHINC
 40
0.1
  9
$FILLETRAD
 40
3.0
  9
$AUNITS
 70
     0
  9
$AUPREC
 70
     0
  9
$MENU
  1
.
  9
$ELEVATION
 40
0.0
  9
$PELEVATION
 40
0.0
  9
$THICKNESS
 40
0.0
  9
$LIMCHECK
 70
     0
  9
$CHAMFERA
 40
0.0
  9
$CHAMFERB
 40
0.0
  9
$CHAMFERC
 40
0.0
  9
$CHAMFERD
 40
0.0
  9
$SKPOLY
 70
     0
  9
$TDCREATE
 40
2460710.486423611
  9
$TDUCREATE
 40
2460710.257256945
  9
$TDUPDATE
 40
2461007.596886574
  9
$TDUUPDATE
 40
2461007.367719907
  9
$TDINDWG
 40
3.3176041667
  9
$TDUSRTIMER
 40
3.3175925926
  9
$USRTIMER
 70
     1
  9
$ANGBASE
 50
0.0
  9
$ANGDIR
 70
     0
  9
$PDMODE
 70
    35
  9
$PDSIZE
 40
0.0
  9
$PLINEWID
 40
0.0
  9
$SPLFRAME
 70
     0
  9
$SPLINETYPE
 70
     6
  9
$SPLINESEGS
 70
     8
  9
$HANDSEED
  5
B473
  9
$SURFTAB1
 70
     6
  9
$SURFTAB2
 70
     6
  9
$SURFTYPE
 70
     6
  9
$SURFU
 70
     6
  9
$SURFV
 70
     6
  9
$UCSBASE
  2

  9
$UCSNAME
  2

  9
$UCSORG
 10
0.0
 20
0.0
 30
0.0
  9
$UCSXDIR
 10
1.0
 20
0.0
 30
0.0
  9
$UCSYDIR
 10
0.0
 20
1.0
 30
0.0
  9
$UCSORTHOREF
  2

  9
$UCSORTHOVIEW
 70
     0
  9
$UCSORGTOP
 10
0.0
 20
0.0
 30
0.0
  9
$UCSORGBOTTOM
 10
0.0
 20
0.0
 30
0.0
  9
$UCSORGLEFT
 10
0.0
 20
0.0
 30
0.0
  9
$UCSORGRIGHT
 10
0.0
 20
0.0
 30
0.0
  9
$UCSORGFRONT
 10
0.0
 20
0.0
 30
0.0
  9
$UCSORGBACK
 10
0.0
 20
0.0
 30
0.0
  9
$PUCSBASE
  2

  9
$PUCSNAME
  2

  9
$PUCSORG
 10
0.0
 20
0.0
 30
0.0
  9
$PUCSXDIR
 10
1.0
 20
0.0
 30
0.0
  9
$PUCSYDIR
 10
0.0
 20
1.0
 30
0.0
  9
$PUCSORTHOREF
  2

  9
$PUCSORTHOVIEW
 70
     0
  9
$PUCSORGTOP
 10
0.0
 20
0.0
 30
0.0
  9
$PUCSORGBOTTOM
 10
0.0
 20
0.0
 30
0.0
  9
$PUCSORGLEFT
 10
0.0
 20
0.0
 30
0.0
  9
$PUCSORGRIGHT
 10
0.0
 20
0.0
 30
0.0
  9
$PUCSORGFRONT
 10
0.0
 20
0.0
 30
0.0
  9
$PUCSORGBACK
 10
0.0
 20
0.0
 30
0.0
  9
$USERI1
 70
     0
  9
$USERI2
 70
     0
  9
$USERI3
 70
     0
  9
$USERI4
 70
     0
  9
$USERI5
 70
     0
  9
$USERR1
 40
0.0
  9
$USERR2
 40
0.0
  9
$USERR3
 40
0.0
  9
$USERR4
 40
0.0
  9
$USERR5
 40
0.0
  9
$WORLDVIEW
 70
     1
  9
$SHADEDGE
 70
     3
  9
$SHADEDIF
 70
    70
  9
$TILEMODE
 70
     1
  9
$MAXACTVP
 70
    64
  9
$PINSBASE
 10
0.0
 20
0.0
 30
0.0
  9
$PLIMCHECK
 70
     0
  9
$PEXTMIN
 10
0.0
 20
0.0
 30
0.0
  9
$PEXTMAX
 10
0.0
 20
0.0
 30
0.0
  9
$PLIMMIN
 10
0.0
 20
0.0
  9
$PLIMMAX
 10
12.0
 20
9.0
  9
$UNITMODE
 70
     0
  9
$VISRETAIN
 70
     1
  9
$PLINEGEN
 70
     0
  9
$PSLTSCALE
 70
     1
  9
$TREEDEPTH
 70
  3020
  9
$CMLSTYLE
  2
Standard
  9
$CMLJUST
 70
     0
  9
$CMLSCALE
 40
1.0
  9
$PROXYGRAPHICS
 70
     1
  9
$MEASUREMENT
 70
     0
  9
$CELWEIGHT
370
    -1
  9
$ENDCAPS
280
     0
  9
$JOINSTYLE
280
     0
  9
$LWDISPLAY
290
     0
  9
$INSUNITS
 70
     4
  9
$HYPERLINKBASE
  1

  9
$STYLESHEET
  1

  9
$XEDIT
290
     1
  9
$CEPSNTYPE
380
     0
  9
$PSTYLEMODE
290
     1
  9
$FINGERPRINTGUID
  2
{0527118E-F54A-8847-B162-1DB3323F647E}
  9
$VERSIONGUID
  2
{2959B70E-F136-BD4D-9CDA-E6A7087B5980}
  9
$EXTNAMES
290
     1
  9
$PSVPSCALE
 40
0.0
  9
$OLESTARTUP
290
     0
  9
$SORTENTS
280
   127
  9
$INDEXCTL
280
     0
  9
$HIDETEXT
280
     1
  9
$XCLIPFRAME
280
     2
  9
$HALOGAP
280
     0
  9
$OBSCOLOR
 70
   257
  9
$OBSLTYPE
280
     0
  9
$INTERSECTIONDISPLAY
280
     0
  9
$INTERSECTIONCOLOR
 70
   257
  9
$DIMASSOC
280
     2
  9
$PROJECTNAME
  1

  9
$CAMERADISPLAY
290
     0
  9
$LENSLENGTH
 40
50.0
  9
$CAMERAHEIGHT
 40
0.0
  9
$STEPSPERSEC
 40
2.0
  9
$STEPSIZE
 40
6.0
  9
$3DDWFPREC
 40
2.0
  9
$PSOLWIDTH
 40
0.25
  9
$PSOLHEIGHT
 40
4.0
  9
$LOFTANG1
 40
1.570796326794896
  9
$LOFTANG2
 40
1.570796326794896
  9
$LOFTMAG1
 40
0.0
  9
$LOFTMAG2
 40
0.0
  9
$LOFTPARAM
 70
     7
  9
$LOFTNORMALS
280
     1
  9
$LATITUDE
 40
37.795
  9
$LONGITUDE
 40
-122.394
  9
$NORTHDIRECTION
 40
0.0
  9
$TIMEZONE
 70
 -8000
  9
$LIGHTGLYPHDISPLAY
280
     1
  9
$TILEMODELIGHTSYNCH
280
     1
  9
$CMATERIAL
347
96
  9
$SOLIDHIST
280
     0
  9
$SHOWHIST
280
     1
  9
$DWFFRAME
280
     2
  9
$DGNFRAME
280
     0
  9
$REALWORLDSCALE
290
     1
  9
$INTERFERECOLOR
 62
     1
  9
$INTERFEREOBJVS
345
A3
  9
$INTERFEREVPVS
346
A0
  9
$CSHADOW
280
     0
  9
$SHADOWPLANELOCATION
 40
0.0
  0
ENDSEC
  0
SECTION
  2
CLASSES
  0
CLASS
  1
ACDBDICTIONARYWDFLT
  2
AcDbDictionaryWithDefault
  3
ObjectDBX Classes
 90
        0
 91
        1
280
     0
281
     0
  0
CLASS
  1
DICTIONARYVAR
  2
AcDbDictionaryVar
  3
ObjectDBX Classes
 90
        0
 91
       12
280
     0
281
     0
  0
CLASS
  1
TABLESTYLE
  2
AcDbTableStyle
  3
ObjectDBX Classes
 90
     4095
 91
        1
280
     0
281
     0
  0
CLASS
  1
MATERIAL
  2
AcDbMaterial
  3
ObjectDBX Classes
 90
     1153
 91
        4
280
     0
281
     0
  0
CLASS
  1
VISUALSTYLE
  2
AcDbVisualStyle
  3
ObjectDBX Classes
 90
     4095
 91
       24
280
     0
281
     0
  0
CLASS
  1
SCALE
  2
AcDbScale
  3
ObjectDBX Classes
 90
     1153
 91
       33
280
     0
281
     0
  0
CLASS
  1
MLEADERSTYLE
  2
AcDbMLeaderStyle
  3
ACDB_MLEADERSTYLE_CLASS
 90
     4095
 91
        2
280
     0
281
     0
  0
CLASS
  1
CELLSTYLEMAP
  2
AcDbCellStyleMap
  3
ObjectDBX Classes
 90
     1152
 91
        2
280
     0
281
     0
  0
CLASS
  1
EXACXREFPANELOBJECT
  2
ExAcXREFPanelObject
  3
EXAC_ESW
 90
     1025
 91
        0
280
     0
281
     0
  0
CLASS
  1
NPOCOLLECTION
  2
AcDbImpNonPersistentObjectsCollection
  3
ObjectDBX Classes
 90
     1153
 91
        0
280
     0
281
     0
  0
CLASS
  1
LAYER_INDEX
  2
AcDbLayerIndex
  3
ObjectDBX Classes
 90
        0
 91
        0
280
     0
281
     0
  0
CLASS
  1
SPATIAL_INDEX
  2
AcDbSpatialIndex
  3
ObjectDBX Classes
 90
        0
 91
        0
280
     0
281
     0
  0
CLASS
  1
IDBUFFER
  2
AcDbIdBuffer
  3
ObjectDBX Classes
 90
        0
 91
        0
280
     0
281
     0
  0
CLASS
  1
ACDBSECTIONVIEWSTYLE
  2
AcDbSectionViewStyle
  3
ObjectDBX Classes
 90
     1025
 91
        2
280
     0
281
     0
  0
CLASS
  1
ACDBDETAILVIEWSTYLE
  2
AcDbDetailViewStyle
  3
ObjectDBX Classes
 90
     1025
 91
        2
280
     0
281
     0
  0
CLASS
  1
DIMASSOC
  2
AcDbDimAssoc
  3
"AcDbDimAssoc|Product Desc:     AcDim ARX App For Dimension|Company:          Autodesk, Inc.|WEB Address:      www.autodesk.com"
 90
        0
 91
        0
280
     0
281
     0
  0
CLASS
  1
SORTENTSTABLE
  2
AcDbSortentsTable
  3
ObjectDBX Classes
 90
        0
 91
        3
280
     0
281
     0
  0
CLASS
  1
RAPIDRTRENDERSETTINGS
  2
AcDbRapidRTRenderSettings
  3
ObjectDBX Classes
 90
     1024
 91
        1
280
     0
281
     0
  0
CLASS
  1
ACSH_HISTORY_CLASS
  2
AcDbShHistory
  3
ObjectDBX Classes
 90
     1153
 91
        0
280
     0
281
     0
  0
CLASS
  1
ACAD_EVALUATION_GRAPH
  2
AcDbEvalGraph
  3
ObjectDBX Classes
 90
     1153
 91
        0
280
     0
281
     0
  0
CLASS
  1
ACDBASSOCACTION
  2
AcDbAssocAction
  3
ObjectDBX Classes
 90
     1025
 91
        0
280
     0
281
     0
  0
CLASS
  1
ACDBASSOCROTATEDDIMACTIONBODY
  2
AcDbAssocRotatedDimActionBody
  3
ObjectDBX Classes
 90
     1025
 91
        0
280
     0
281
     0
  0
CLASS
  1
ACDBASSOCGEOMDEPENDENCY
  2
AcDbAssocGeomDependency
  3
ObjectDBX Classes
 90
     1025
 91
        0
280
     0
281
     0
  0
CLASS
  1
ACDBASSOCDEPENDENCY
  2
AcDbAssocDependency
  3
ObjectDBX Classes
 90
     1025
 91
        0
280
     0
281
     0
  0
CLASS
  1
ACDBASSOCOSNAPPOINTREFACTIONPARAM
  2
AcDbAssocOsnapPointRefActionParam
  3
ObjectDBX Classes
 90
     1025
 91
        0
280
     0
281
     0
  0
CLASS
  1
ACDBASSOCVERTEXACTIONPARAM
  2
AcDbAssocVertexActionParam
  3
ObjectDBX Classes
 90
     1025
 91
        0
280
     0
281
     0
  0
CLASS
  1
ACDBASSOCEDGEACTIONPARAM
  2
AcDbAssocEdgeActionParam
  3
ObjectDBX Classes
 90
     1025
 91
        0
280
     0
281
     0
  0
CLASS
  1
ACDBASSOCPERSSUBENTMANAGER
  2
AcDbAssocPersSubentManager
  3
ObjectDBX Classes
 90
     1024
 91
        1
280
     0
281
     0
  0
CLASS
  1
ACDBASSOCNETWORK
  2
AcDbAssocNetwork
  3
ObjectDBX Classes
 90
     1025
 91
        0
280
     0
281
     0
  0
CLASS
  1
SOLID_BACKGROUND
  2
AcDbSolidBackground
  3
SCENEOE
 90
     4095
 91
        0
280
     0
281
     0
  0
CLASS
  1
SURFACE
  2
AcDbSurface
  3
ObjectDBX Classes
 90
     4095
 91
        0
280
     0
281
     1
  0
CLASS
  1
ACDBPERSSUBENTMANAGER
  2
AcDbPersSubentManager
  3
AcDbPersSubentManager
 90
     1024
 91
        1
280
     0
281
     0
  0
CLASS
  1
ACSH_EXTRUSION_CLASS
  2
AcDbShExtrusion
  3
ObjectDBX Classes
 90
     1153
 91
        0
280
     0
281
     0
  0
CLASS
  1
ACSH_CYLINDER_CLASS
  2
AcDbShCylinder
  3
ObjectDBX Classes
 90
     1153
 91
        0
280
     0
281
     0
  0
CLASS
  1
ACARRAYJIGENTITY
  2
AcArrayJigEntity
  3
ACAD_ARRAY
 90
      129
 91
        0
280
     0
281
     1
  0
CLASS
  1
ACDBASSOCARRAYACTIONBODY
  2
AcDbAssocArrayActionBody
  3
ObjectDBX Classes
 90
     1025
 91
        0
280
     0
281
     0
  0
CLASS
  1
ACDBASSOCARRAYPOLARPARAMETERS
  2
AcDbAssocArrayPolarParameters
  3
ObjectDBX Classes
 90
     1025
 91
        0
280
     0
281
     0
  0
CLASS
  1
ACSH_BOX_CLASS
  2
AcDbShBox
  3
ObjectDBX Classes
 90
     1153
 91
        0
280
     0
281
     0
  0
CLASS
  1
ACSH_TORUS_CLASS
  2
AcDbShTorus
  3
ObjectDBX Classes
 90
     1153
 91
        0
280
     0
281
     0
  0
CLASS
  1
ACDBASSOCDIAMETRICDIMACTIONBODY
  2
AcDbAssocDiametricDimActionBody
  3
ObjectDBX Classes
 90
     1025
 91
        0
280
     0
281
     0
  0
CLASS
  1
SWEPTSURFACE
  2
AcDbSweptSurface
  3
ObjectDBX Classes
 90
        0
 91
        0
280
     0
281
     1
  0
CLASS
  1
ACDBASSOCSWEPTSURFACEACTIONBODY
  2
AcDbAssocSweptSurfaceActionBody
  3
ObjectDBX Classes
 90
     1025
 91
        0
280
     0
281
     0
  0
CLASS
  1
ACDBASSOCPATHACTIONPARAM
  2
AcDbAssocPathActionParam
  3
ObjectDBX Classes
 90
     1025
 91
        0
280
     0
281
     0
  0
CLASS
  1
MESH
  2
AcDbSubDMesh
  3
ObjectDBX Classes
 90
        0
 91
        0
280
     0
281
     1
  0
CLASS
  1
IMAGEDEF
  2
AcDbRasterImageDef
  3
ISM
 90
        0
 91
        2
280
     0
281
     0
  0
CLASS
  1
RASTERVARIABLES
  2
AcDbRasterVariables
  3
ISM
 90
        0
 91
        1
280
     0
281
     0
  0
CLASS
  1
IMAGEDEF_REACTOR
  2
AcDbRasterImageDefReactor
  3
ISM
 90
        1
 91
        0
280
     0
281
     0
  0
CLASS
  1
IMAGE
  2
AcDbRasterImage
  3
ISM
 90
     2175
 91
        0
280
     0
281
     1
  0
CLASS
  1
MENTALRAYRENDERSETTINGS
  2
AcDbMentalRayRenderSettings
  3
SCENEOE
 90
     1024
 91
        1
280
     0
281
     0
  0
ENDSEC
  0
SECTION
  2
TABLES
  0
TABLE
  2
VPORT
  5
8
330
0
100
AcDbSymbolTable
 70
     1
  0
VPORT
  5
94
330
8
100
AcDbSymbolTableRecord
100
AcDbViewportTableRecord
  2
*Active
 70
     0
 10
0.0
 20
0.0
 11
1.0
 21
1.0
 12
9.118125567896527
 22
4.82105855390094
 13
0.0
 23
0.0
 14
0.5
 24
0.5
 15
0.5
 25
0.5
 16
0.0000000000001705
 26
0.0
 36
802.5638039067453
 17
213.4437268394717
 27
66.62242266210852
 37
-0.0000000000000482
 40
190.1108534438124
 41
2.975193798449612
 42
50.0
 43
0.0
 44
0.0
 50
0.0
 51
0.0
 71
     0
 72
  1000
 73
     1
 74
     3
 75
     0
 76
     0
 77
     0
 78
     1
281
     0
 65
     1
110
0.0
120
0.0
130
0.0
111
1.0
121
0.0
131
0.0
112
0.0
122
1.0
132
0.0
 79
     0
146
0.0
348
9F
 60
     3
 61
     5
292
     1
282
     1
141
0.0
142
0.0
 63
   250
421
  3355443
1001
ACAD_NAV_VCDISPLAY
1070
     3
  0
ENDTAB
  0
TABLE
  2
LTYPE
  5
5
330
0
100
AcDbSymbolTable
 70
     3
  0
LTYPE
  5
14
330
5
100
AcDbSymbolTableRecord
100
AcDbLinetypeTableRecord
  2
ByBlock
 70
     0
  3

 72
    65
 73
     0
 40
0.0
  0
LTYPE
  5
15
330
5
100
AcDbSymbolTableRecord
100
AcDbLinetypeTableRecord
  2
ByLayer
 70
     0
  3

 72
    65
 73
     0
 40
0.0
  0
LTYPE
  5
16
330
5
100
AcDbSymbolTableRecord
100
AcDbLinetypeTableRecord
  2
Continuous
 70
     0
  3
Solid line
 72
    65
 73
     0
 40
0.0
  0
LTYPE
  5
5F4C
330
5
100
AcDbSymbolTableRecord
100
AcDbLinetypeTableRecord
  2
ACAD_ISO03W100
 70
     0
  3
ISO dash space __    __    __    __    __    __
 72
    65
 73
     2
 40
30.0
 49
12.0
 74
     0
 49
-18.0
 74
     0
  0
LTYPE
  5
5F50
330
5
100
AcDbSymbolTableRecord
100
AcDbLinetypeTableRecord
  2
BORDERX2
 70
     0
  3
Border (2x) ____  ____  .  ____  ____  .  ___
 72
    65
 73
     6
 40
3.5
 49
1.0
 74
     0
 49
-0.5
 74
     0
 49
1.0
 74
     0
 49
-0.5
 74
     0
 49
0.0
 74
     0
 49
-0.5
 74
     0
  0
ENDTAB
  0
TABLE
  2
LAYER
  5
2
102
{ACAD_XDICTIONARY
360
18E
102
}
330
0
100
AcDbSymbolTable
 70
     8
  0
LAYER
  5
10
102
{ACAD_XDICTIONARY
360
E6
102
}
330
2
100
AcDbSymbolTableRecord
100
AcDbLayerTableRecord
  2
0
 70
     0
 62
     7
  6
Continuous
370
    -3
390
F
347
98
348
0
  0
LAYER
  5
24C
330
2
100
AcDbSymbolTableRecord
100
AcDbLayerTableRecord
  2
Defpoints
 70
     0
 62
     7
  6
Continuous
290
     0
370
    -3
390
F
347
98
348
0
  0
LAYER
  5
475
330
2
100
AcDbSymbolTableRecord
100
AcDbLayerTableRecord
  2
BoarderOutline
 70
     0
 62
     6
  6
Continuous
370
    -3
390
F
347
98
348
0
1001
AcAecLayerStandard
1000

1000

1001
AcCmTransparency
1071
        0
  0
LAYER
  5
7BA
330
2
100
AcDbSymbolTableRecord
100
AcDbLayerTableRecord
  2
Nano
 70
     0
 62
     3
  6
Continuous
370
    -3
390
F
347
98
348
0
  0
LAYER
  5
4DA2
330
2
100
AcDbSymbolTableRecord
100
AcDbLayerTableRecord
  2
Breadboard
 70
     0
 62
     1
  6
Continuous
370
    -3
390
F
347
98
348
0
1001
AcAecLayerStandard
1000

1000

1001
AcCmTransparency
1071
        0
  0
LAYER
  5
A13E
330
2
100
AcDbSymbolTableRecord
100
AcDbLayerTableRecord
  2
Dim
 70
     0
 62
   130
  6
Continuous
370
    -3
390
F
347
98
348
0
1001
AcAecLayerStandard
1000

1000

1001
AcCmTransparency
1071
        0
  0
LAYER
  5
A13F
330
2
100
AcDbSymbolTableRecord
100
AcDbLayerTableRecord
  2
1M_15T v1_Sketch2
 70
     0
 62
    80
  6
Continuous
370
    -3
390
F
347
98
348
0
1001
NFusion_SketchTransform
1000
1.000000;0.000000;0.000000;0.000000;0.000000;1.000000;0.000000;0.000000;0.000000;0.000000;1.000000;0.000000;0.000000;0.000000;0.000000;1.000000
  0
LAYER
  5
A140
330
2
100
AcDbSymbolTableRecord
100
AcDbLayerTableRecord
  2
Cen
 70
     2
 62
     2
  6
BORDERX2
370
    -3
390
F
347
98
348
0
1001
AcAecLayerStandard
1000

1000

1001
AcCmTransparency
1071
        0
  0
ENDTAB
  0
TABLE
  2
STYLE
  5
3
330
0
100
AcDbSymbolTable
 70
     3
  0
STYLE
  5
11
330
3
100
AcDbSymbolTableRecord
100
AcDbTextStyleTableRecord
  2
Standard
 70
     0
 40
0.0
 41
1.0
 50
0.0
 71
     0
 42
0.2
  3
arial.ttf
  4

1001
ACAD
1000
Arial
1071
       34
  0
STYLE
  5
DC
330
3
100
AcDbSymbolTableRecord
100
AcDbTextStyleTableRecord
  2
Annotative
 70
     0
 40
0.0
 41
1.0
 50
0.0
 71
     0
 42
0.2
  3
arial.ttf
  4

1001
AcadAnnotative
1000
AnnotativeData
1002
{
1070
     1
1070
     1
1002
}
1001
ACAD
1000
Arial
1071
       34
  0
STYLE
  5
5F4B
330
3
100
AcDbSymbolTableRecord
100
AcDbTextStyleTableRecord
  2

 70
     1
 40
0.0
 41
1.0
 50
0.0
 71
     0
 42
0.2
  3
ltypeshp.shx
  4

  0
ENDTAB
  0
TABLE
  2
VIEW
  5
6
330
0
100
AcDbSymbolTable
 70
     2
  0
ENDTAB
  0
TABLE
  2
UCS
  5
7
330
0
100
AcDbSymbolTable
 70
     0
  0
ENDTAB
  0
TABLE
  2
APPID
  5
9
330
0
100
AcDbSymbolTable
 70
    19
  0
APPID
  5
12
330
9
100
AcDbSymbolTableRecord
100
AcDbRegAppTableRecord
  2
ACAD
 70
     0
  0
APPID
  5
DD
330
9
100
AcDbSymbolTableRecord
100
AcDbRegAppTableRecord
  2
AcadAnnoPO
 70
     0
  0
APPID
  5
DE
330
9
100
AcDbSymbolTableRecord
100
AcDbRegAppTableRecord
  2
AcadAnnotative
 70
     0
  0
APPID
  5
DF
330
9
100
AcDbSymbolTableRecord
100
AcDbRegAppTableRecord
  2
ACAD_DSTYLE_DIMJAG
 70
     0
  0
APPID
  5
E0
330
9
100
AcDbSymbolTableRecord
100
AcDbRegAppTableRecord
  2
ACAD_DSTYLE_DIMTALN
 70
     0
  0
APPID
  5
107
330
9
100
AcDbSymbolTableRecord
100
AcDbRegAppTableRecord
  2
ACAD_MLEADERVER
 70
     0
  0
APPID
  5
1A6
330
9
100
AcDbSymbolTableRecord
100
AcDbRegAppTableRecord
  2
ACAD_NAV_VCDISPLAY
 70
     0
  0
APPID
  5
3B5
330
9
100
AcDbSymbolTableRecord
100
AcDbRegAppTableRecord
  2
ACAD_DSTYLE_DIMRADIAL_EXTENSION
 70
     0
  0
APPID
  5
3F1
330
9
100
AcDbSymbolTableRecord
100
AcDbRegAppTableRecord
  2
ACAD_DSTYLE_DIMBREAK
 70
     0
  0
APPID
  5
453
330
9
100
AcDbSymbolTableRecord
100
AcDbRegAppTableRecord
  2
AcadAnnoMonitorAlertIconDisabled
 70
     0
  0
APPID
  5
454
330
9
100
AcDbSymbolTableRecord
100
AcDbRegAppTableRecord
  2
ACAD_EXEMPT_FROM_CAD_STANDARDS
 70
     0
  0
APPID
  5
476
330
9
100
AcDbSymbolTableRecord
100
AcDbRegAppTableRecord
  2
AcAecLayerStandard
 70
     0
  0
APPID
  5
477
330
9
100
AcDbSymbolTableRecord
100
AcDbRegAppTableRecord
  2
AcCmTransparency
 70
     0
  0
APPID
  5
252B
330
9
100
AcDbSymbolTableRecord
100
AcDbRegAppTableRecord
  2
GradientColor1ACI
 70
     0
  0
APPID
  5
252C
330
9
100
AcDbSymbolTableRecord
100
AcDbRegAppTableRecord
  2
GradientColor2ACI
 70
     0
  0
APPID
  5
2584
330
9
100
AcDbSymbolTableRecord
100
AcDbRegAppTableRecord
  2
NFusion_SketchTransform
 70
     0
  0
APPID
  5
2585
330
9
100
AcDbSymbolTableRecord
100
AcDbRegAppTableRecord
  2
ACAD_STEPID
 70
     0
  0
APPID
  5
3EEB
330
9
100
AcDbSymbolTableRecord
100
AcDbRegAppTableRecord
  2
ACAD_ASSOCPERSSUBENTMANAGER
 70
     0
  0
APPID
  5
5D8B
330
9
100
AcDbSymbolTableRecord
100
AcDbRegAppTableRecord
  2
Acad_TC
 70
     0
  0
ENDTAB
  0
TABLE
  2
DIMSTYLE
  5
A
330
0
100
AcDbSymbolTable
 70
     4
100
AcDbDimStyleTable
 71
     3
340
3F2
340
27
340
E1
  0
DIMSTYLE
105
27
330
A
100
AcDbSymbolTableRecord
100
AcDbDimStyleTableRecord
  2
Standard
 70
     0
340
11
  0
DIMSTYLE
105
E1
330
A
100
AcDbSymbolTableRecord
100
AcDbDimStyleTableRecord
  2
Annotative
 70
     0
 40
0.0
340
11
1001
AcadAnnotative
1000
AnnotativeData
1002
{
1070
     1
1070
     1
1002
}
1001
ACAD_DSTYLE_DIMJAG
1070
   388
1040
1.5
1001
ACAD_DSTYLE_DIMTALN
1070
   392
1070
     0
  0
DIMSTYLE
105
3F2
330
A
100
AcDbSymbolTableRecord
100
AcDbDimStyleTableRecord
  2
Dim_1
 70
     0
 42
1.479999999999999
 73
     0
140
2.0
340
11
1001
ACAD_DSTYLE_DIMBREAK
1070
   391
1040
0.125
1001
ACAD_DSTYLE_DIMJAG
1070
   388
1040
1.5
1001
ACAD_DSTYLE_DIMTALN
1070
   392
1070
     0
  0
DIMSTYLE
105
67EF
330
A
100
AcDbSymbolTableRecord
100
AcDbDimStyleTableRecord
  2
ISO-25
 70
     0
 41
2.5
 42
0.625
 43
3.75
 44
1.25
 73
     0
 74
     0
 77
     1
 78
     8
140
2.5
141
2.5
143
0.0393700787
147
0.625
171
     3
172
     1
271
     2
272
     2
274
     3
278
    44
283
     0
284
     8
340
11
  0
ENDTAB
  0
TABLE
  2
BLOCK_RECORD
  5
1
330
0
100
AcDbSymbolTable
 70
     4
  0
BLOCK_RECORD
  5
1F
102
{ACAD_XDICTIONARY
360
15D
102
}
330
1
100
AcDbSymbolTableRecord
100
AcDbBlockTableRecord
  2
*Model_Space
340
22
 70
     0
280
     1
281
     0
  0
BLOCK_RECORD
  5
58
330
1
100
AcDbSymbolTableRecord
100
AcDbBlockTableRecord
  2
*Paper_Space
340
59
 70
     0
280
     1
281
     0
  0
BLOCK_RECORD
  5
5D
330
1
100
AcDbSymbolTableRecord
100
AcDbBlockTableRecord
  2
*Paper_Space0
340
5E
 70
     0
280
     1
281
     0
  0
BLOCK_RECORD
  5
FE9
102
{ACAD_XDICTIONARY
360
11F3
102
}
330
1
100
AcDbSymbolTableRecord
100
AcDbBlockTableRecord
  2
A$C2ca3ad7b
340
0
 70
     0
280
     1
281
     0
  0
BLOCK_RECORD
  5
9FAD
102
{ACAD_XDICTIONARY
360
9FB9
102
}
330
1
100
AcDbSymbolTableRecord
100
AcDbBlockTableRecord
  2
A$C676a35cd
340
0
 70
     4
280
     1
281
     0
  0
BLOCK_RECORD
  5
A141
102
{ACAD_XDICTIONARY
360
A151
102
}
330
1
100
AcDbSymbolTableRecord
100
AcDbBlockTableRecord
  2
A$Cef78335e
340
0
 70
     4
280
     1
281
     0
  0
ENDTAB
  0
ENDSEC
  0
SECTION
  2
BLOCKS
  0
BLOCK
  5
20
330
1F
100
AcDbEntity
  8
0
100
AcDbBlockBegin
  2
*Model_Space
 70
     0
 10
0.0
 20
0.0
 30
0.0
  3
*Model_Space
  1

  0
ENDBLK
  5
21
330
1F
100
AcDbEntity
  8
0
100
AcDbBlockEnd
  0
BLOCK
  5
5A
330
58
100
AcDbEntity
 67
     1
  8
0
100
AcDbBlockBegin
  2
*Paper_Space
 70
     0
 10
0.0
 20
0.0
 30
0.0
  3
*Paper_Space
  1

  0
ENDBLK
  5
5B
330
58
100
AcDbEntity
 67
     1
  8
0
100
AcDbBlockEnd
  0
BLOCK
  5
5F
330
5D
100
AcDbEntity
 67
     1
  8
0
100
AcDbBlockBegin
  2
*Paper_Space0
 70
     0
 10
0.0
 20
0.0
 30
0.0
  3
*Paper_Space0
  1

  0
ENDBLK
  5
60
330
5D
100
AcDbEntity
 67
     1
  8
0
100
AcDbBlockEnd
  0
BLOCK
  5
11F4
330
FE9
100
AcDbEntity
  8
0
100
AcDbBlockBegin
  2
A$C2ca3ad7b
 70
     0
 10
0.0
 20
0.0
 30
0.0
  3
A$C2ca3ad7b
  1

  0
LINE
  5
FEA
330
FE9
100
AcDbEntity
  8
Nano
  6
Continuous
 62
     7
100
AcDbLine
 10
0.0818053670453771
 20
0.6868053670453791
 30
0.0
 11
0.0810495897329137
 21
0.6867779339728553
 31
0.0
  0
LINE
  5
FEB
330
FE9
100
AcDbEntity
  8
Nano
  6
Continuous
 62
     7
100
AcDbLine
 10
0.0810495897329137
 20
0.6867779339728553
 30
0.0
 11
0.0787879268455536
 21
0.686599423232217
 31
0.0
  0
LINE
  5
FEC
330
FE9
100
AcDbEntity
  8
Nano
  6
Continuous
 62
     7
100
AcDbLine
 10
0.0787879268455536
 20
0.686599423232217
 30
0.0
 11
0.0750373619128969
 21
0.6861195126690111
 31
0.0
  0
LINE
  5
FED
330
FE9
100
AcDbEntity
  8
Nano
  6
Continuous
 62
     7
100
AcDbLine
 10
0.0750373619128969
 20
0.6861195126690111
 30
0.0
 11
0.0698261221653172
 21
0.6851893883228871
 31
0.0
  0
LINE
  5
FEE
330
FE9
100
AcDbEntity
  8
Nano
  6
Continuous
 62
     7
100
AcDbLine
 10
0.0698261221653172
 20
0.6851893883228871
 30
0.0
 11
0.0631935608445977
 21
0.6836624914510506
 31
0.0
  0
LINE
  5
FEF
330
FE9
100
AcDbEntity
  8
Nano
  6
Continuous
 62
     7
100
AcDbLine
 10
0.0631935608445977
 20
0.6836624914510506
 30
0.0
 11
0.0551899930160013
 21
0.6813952570898062
 31
0.0
  0
LINE
  5
FF0
330
FE9
100
AcDbEntity
  8
Nano
  6
Continuous
 62
     7
100
AcDbLine
 10
0.0551899930160013
 20
0.6813952570898062
 30
0.0
 11
0.0458764854567532
 21
0.678247841377496
 31
0.0
  0
LINE
  5
FF1
330
FE9
100
AcDbEntity
  8
Nano
  6
Continuous
 62
     7
100
AcDbLine
 10
0.0458764854567532
 20
0.678247841377496
 30
0.0
 11
0.035324601356989
 21
0.6740848348996043
 31
0.0
  0
LINE
  5
FF2
330
FE9
100
AcDbEntity
  8
Nano
  6
Continuous
 62
     7
100
AcDbLine
 10
0.035324601356989
 20
0.6740848348996043
 30
0.0
 11
0.0236161007279566
 21
0.6687759593634436
 31
0.0
  0
LINE
  5
FF3
330
FE9
100
AcDbEntity
  8
Nano
  6
Continuous
 62
     7
100
AcDbLine
 10
0.0236161007279566
 20
0.6687759593634436
 30
0.0
 11
0.0108425975681458
 21
0.6621967449654651
 31
0.0
  0
LINE
  5
FF4
330
FE9
100
AcDbEntity
  8
Nano
  6
Continuous
 62
     7
100
AcDbLine
 10
0.0108425975681458
 20
0.6621967449654651
 30
0.0
 11
0.0000000000000003
 21
0.6559081536165705
 31
0.0
  0
LINE
  5
FF5
330
FE9
100
AcDbEntity
  8
Nano
  6
Continuous
 62
     7
100
AcDbLine
 10
0.0903621810525555
 20
0.5854124388761405
 30
0.0
 11
0.0896124955191693
 21
0.5853128220074188
 31
0.0
  0
LINE
  5
FF6
330
FE9
100
AcDbEntity
  8
Nano
  6
Continuous
 62
     7
100
AcDbLine
 10
0.0896124955191693
 20
0.5853128220074188
 30
0.0
 11
0.087352903544158
 21
0.5851097722424585
 31
0.0
  0
LINE
  5
FF7
330
FE9
100
AcDbEntity
  8
Nano
  6
Continuous
 62
     7
100
AcDbLine
 10
0.087352903544158
 20
0.5851097722424585
 30
0.0
 11
0.0835749557177621
 21
0.5849543319523745
 31
0.0
  0
LINE
  5
FF8
330
FE9
100
AcDbEntity
  8
Nano
  6
Continuous
 62
     7
100
AcDbLine
 10
0.0835749557177621
 20
0.5849543319523745
 30
0.0
 11
0.0782815400664666
 21
0.5849979409953045
 31
0.0
  0
LINE
  5
FF9
330
FE9
100
AcDbEntity
  8
Nano
  6
Continuous
 62
     7
100
AcDbLine
 10
0.0782815400664666
 20
0.5849979409953045
 30
0.0
 11
0.0714868912230438
 21
0.5853916805347275
 31
0.0
  0
LINE
  5
FFA
330
FE9
100
AcDbEntity
  8
Nano
  6
Continuous
 62
     7
100
AcDbLine
 10
0.0714868912230438
 20
0.5853916805347275
 30
0.0
 11
0.0632165523375397
 21
0.5862855174072405
 31
0.0
  0
LINE
  5
FFB
330
FE9
100
AcDbEntity
  8
Nano
  6
Continuous
 62
     7
100
AcDbLine
 10
0.0632165523375397
 20
0.5862855174072405
 30
0.0
 11
0.0535072898306915
 21
0.5878275518735805
 31
0.0
  0
LINE
  5
FFC
330
FE9
100
AcDbEntity
  8
Nano
  6
Continuous
 62
     7
100
AcDbLine
 10
0.0535072898306915
 20
0.5878275518735805
 30
0.0
 11
0.0424069612563585
 21
0.590163271576729
 31
0.0
  0
LINE
  5
FFD
330
FE9
100
AcDbEntity
  8
Nano
  6
Continuous
 62
     7
100
AcDbLine
 10
0.0424069612563585
 20
0.590163271576729
 30
0.0
 11
0.0299743367038357
 21
0.5934348145115688
 31
0.0
  0
LINE
  5
FFE
330
FE9
100
AcDbEntity
  8
Nano
  6
Continuous
 62
     7
100
AcDbLine
 10
0.0299743367038357
 20
0.5934348145115688
 30
0.0
 11
0.0162788743339331
 21
0.59778024378183
 31
0.0
  0
LINE
  5
FFF
330
FE9
100
AcDbEntity
  8
Nano
  6
Continuous
 62
     7
100
AcDbLine
 10
0.0162788743339331
 20
0.59778024378183
 30
0.0
 11
0.0045357137902851
 21
0.6021627640184361
 31
0.0
  0
LINE
  5
1000
330
FE9
100
AcDbEntity
  8
Nano
  6
Continuous
 62
     7
100
AcDbLine
 10
0.0903621810525555
 20
0.5854124388761405
 30
0.0
 11
0.1419224763044969
 21
0.5941774804352333
 31
0.0
  0
LINE
  5
1001
330
FE9
100
AcDbEntity
  8
Nano
  6
Continuous
 62
     7
100
AcDbLine
 10
0.0818053670453771
 20
0.6868053670453791
 30
0.0
 11
0.1341053670453771
 21
0.6868053670453791
 31
0.0
  0
ARC
  5
1002
330
FE9
100
AcDbEntity
  8
Nano
  6
Continuous
 62
     7
100
AcDbCircle
 10
0.6868053670453777
 20
0.6868053670453774
 30
0.0
 40
0.6875000000000006
100
AcDbArc
 50
182.575820196218
 51
187.0719997899415
  0
LINE
  5
1003
330
FE9
100
AcDbEntity
  8
Nano
  6
Continuous
 62
     7
100
AcDbLine
 10
0.1114161746868086
 20
0.4998500854485357
 30
0.0
 11
0.11070586503454
 21
0.4995904470126355
 31
0.0
  0
LINE
  5
1004
330
FE9
100
AcDbEntity
  8
Nano
  6
Continuous
 62
     7
100
AcDbLine
 10
0.11070586503454
 20
0.4995904470126355
 30
0.0
 11
0.1086100586603889
 21
0.4987217809417816
 31
0.0
  0
LINE
  5
1005
330
FE9
100
AcDbEntity
  8
Nano
  6
Continuous
 62
     7
100
AcDbLine
 10
0.1086100586603889
 20
0.4987217809417816
 30
0.0
 11
0.1051913599612085
 21
0.4971063705707082
 31
0.0
  0
LINE
  5
1006
330
FE9
100
AcDbEntity
  8
Nano
  6
Continuous
 62
     7
100
AcDbLine
 10
0.1051913599612085
 20
0.4971063705707082
 30
0.0
 11
0.1005226006711308
 21
0.4946114081065979
 31
0.0
  0
LINE
  5
1007
330
FE9
100
AcDbEntity
  8
Nano
  6
Continuous
 62
     7
100
AcDbLine
 10
0.1005226006711308
 20
0.4946114081065979
 30
0.0
 11
0.0946864970893884
 21
0.4911096687225906
 31
0.0
  0
LINE
  5
1008
330
FE9
100
AcDbEntity
  8
Nano
  6
Continuous
 62
     7
100
AcDbLine
 10
0.0946864970893884
 20
0.4911096687225906
 30
0.0
 11
0.0877752657002471
 21
0.4864801622346923
 31
0.0
  0
LINE
  5
1009
330
FE9
100
AcDbEntity
  8
Nano
  6
Continuous
 62
     7
100
AcDbLine
 10
0.0877752657002471
 20
0.4864801622346923
 30
0.0
 11
0.0798901985899269
 21
0.4806087598989625
 31
0.0
  0
LINE
  5
100A
330
FE9
100
AcDbEntity
  8
Nano
  6
Continuous
 62
     7
100
AcDbLine
 10
0.0798901985899269
 20
0.4806087598989625
 30
0.0
 11
0.071141200207016
 21
0.4733887939512828
 31
0.0
  0
LINE
  5
100B
330
FE9
100
AcDbEntity
  8
Nano
  6
Continuous
 62
     7
100
AcDbLine
 10
0.071141200207016
 20
0.4733887939512828
 30
0.0
 11
0.0616462871494241
 21
0.4647216276053965
 31
0.0
  0
LINE
  5
100C
330
FE9
100
AcDbEntity
  8
Nano
  6
Continuous
 62
     7
100
AcDbLine
 10
0.0616462871494241
 20
0.4647216276053965
 30
0.0
 11
0.0515310527919811
 21
0.4545171933260125
 31
0.0
  0
LINE
  5
100D
330
FE9
100
AcDbEntity
  8
Nano
  6
Continuous
 62
     7
100
AcDbLine
 10
0.0515310527919811
 20
0.4545171933260125
 30
0.0
 11
0.0431624113187177
 21
0.4451858406336035
 31
0.0
  0
LINE
  5
100E
330
FE9
100
AcDbEntity
  8
Nano
  6
Continuous
 62
     7
100
AcDbLine
 10
0.1508863263207942
 20
0.4060638813528586
 30
0.0
 11
0.1502041163144567
 21
0.4057374745104745
 31
0.0
  0
LINE
  5
100F
330
FE9
100
AcDbEntity
  8
Nano
  6
Continuous
 62
     7
100
AcDbLine
 10
0.1502041163144567
 20
0.4057374745104745
 30
0.0
 11
0.1481178624705305
 21
0.4048461103877452
 31
0.0
  0
LINE
  5
1010
330
FE9
100
AcDbEntity
  8
Nano
  6
Continuous
 62
     7
100
AcDbLine
 10
0.1481178624705305
 20
0.4048461103877452
 30
0.0
 11
0.1445728542632603
 21
0.4035308278047478
 31
0.0
  0
LINE
  5
1011
330
FE9
100
AcDbEntity
  8
Nano
  6
Continuous
 62
     7
100
AcDbLine
 10
0.1445728542632603
 20
0.4035308278047478
 30
0.0
 11
0.1395250408792628
 21
0.401936547074655
 31
0.0
  0
LINE
  5
1012
330
FE9
100
AcDbEntity
  8
Nano
  6
Continuous
 62
     7
100
AcDbLine
 10
0.1395250408792628
 20
0.401936547074655
 30
0.0
 11
0.1329412736117494
 21
0.4002113536659186
 31
0.0
  0
LINE
  5
1013
330
FE9
100
AcDbEntity
  8
Nano
  6
Continuous
 62
     7
100
AcDbLine
 10
0.1329412736117494
 20
0.4002113536659186
 30
0.0
 11
0.1247995031389159
 21
0.3985057677831661
 31
0.0
  0
LINE
  5
1014
330
FE9
100
AcDbEntity
  8
Nano
  6
Continuous
 62
     7
100
AcDbLine
 10
0.1247995031389159
 20
0.3985057677831661
 30
0.0
 11
0.1150889309073468
 21
0.396972002593267
 31
0.0
  0
LINE
  5
1015
330
FE9
100
AcDbEntity
  8
Nano
  6
Continuous
 62
     7
100
AcDbLine
 10
0.1150889309073468
 20
0.396972002593267
 30
0.0
 11
0.1038101140013408
 21
0.3957632138645708
 31
0.0
  0
LINE
  5
1016
330
FE9
100
AcDbEntity
  8
Nano
  6
Continuous
 62
     7
100
AcDbLine
 10
0.1038101140013408
 20
0.3957632138645708
 30
0.0
 11
0.09097502304132
 21
0.3950327438196766
 31
0.0
  0
LINE
  5
1017
330
FE9
100
AcDbEntity
  8
Nano
  6
Continuous
 62
     7
100
AcDbLine
 10
0.09097502304132
 20
0.3950327438196766
 30
0.0
 11
0.0766070528183839
 21
0.3949333620251357
 31
0.0
  0
LINE
  5
1018
330
FE9
100
AcDbEntity
  8
Nano
  6
Continuous
 62
     7
100
AcDbLine
 10
0.0766070528183839
 20
0.3949333620251357
 30
0.0
 11
0.064084370230144
 21
0.3954725502782946
 31
0.0
  0
LINE
  5
1019
330
FE9
100
AcDbEntity
  8
Nano
  6
Continuous
 62
     7
100
AcDbLine
 10
0.1508863263207942
 20
0.4060638813528586
 30
0.0
 11
0.1972145343040929
 21
0.4303329387110715
 31
0.0
  0
LINE
  5
101A
330
FE9
100
AcDbEntity
  8
Nano
  6
Continuous
 62
     7
100
AcDbLine
 10
0.1114161746868086
 20
0.4998500854485357
 30
0.0
 11
0.1611564304890451
 21
0.5160116742543455
 31
0.0
  0
ARC
  5
101B
330
FE9
100
AcDbEntity
  8
Nano
  6
Continuous
 62
     7
100
AcDbCircle
 10
0.6868053670453777
 20
0.6868053670453774
 30
0.0
 40
0.6875000000000006
100
AcDbArc
 50
200.575820196218
 51
205.0719997899415
  0
LINE
  5
101C
330
FE9
100
AcDbEntity
  8
Nano
  6
Continuous
 62
     7
100
AcDbLine
 10
0.1973500854485329
 20
0.3311952894084323
 30
0.0
 11
0.1967547735142418
 21
0.3307288608282693
 31
0.0
  0
LINE
  5
101D
330
FE9
100
AcDbEntity
  8
Nano
  6
Continuous
 62
     7
100
AcDbLine
 10
0.1967547735142418
 20
0.3307288608282693
 30
0.0
 11
0.1950299757835431
 21
0.3292550705145669
 31
0.0
  0
LINE
  5
101E
330
FE9
100
AcDbEntity
  8
Nano
  6
Continuous
 62
     7
100
AcDbLine
 10
0.1950299757835431
 20
0.3292550705145669
 30
0.0
 11
0.192277789365989
 21
0.3266622879579724
 31
0.0
  0
LINE
  5
101F
330
FE9
100
AcDbEntity
  8
Nano
  6
Continuous
 62
     7
100
AcDbLine
 10
0.192277789365989
 20
0.3266622879579724
 30
0.0
 11
0.1886085212218849
 21
0.3228467116852886
 31
0.0
  0
LINE
  5
1020
330
FE9
100
AcDbEntity
  8
Nano
  6
Continuous
 62
     7
100
AcDbLine
 10
0.1886085212218849
 20
0.3228467116852886
 30
0.0
 11
0.1841401538602258
 21
0.3177129044380704
 31
0.0
  0
LINE
  5
1021
330
FE9
100
AcDbEntity
  8
Nano
  6
Continuous
 62
     7
100
AcDbLine
 10
0.1841401538602258
 20
0.3177129044380704
 30
0.0
 11
0.1789977783922886
 21
0.3111742941742216
 31
0.0
  0
LINE
  5
1022
330
FE9
100
AcDbEntity
  8
Nano
  6
Continuous
 62
     7
100
AcDbLine
 10
0.1789977783922886
 20
0.3111742941742216
 30
0.0
 11
0.1733129970381473
 21
0.3031536389841594
 31
0.0
  0
LINE
  5
1023
330
FE9
100
AcDbEntity
  8
Nano
  6
Continuous
 62
     7
100
AcDbLine
 10
0.1733129970381473
 20
0.3031536389841594
 30
0.0
 11
0.1672232972916658
 21
0.2935834541381112
 31
0.0
  0
LINE
  5
1024
330
FE9
100
AcDbEntity
  8
Nano
  6
Continuous
 62
     7
100
AcDbLine
 10
0.1672232972916658
 20
0.2935834541381112
 30
0.0
 11
0.1608714000505403
 21
0.2824063996121332
 31
0.0
  0
LINE
  5
1025
330
FE9
100
AcDbEntity
  8
Nano
  6
Continuous
 62
     7
100
AcDbLine
 10
0.1608714000505403
 20
0.2824063996121332
 30
0.0
 11
0.1544045841113537
 21
0.2695756265770843
 31
0.0
  0
LINE
  5
1026
330
FE9
100
AcDbEntity
  8
Nano
  6
Continuous
 62
     7
100
AcDbLine
 10
0.1544045841113537
 20
0.2695756265770843
 30
0.0
 11
0.1493290796681295
 21
0.2581149303580512
 31
0.0
  0
LINE
  5
1027
330
FE9
100
AcDbEntity
  8
Nano
  6
Continuous
 62
     7
100
AcDbLine
 10
0.2638699612626743
 20
0.2541962564901089
 30
0.0
 11
0.2633220062520422
 21
0.2536750106500052
 31
0.0
  0
LINE
  5
1028
330
FE9
100
AcDbEntity
  8
Nano
  6
Continuous
 62
     7
100
AcDbLine
 10
0.2633220062520422
 20
0.2536750106500052
 30
0.0
 11
0.2616133076012299
 21
0.2521825851003385
 31
0.0
  0
LINE
  5
1029
330
FE9
100
AcDbEntity
  8
Nano
  6
Continuous
 62
     7
100
AcDbLine
 10
0.2616133076012299
 20
0.2521825851003385
 30
0.0
 11
0.2586482491159371
 21
0.2498362092477641
 31
0.0
  0
LINE
  5
102A
330
FE9
100
AcDbEntity
  8
Nano
  6
Continuous
 62
     7
100
AcDbLine
 10
0.2586482491159371
 20
0.2498362092477641
 30
0.0
 11
0.2543401531434478
 21
0.2467600980505173
 31
0.0
  0
LINE
  5
102B
330
FE9
100
AcDbEntity
  8
Nano
  6
Continuous
 62
     7
100
AcDbLine
 10
0.2543401531434478
 20
0.2467600980505173
 30
0.0
 11
0.2486117324637915
 21
0.2430848456445979
 31
0.0
  0
LINE
  5
102C
330
FE9
100
AcDbEntity
  8
Nano
  6
Continuous
 62
     7
100
AcDbLine
 10
0.2486117324637915
 20
0.2430848456445979
 30
0.0
 11
0.2413955036245601
 21
0.2389467916362994
 31
0.0
  0
LINE
  5
102D
330
FE9
100
AcDbEntity
  8
Nano
  6
Continuous
 62
     7
100
AcDbLine
 10
0.2413955036245601
 20
0.2389467916362994
 30
0.0
 11
0.2326341601358313
 21
0.2344873624133188
 31
0.0
  0
LINE
  5
102E
330
FE9
100
AcDbEntity
  8
Nano
  6
Continuous
 62
     7
100
AcDbLine
 10
0.2326341601358313
 20
0.2344873624133188
 30
0.0
 11
0.2222809040810503
 21
0.2298523899156688
 31
0.0
  0
LINE
  5
102F
330
FE9
100
AcDbEntity
  8
Nano
  6
Continuous
 62
     7
100
AcDbLine
 10
0.2222809040810503
 20
0.2298523899156688
 30
0.0
 11
0.2102997348440355
 21
0.2251914103885192
 31
0.0
  0
LINE
  5
1030
330
FE9
100
AcDbEntity
  8
Nano
  6
Continuous
 62
     7
100
AcDbLine
 10
0.2102997348440355
 20
0.2251914103885192
 30
0.0
 11
0.1966656938010223
 21
0.2206569457116595
 31
0.0
  0
LINE
  5
1031
330
FE9
100
AcDbEntity
  8
Nano
  6
Continuous
 62
     7
100
AcDbLine
 10
0.1966656938010223
 20
0.2206569457116595
 30
0.0
 11
0.1845892965905875
 21
0.2173000224784067
 31
0.0
  0
LINE
  5
1032
330
FE9
100
AcDbEntity
  8
Nano
  6
Continuous
 62
     7
100
AcDbLine
 10
0.2638699612626743
 20
0.2541962564901089
 30
0.0
 11
0.3004311541923196
 21
0.2915937052207547
 31
0.0
  0
LINE
  5
1033
330
FE9
100
AcDbEntity
  8
Nano
  6
Continuous
 62
     7
100
AcDbLine
 10
0.1973500854485329
 20
0.3311952894084323
 30
0.0
 11
0.2396616742543427
 21
0.3619364581033287
 31
0.0
  0
ARC
  5
1034
330
FE9
100
AcDbEntity
  8
Nano
  6
Continuous
 62
     7
100
AcDbCircle
 10
0.6868053670453777
 20
0.6868053670453774
 30
0.0
 40
0.6875000000000006
100
AcDbArc
 50
218.5758201962181
 51
223.0719997899415
  0
LINE
  5
1035
330
FE9
100
AcDbEntity
  8
Nano
  6
Continuous
 62
     7
100
AcDbLine
 10
0.3311952894084297
 20
0.1973500854485348
 30
0.0
 11
0.3307732484720263
 21
0.1967225240033342
 31
0.0
  0
LINE
  5
1036
330
FE9
100
AcDbEntity
  8
Nano
  6
Continuous
 62
     7
100
AcDbLine
 10
0.3307732484720263
 20
0.1967225240033342
 30
0.0
 11
0.3295882946040335
 21
0.1947878743111898
 31
0.0
  0
LINE
  5
1037
330
FE9
100
AcDbEntity
  8
Nano
  6
Continuous
 62
     7
100
AcDbLine
 10
0.3295882946040335
 20
0.1947878743111898
 30
0.0
 11
0.3277720236502664
 21
0.1914715191906921
 31
0.0
  0
LINE
  5
1038
330
FE9
100
AcDbEntity
  8
Nano
  6
Continuous
 62
     7
100
AcDbLine
 10
0.3277720236502664
 20
0.1914715191906921
 30
0.0
 11
0.3254614201833749
 21
0.1867088242996879
 31
0.0
  0
LINE
  5
1039
330
FE9
100
AcDbEntity
  8
Nano
  6
Continuous
 62
     7
100
AcDbLine
 10
0.3254614201833749
 20
0.1867088242996879
 30
0.0
 11
0.3227981839721043
 21
0.180445482011955
 31
0.0
  0
LINE
  5
103A
330
FE9
100
AcDbEntity
  8
Nano
  6
Continuous
 62
     7
100
AcDbLine
 10
0.3227981839721043
 20
0.180445482011955
 30
0.0
 11
0.3199280359652101
 21
0.1726378127019577
 31
0.0
  0
LINE
  5
103B
330
FE9
100
AcDbEntity
  8
Nano
  6
Continuous
 62
     7
100
AcDbLine
 10
0.3199280359652101
 20
0.1726378127019577
 30
0.0
 11
0.3170000063743914
 21
0.1632530222707571
 31
0.0
  0
LINE
  5
103C
330
FE9
100
AcDbEntity
  8
Nano
  6
Continuous
 62
     7
100
AcDbLine
 10
0.3170000063743914
 20
0.1632530222707571
 30
0.0
 11
0.3141657075049577
 21
0.1522694148984702
 31
0.0
  0
LINE
  5
103D
330
FE9
100
AcDbEntity
  8
Nano
  6
Continuous
 62
     7
100
AcDbLine
 10
0.3141657075049577
 20
0.1522694148984702
 30
0.0
 11
0.3115785940385308
 21
0.1396765601645215
 31
0.0
  0
LINE
  5
103E
330
FE9
100
AcDbEntity
  8
Nano
  6
Continuous
 62
     7
100
AcDbLine
 10
0.3115785940385308
 20
0.1396765601645215
 30
0.0
 11
0.3093932135186838
 21
0.1254754138357307
 31
0.0
  0
LINE
  5
103F
330
FE9
100
AcDbEntity
  8
Nano
  6
Continuous
 62
     7
100
AcDbLine
 10
0.3093932135186838
 20
0.1254754138357307
 30
0.0
 11
0.3081076718435206
 21
0.1130072268873579
 31
0.0
  0
LINE
  5
1040
330
FE9
100
AcDbEntity
  8
Nano
  6
Continuous
 62
     7
100
AcDbLine
 10
0.4182534604868113
 20
0.144675425533419
 30
0.0
 11
0.4178933981261521
 21
0.1440103638701585
 31
0.0
  0
LINE
  5
1041
330
FE9
100
AcDbEntity
  8
Nano
  6
Continuous
 62
     7
100
AcDbLine
 10
0.4178933981261521
 20
0.1440103638701585
 30
0.0
 11
0.4167295139975988
 21
0.142062965904696
 31
0.0
  0
LINE
  5
1042
330
FE9
100
AcDbEntity
  8
Nano
  6
Continuous
 62
     7
100
AcDbLine
 10
0.4167295139975988
 20
0.142062965904696
 30
0.0
 11
0.4146346458176015
 21
0.1389151763991566
 31
0.0
  0
LINE
  5
1043
330
FE9
100
AcDbEntity
  8
Nano
  6
Continuous
 62
     7
100
AcDbLine
 10
0.4146346458176015
 20
0.1389151763991566
 30
0.0
 11
0.4114879737066769
 21
0.134658345931269
 31
0.0
  0
LINE
  5
1044
330
FE9
100
AcDbEntity
  8
Nano
  6
Continuous
 62
     7
100
AcDbLine
 10
0.4114879737066769
 20
0.134658345931269
 30
0.0
 11
0.4071756373432564
 21
0.1293927938406469
 31
0.0
  0
LINE
  5
1045
330
FE9
100
AcDbEntity
  8
Nano
  6
Continuous
 62
     7
100
AcDbLine
 10
0.4071756373432564
 20
0.1293927938406469
 30
0.0
 11
0.4015913248948339
 21
0.1232273332646526
 31
0.0
  0
LINE
  5
1046
330
FE9
100
AcDbEntity
  8
Nano
  6
Continuous
 62
     7
100
AcDbLine
 10
0.4015913248948339
 20
0.1232273332646526
 30
0.0
 11
0.3946368314934914
 21
0.1162787600116063
 31
0.0
  0
LINE
  5
1047
330
FE9
100
AcDbEntity
  8
Nano
  6
Continuous
 62
     7
100
AcDbLine
 10
0.3946368314934914
 20
0.1162787600116063
 30
0.0
 11
0.3862225851279543
 21
0.1086713071468249
 31
0.0
  0
LINE
  5
1048
330
FE9
100
AcDbEntity
  8
Nano
  6
Continuous
 62
     7
100
AcDbLine
 10
0.3862225851279543
 20
0.1086713071468249
 30
0.0
 11
0.3762681379365792
 21
0.1005360672884907
 31
0.0
  0
LINE
  5
1049
330
FE9
100
AcDbEntity
  8
Nano
  6
Continuous
 62
     7
100
AcDbLine
 10
0.3762681379365792
 20
0.1005360672884907
 30
0.0
 11
0.3647026210047283
 21
0.0920103847253568
 31
0.0
  0
LINE
  5
104A
330
FE9
100
AcDbEntity
  8
Nano
  6
Continuous
 62
     7
100
AcDbLine
 10
0.3647026210047283
 20
0.0920103847253568
 30
0.0
 11
0.3542546310722629
 21
0.0850859490408225
 31
0.0
  0
LINE
  5
104B
330
FE9
100
AcDbEntity
  8
Nano
  6
Continuous
 62
     7
100
AcDbLine
 10
0.4182534604868113
 20
0.144675425533419
 30
0.0
 11
0.4414687740620394
 21
0.1915405427913952
 31
0.0
  0
LINE
  5
104C
330
FE9
100
AcDbEntity
  8
Nano
  6
Continuous
 62
     7
100
AcDbLine
 10
0.3311952894084297
 20
0.1973500854485348
 30
0.0
 11
0.361936458103326
 21
0.2396616742543447
 31
0.0
  0
ARC
  5
104D
330
FE9
100
AcDbEntity
  8
Nano
  6
Continuous
 62
     7
100
AcDbCircle
 10
0.6868053670453777
 20
0.6868053670453774
 30
0.0
 40
0.6875000000000002
100
AcDbArc
 50
236.5758201962181
 51
241.0719997899416
  0
LINE
  5
104E
330
FE9
100
AcDbEntity
  8
Nano
  6
Continuous
 62
     7
100
AcDbLine
 10
0.4998500854485325
 20
0.1114161746868096
 30
0.0
 11
0.4996426278174044
 21
0.1106889104633055
 31
0.0
  0
LINE
  5
104F
330
FE9
100
AcDbEntity
  8
Nano
  6
Continuous
 62
     7
100
AcDbLine
 10
0.4996426278174044
 20
0.1106889104633055
 30
0.0
 11
0.4991135093527756
 21
0.1084827783840829
 31
0.0
  0
LINE
  5
1050
330
FE9
100
AcDbEntity
  8
Nano
  6
Continuous
 62
     7
100
AcDbLine
 10
0.4991135093527756
 20
0.1084827783840829
 30
0.0
 11
0.4984109431184538
 21
0.1047674786452812
 31
0.0
  0
LINE
  5
1051
330
FE9
100
AcDbEntity
  8
Nano
  6
Continuous
 62
     7
100
AcDbLine
 10
0.4984109431184538
 20
0.1047674786452812
 30
0.0
 11
0.4976851822950354
 21
0.0995238708955351
 31
0.0
  0
LINE
  5
1052
330
FE9
100
AcDbEntity
  8
Nano
  6
Continuous
 62
     7
100
AcDbLine
 10
0.4976851822950354
 20
0.0995238708955351
 30
0.0
 11
0.4970877733503701
 21
0.092744093149682
 31
0.0
  0
LINE
  5
1053
330
FE9
100
AcDbEntity
  8
Nano
  6
Continuous
 62
     7
100
AcDbLine
 10
0.4970877733503701
 20
0.092744093149682
 30
0.0
 11
0.4967708028889307
 21
0.0844316338648299
 31
0.0
  0
LINE
  5
1054
330
FE9
100
AcDbEntity
  8
Nano
  6
Continuous
 62
     7
100
AcDbLine
 10
0.4967708028889307
 20
0.0844316338648299
 30
0.0
 11
0.4968861409985661
 21
0.0746013568675763
 31
0.0
  0
LINE
  5
1055
330
FE9
100
AcDbEntity
  8
Nano
  6
Continuous
 62
     7
100
AcDbLine
 10
0.4968861409985661
 20
0.0746013568675763
 30
0.0
 11
0.4975846839272417
 21
0.0632794789859425
 31
0.0
  0
LINE
  5
1056
330
FE9
100
AcDbEntity
  8
Nano
  6
Continuous
 62
     7
100
AcDbLine
 10
0.4975846839272417
 20
0.0632794789859425
 30
0.0
 11
0.4990155989270865
 21
0.0505035004049604
 31
0.0
  0
LINE
  5
1057
330
FE9
100
AcDbEntity
  8
Nano
  6
Continuous
 62
     7
100
AcDbLine
 10
0.4990155989270865
 20
0.0505035004049604
 30
0.0
 11
0.5013255740983034
 21
0.036322087930294
 31
0.0
  0
LINE
  5
1058
330
FE9
100
AcDbEntity
  8
Nano
  6
Continuous
 62
     7
100
AcDbLine
 10
0.5013255740983034
 20
0.036322087930294
 30
0.0
 11
0.5039558329672614
 21
0.0240668832620555
 31
0.0
  0
LINE
  5
1059
330
FE9
100
AcDbEntity
  8
Nano
  6
Continuous
 62
     7
100
AcDbLine
 10
0.598924691436057
 20
0.0882220504933291
 30
0.0
 11
0.5987877671379345
 21
0.0874782738762685
 31
0.0
  0
LINE
  5
105A
330
FE9
100
AcDbEntity
  8
Nano
  6
Continuous
 62
     7
100
AcDbLine
 10
0.5987877671379345
 20
0.0874782738762685
 30
0.0
 11
0.5982826266194003
 21
0.0852665283761893
 31
0.0
  0
LINE
  5
105B
330
FE9
100
AcDbEntity
  8
Nano
  6
Continuous
 62
     7
100
AcDbLine
 10
0.5982826266194003
 20
0.0852665283761893
 30
0.0
 11
0.5972630090379613
 21
0.0816254527864259
 31
0.0
  0
LINE
  5
105C
330
FE9
100
AcDbEntity
  8
Nano
  6
Continuous
 62
     7
100
AcDbLine
 10
0.5972630090379613
 20
0.0816254527864259
 30
0.0
 11
0.5955857789789727
 21
0.0766045912731764
 31
0.0
  0
LINE
  5
105D
330
FE9
100
AcDbEntity
  8
Nano
  6
Continuous
 62
     7
100
AcDbLine
 10
0.5955857789789727
 20
0.0766045912731764
 30
0.0
 11
0.5931116484608539
 21
0.0702641684237408
 31
0.0
  0
LINE
  5
105E
330
FE9
100
AcDbEntity
  8
Nano
  6
Continuous
 62
     7
100
AcDbLine
 10
0.5931116484608539
 20
0.0702641684237408
 30
0.0
 11
0.5897058838138846
 21
0.0626748195185182
 31
0.0
  0
LINE
  5
105F
330
FE9
100
AcDbEntity
  8
Nano
  6
Continuous
 62
     7
100
AcDbLine
 10
0.5897058838138846
 20
0.0626748195185182
 30
0.0
 11
0.5852389947688566
 21
0.0539172769989711
 31
0.0
  0
LINE
  5
1060
330
FE9
100
AcDbEntity
  8
Nano
  6
Continuous
 62
     7
100
AcDbLine
 10
0.5852389947688566
 20
0.0539172769989711
 30
0.0
 11
0.5795874031523234
 21
0.0440820142577037
 31
0.0
  0
LINE
  5
1061
330
FE9
100
AcDbEntity
  8
Nano
  6
Continuous
 62
     7
100
AcDbLine
 10
0.5795874031523235
 20
0.0440820142577037
 30
0.0
 11
0.5726340886543921
 21
0.0332688480270685
 31
0.0
  0
LINE
  5
1062
330
FE9
100
AcDbEntity
  8
Nano
  6
Continuous
 62
     7
100
AcDbLine
 10
0.5726340886543921
 20
0.0332688480270685
 30
0.0
 11
0.5642692092126877
 21
0.0215865007888625
 31
0.0
  0
LINE
  5
1063
330
FE9
100
AcDbEntity
  8
Nano
  6
Continuous
 62
     7
100
AcDbLine
 10
0.5642692092126877
 20
0.0215865007888625
 30
0.0
 11
0.556472348608208
 21
0.0117723646632294
 31
0.0
  0
LINE
  5
1064
330
FE9
100
AcDbEntity
  8
Nano
  6
Continuous
 62
     7
100
AcDbLine
 10
0.598924691436057
 20
0.0882220504933291
 30
0.0
 11
0.6065216490135238
 21
0.1399673520729525
 31
0.0
  0
LINE
  5
1065
330
FE9
100
AcDbEntity
  8
Nano
  6
Continuous
 62
     7
100
AcDbLine
 10
0.4998500854485325
 20
0.1114161746868096
 30
0.0
 11
0.5160116742543424
 21
0.1611564304890461
 31
0.0
  0
ARC
  5
1066
330
FE9
100
AcDbEntity
  8
Nano
  6
Continuous
 62
     7
100
AcDbCircle
 10
0.6868053670453777
 20
0.6868053670453774
 30
0.0
 40
0.6875000000000006
100
AcDbArc
 50
254.575820196218
 51
259.0719997899416
  0
LINE
  5
1067
330
FE9
100
AcDbEntity
  8
Nano
  6
Continuous
 62
     7
100
AcDbLine
 10
0.6868053670453757
 20
0.0818053670453769
 30
0.0
 11
0.6868328001178999
 21
0.0810495897329136
 31
0.0
  0
LINE
  5
1068
330
FE9
100
AcDbEntity
  8
Nano
  6
Continuous
 62
     7
100
AcDbLine
 10
0.6868328001178999
 20
0.0810495897329136
 30
0.0
 11
0.687011310858538
 21
0.0787879268455533
 31
0.0
  0
LINE
  5
1069
330
FE9
100
AcDbEntity
  8
Nano
  6
Continuous
 62
     7
100
AcDbLine
 10
0.687011310858538
 20
0.0787879268455533
 30
0.0
 11
0.6874912214217439
 21
0.0750373619128969
 31
0.0
  0
LINE
  5
106A
330
FE9
100
AcDbEntity
  8
Nano
  6
Continuous
 62
     7
100
AcDbLine
 10
0.6874912214217439
 20
0.0750373619128969
 30
0.0
 11
0.6884213457678678
 21
0.0698261221653172
 31
0.0
  0
LINE
  5
106B
330
FE9
100
AcDbEntity
  8
Nano
  6
Continuous
 62
     7
100
AcDbLine
 10
0.6884213457678678
 20
0.0698261221653172
 30
0.0
 11
0.6899482426397045
 21
0.0631935608445975
 31
0.0
  0
LINE
  5
106C
330
FE9
100
AcDbEntity
  8
Nano
  6
Continuous
 62
     7
100
AcDbLine
 10
0.6899482426397045
 20
0.0631935608445975
 30
0.0
 11
0.6922154770009487
 21
0.0551899930160011
 31
0.0
  0
LINE
  5
106D
330
FE9
100
AcDbEntity
  8
Nano
  6
Continuous
 62
     7
100
AcDbLine
 10
0.6922154770009487
 20
0.0551899930160011
 30
0.0
 11
0.6953628927132591
 21
0.0458764854567532
 31
0.0
  0
LINE
  5
106E
330
FE9
100
AcDbEntity
  8
Nano
  6
Continuous
 62
     7
100
AcDbLine
 10
0.6953628927132591
 20
0.0458764854567532
 30
0.0
 11
0.6995258991911505
 21
0.0353246013569888
 31
0.0
  0
LINE
  5
106F
330
FE9
100
AcDbEntity
  8
Nano
  6
Continuous
 62
     7
100
AcDbLine
 10
0.6995258991911505
 20
0.0353246013569888
 30
0.0
 11
0.7048347747273112
 21
0.0236161007279565
 31
0.0
  0
LINE
  5
1070
330
FE9
100
AcDbEntity
  8
Nano
  6
Continuous
 62
     7
100
AcDbLine
 10
0.7048347747273112
 20
0.0236161007279565
 30
0.0
 11
0.7114139891252897
 21
0.0108425975681458
 31
0.0
  0
LINE
  5
1071
330
FE9
100
AcDbEntity
  8
Nano
  6
Continuous
 62
     7
100
AcDbLine
 10
0.7114139891252897
 20
0.0108425975681458
 30
0.0
 11
0.7177025804741845
 21
0.0000000000000002
 31
0.0
  0
LINE
  5
1072
330
FE9
100
AcDbEntity
  8
Nano
  6
Continuous
 62
     7
100
AcDbLine
 10
0.7881982952146143
 20
0.0903621810525554
 30
0.0
 11
0.7882979120833362
 21
0.0896124955191692
 31
0.0
  0
LINE
  5
1073
330
FE9
100
AcDbEntity
  8
Nano
  6
Continuous
 62
     7
100
AcDbLine
 10
0.7882979120833362
 20
0.0896124955191692
 30
0.0
 11
0.7885009618482967
 21
0.0873529035441579
 31
0.0
  0
LINE
  5
1074
330
FE9
100
AcDbEntity
  8
Nano
  6
Continuous
 62
     7
100
AcDbLine
 10
0.7885009618482967
 20
0.0873529035441579
 30
0.0
 11
0.7886564021383803
 21
0.0835749557177622
 31
0.0
  0
LINE
  5
1075
330
FE9
100
AcDbEntity
  8
Nano
  6
Continuous
 62
     7
100
AcDbLine
 10
0.7886564021383803
 20
0.0835749557177622
 30
0.0
 11
0.7886127930954504
 21
0.0782815400664666
 31
0.0
  0
LINE
  5
1076
330
FE9
100
AcDbEntity
  8
Nano
  6
Continuous
 62
     7
100
AcDbLine
 10
0.7886127930954504
 20
0.0782815400664666
 30
0.0
 11
0.7882190535560274
 21
0.0714868912230439
 31
0.0
  0
LINE
  5
1077
330
FE9
100
AcDbEntity
  8
Nano
  6
Continuous
 62
     7
100
AcDbLine
 10
0.7882190535560274
 20
0.0714868912230439
 30
0.0
 11
0.7873252166835144
 21
0.0632165523375395
 31
0.0
  0
LINE
  5
1078
330
FE9
100
AcDbEntity
  8
Nano
  6
Continuous
 62
     7
100
AcDbLine
 10
0.7873252166835144
 20
0.0632165523375395
 30
0.0
 11
0.7857831822171744
 21
0.0535072898306913
 31
0.0
  0
LINE
  5
1079
330
FE9
100
AcDbEntity
  8
Nano
  6
Continuous
 62
     7
100
AcDbLine
 10
0.7857831822171744
 20
0.0535072898306913
 30
0.0
 11
0.7834474625140258
 21
0.0424069612563586
 31
0.0
  0
LINE
  5
107A
330
FE9
100
AcDbEntity
  8
Nano
  6
Continuous
 62
     7
100
AcDbLine
 10
0.7834474625140258
 20
0.0424069612563586
 30
0.0
 11
0.7801759195791859
 21
0.0299743367038355
 31
0.0
  0
LINE
  5
107B
330
FE9
100
AcDbEntity
  8
Nano
  6
Continuous
 62
     7
100
AcDbLine
 10
0.7801759195791859
 20
0.0299743367038355
 30
0.0
 11
0.7758304903089251
 21
0.016278874333933
 31
0.0
  0
LINE
  5
107C
330
FE9
100
AcDbEntity
  8
Nano
  6
Continuous
 62
     7
100
AcDbLine
 10
0.7758304903089251
 20
0.016278874333933
 30
0.0
 11
0.7714479700723189
 21
0.0045357137902848
 31
0.0
  0
LINE
  5
107D
330
FE9
100
AcDbEntity
  8
Nano
  6
Continuous
 62
     7
100
AcDbLine
 10
0.7881982952146143
 20
0.0903621810525554
 30
0.0
 11
0.7794332536555216
 21
0.1419224763044968
 31
0.0
  0
LINE
  5
107E
330
FE9
100
AcDbEntity
  8
Nano
  6
Continuous
 62
     7
100
AcDbLine
 10
0.6868053670453757
 20
0.0818053670453769
 30
0.0
 11
0.6868053670453757
 21
0.134105367045377
 31
0.0
  0
ARC
  5
107F
330
FE9
100
AcDbEntity
  8
Nano
  6
Continuous
 62
     7
100
AcDbCircle
 10
0.6868053670453777
 20
0.6868053670453774
 30
0.0
 40
0.6875000000000006
100
AcDbArc
 50
272.5758201962181
 51
277.0719997899416
  0
LINE
  5
1080
330
FE9
100
AcDbEntity
  8
Nano
  6
Continuous
 62
     7
100
AcDbLine
 10
0.873760648642219
 20
0.1114161746868086
 30
0.0
 11
0.8740202870781194
 21
0.1107058650345402
 31
0.0
  0
LINE
  5
1081
330
FE9
100
AcDbEntity
  8
Nano
  6
Continuous
 62
     7
100
AcDbLine
 10
0.8740202870781194
 20
0.1107058650345402
 30
0.0
 11
0.8748889531489734
 21
0.108610058660389
 31
0.0
  0
LINE
  5
1082
330
FE9
100
AcDbEntity
  8
Nano
  6
Continuous
 62
     7
100
AcDbLine
 10
0.8748889531489734
 20
0.108610058660389
 30
0.0
 11
0.8765043635200468
 21
0.1051913599612085
 31
0.0
  0
LINE
  5
1083
330
FE9
100
AcDbEntity
  8
Nano
  6
Continuous
 62
     7
100
AcDbLine
 10
0.8765043635200468
 20
0.1051913599612085
 30
0.0
 11
0.8789993259841571
 21
0.1005226006711307
 31
0.0
  0
LINE
  5
1084
330
FE9
100
AcDbEntity
  8
Nano
  6
Continuous
 62
     7
100
AcDbLine
 10
0.8789993259841571
 20
0.1005226006711307
 30
0.0
 11
0.8825010653681644
 21
0.0946864970893886
 31
0.0
  0
LINE
  5
1085
330
FE9
100
AcDbEntity
  8
Nano
  6
Continuous
 62
     7
100
AcDbLine
 10
0.8825010653681644
 20
0.0946864970893886
 30
0.0
 11
0.8871305718560627
 21
0.0877752657002472
 31
0.0
  0
LINE
  5
1086
330
FE9
100
AcDbEntity
  8
Nano
  6
Continuous
 62
     7
100
AcDbLine
 10
0.8871305718560627
 20
0.0877752657002472
 30
0.0
 11
0.8930019741917924
 21
0.0798901985899268
 31
0.0
  0
LINE
  5
1087
330
FE9
100
AcDbEntity
  8
Nano
  6
Continuous
 62
     7
100
AcDbLine
 10
0.8930019741917924
 20
0.0798901985899268
 30
0.0
 11
0.9002219401394722
 21
0.0711412002070162
 31
0.0
  0
LINE
  5
1088
330
FE9
100
AcDbEntity
  8
Nano
  6
Continuous
 62
     7
100
AcDbLine
 10
0.9002219401394722
 20
0.0711412002070162
 30
0.0
 11
0.9088891064853584
 21
0.0616462871494241
 31
0.0
  0
LINE
  5
1089
330
FE9
100
AcDbEntity
  8
Nano
  6
Continuous
 62
     7
100
AcDbLine
 10
0.9088891064853584
 20
0.0616462871494241
 30
0.0
 11
0.9190935407647423
 21
0.0515310527919811
 31
0.0
  0
LINE
  5
108A
330
FE9
100
AcDbEntity
  8
Nano
  6
Continuous
 62
     7
100
AcDbLine
 10
0.9190935407647423
 20
0.0515310527919811
 30
0.0
 11
0.9284248934571516
 21
0.0431624113187179
 31
0.0
  0
LINE
  5
108B
330
FE9
100
AcDbEntity
  8
Nano
  6
Continuous
 62
     7
100
AcDbLine
 10
0.9675468527378964
 20
0.1508863263207942
 30
0.0
 11
0.9678732595802806
 21
0.1502041163144566
 31
0.0
  0
LINE
  5
108C
330
FE9
100
AcDbEntity
  8
Nano
  6
Continuous
 62
     7
100
AcDbLine
 10
0.9678732595802806
 20
0.1502041163144566
 30
0.0
 11
0.9687646237030099
 21
0.1481178624705305
 31
0.0
  0
LINE
  5
108D
330
FE9
100
AcDbEntity
  8
Nano
  6
Continuous
 62
     7
100
AcDbLine
 10
0.9687646237030099
 20
0.1481178624705305
 30
0.0
 11
0.970079906286007
 21
0.1445728542632602
 31
0.0
  0
LINE
  5
108E
330
FE9
100
AcDbEntity
  8
Nano
  6
Continuous
 62
     7
100
AcDbLine
 10
0.970079906286007
 20
0.1445728542632602
 30
0.0
 11
0.9716741870160998
 21
0.139525040879263
 31
0.0
  0
LINE
  5
108F
330
FE9
100
AcDbEntity
  8
Nano
  6
Continuous
 62
     7
100
AcDbLine
 10
0.9716741870160998
 20
0.139525040879263
 30
0.0
 11
0.9733993804248363
 21
0.1329412736117493
 31
0.0
  0
LINE
  5
1090
330
FE9
100
AcDbEntity
  8
Nano
  6
Continuous
 62
     7
100
AcDbLine
 10
0.9733993804248363
 20
0.1329412736117493
 30
0.0
 11
0.9751049663075887
 21
0.1247995031389156
 31
0.0
  0
LINE
  5
1091
330
FE9
100
AcDbEntity
  8
Nano
  6
Continuous
 62
     7
100
AcDbLine
 10
0.9751049663075887
 20
0.1247995031389156
 30
0.0
 11
0.9766387314974879
 21
0.1150889309073468
 31
0.0
  0
LINE
  5
1092
330
FE9
100
AcDbEntity
  8
Nano
  6
Continuous
 62
     7
100
AcDbLine
 10
0.9766387314974879
 20
0.1150889309073468
 30
0.0
 11
0.9778475202261843
 21
0.1038101140013409
 31
0.0
  0
LINE
  5
1093
330
FE9
100
AcDbEntity
  8
Nano
  6
Continuous
 62
     7
100
AcDbLine
 10
0.9778475202261843
 20
0.1038101140013409
 30
0.0
 11
0.9785779902710782
 21
0.0909750230413198
 31
0.0
  0
LINE
  5
1094
330
FE9
100
AcDbEntity
  8
Nano
  6
Continuous
 62
     7
100
AcDbLine
 10
0.9785779902710782
 20
0.0909750230413198
 30
0.0
 11
0.9786773720656192
 21
0.076607052818384
 31
0.0
  0
LINE
  5
1095
330
FE9
100
AcDbEntity
  8
Nano
  6
Continuous
 62
     7
100
AcDbLine
 10
0.9786773720656192
 20
0.076607052818384
 30
0.0
 11
0.9781381838124604
 21
0.064084370230144
 31
0.0
  0
LINE
  5
1096
330
FE9
100
AcDbEntity
  8
Nano
  6
Continuous
 62
     7
100
AcDbLine
 10
0.9675468527378964
 20
0.1508863263207942
 30
0.0
 11
0.9432777953796831
 21
0.1972145343040928
 31
0.0
  0
LINE
  5
1097
330
FE9
100
AcDbEntity
  8
Nano
  6
Continuous
 62
     7
100
AcDbLine
 10
0.873760648642219
 20
0.1114161746868086
 30
0.0
 11
0.8575990598364095
 21
0.1611564304890451
 31
0.0
  0
ARC
  5
1098
330
FE9
100
AcDbEntity
  8
Nano
  6
Continuous
 62
     7
100
AcDbCircle
 10
0.6868053670453777
 20
0.6868053670453774
 30
0.0
 40
0.6875000000000006
100
AcDbArc
 50
290.5758201962181
 51
295.0719997899416
  0
LINE
  5
1099
330
FE9
100
AcDbEntity
  8
Nano
  6
Continuous
 62
     7
100
AcDbLine
 10
1.042415444682321
 20
0.1973500854485329
 30
0.0
 11
1.042881873262484
 21
0.1967547735142417
 31
0.0
  0
LINE
  5
109A
330
FE9
100
AcDbEntity
  8
Nano
  6
Continuous
 62
     7
100
AcDbLine
 10
1.042881873262484
 20
0.1967547735142417
 30
0.0
 11
1.044355663576187
 21
0.1950299757835432
 31
0.0
  0
LINE
  5
109B
330
FE9
100
AcDbEntity
  8
Nano
  6
Continuous
 62
     7
100
AcDbLine
 10
1.044355663576187
 20
0.1950299757835432
 30
0.0
 11
1.046948446132782
 21
0.192277789365989
 31
0.0
  0
LINE
  5
109C
330
FE9
100
AcDbEntity
  8
Nano
  6
Continuous
 62
     7
100
AcDbLine
 10
1.046948446132782
 20
0.192277789365989
 30
0.0
 11
1.050764022405465
 21
0.1886085212218847
 31
0.0
  0
LINE
  5
109D
330
FE9
100
AcDbEntity
  8
Nano
  6
Continuous
 62
     7
100
AcDbLine
 10
1.050764022405465
 20
0.1886085212218847
 30
0.0
 11
1.055897829652683
 21
0.1841401538602256
 31
0.0
  0
LINE
  5
109E
330
FE9
100
AcDbEntity
  8
Nano
  6
Continuous
 62
     7
100
AcDbLine
 10
1.055897829652683
 20
0.1841401538602256
 30
0.0
 11
1.062436439916532
 21
0.1789977783922887
 31
0.0
  0
LINE
  5
109F
330
FE9
100
AcDbEntity
  8
Nano
  6
Continuous
 62
     7
100
AcDbLine
 10
1.062436439916532
 20
0.1789977783922887
 30
0.0
 11
1.070457095106595
 21
0.1733129970381472
 31
0.0
  0
LINE
  5
10A0
330
FE9
100
AcDbEntity
  8
Nano
  6
Continuous
 62
     7
100
AcDbLine
 10
1.070457095106595
 20
0.1733129970381472
 30
0.0
 11
1.080027279952642
 21
0.1672232972916657
 31
0.0
  0
LINE
  5
10A1
330
FE9
100
AcDbEntity
  8
Nano
  6
Continuous
 62
     7
100
AcDbLine
 10
1.080027279952642
 20
0.1672232972916657
 30
0.0
 11
1.091204334478621
 21
0.1608714000505402
 31
0.0
  0
LINE
  5
10A2
330
FE9
100
AcDbEntity
  8
Nano
  6
Continuous
 62
     7
100
AcDbLine
 10
1.091204334478621
 20
0.1608714000505402
 30
0.0
 11
1.104035107513669
 21
0.1544045841113536
 31
0.0
  0
LINE
  5
10A3
330
FE9
100
AcDbEntity
  8
Nano
  6
Continuous
 62
     7
100
AcDbLine
 10
1.104035107513669
 20
0.1544045841113536
 30
0.0
 11
1.115495803732702
 21
0.1493290796681292
 31
0.0
  0
LINE
  5
10A4
330
FE9
100
AcDbEntity
  8
Nano
  6
Continuous
 62
     7
100
AcDbLine
 10
1.119414477600644
 20
0.2638699612626742
 30
0.0
 11
1.119935723440748
 21
0.2633220062520421
 31
0.0
  0
LINE
  5
10A5
330
FE9
100
AcDbEntity
  8
Nano
  6
Continuous
 62
     7
100
AcDbLine
 10
1.119935723440748
 20
0.2633220062520421
 30
0.0
 11
1.121428148990416
 21
0.2616133076012298
 31
0.0
  0
LINE
  5
10A6
330
FE9
100
AcDbEntity
  8
Nano
  6
Continuous
 62
     7
100
AcDbLine
 10
1.121428148990416
 20
0.2616133076012298
 30
0.0
 11
1.12377452484299
 21
0.2586482491159371
 31
0.0
  0
LINE
  5
10A7
330
FE9
100
AcDbEntity
  8
Nano
  6
Continuous
 62
     7
100
AcDbLine
 10
1.12377452484299
 20
0.2586482491159371
 30
0.0
 11
1.126850636040237
 21
0.2543401531434479
 31
0.0
  0
LINE
  5
10A8
330
FE9
100
AcDbEntity
  8
Nano
  6
Continuous
 62
     7
100
AcDbLine
 10
1.126850636040237
 20
0.2543401531434479
 30
0.0
 11
1.130525888446156
 21
0.2486117324637916
 31
0.0
  0
LINE
  5
10A9
330
FE9
100
AcDbEntity
  8
Nano
  6
Continuous
 62
     7
100
AcDbLine
 10
1.130525888446156
 20
0.2486117324637916
 30
0.0
 11
1.134663942454455
 21
0.2413955036245601
 31
0.0
  0
LINE
  5
10AA
330
FE9
100
AcDbEntity
  8
Nano
  6
Continuous
 62
     7
100
AcDbLine
 10
1.134663942454455
 20
0.2413955036245601
 30
0.0
 11
1.139123371677436
 21
0.2326341601358312
 31
0.0
  0
LINE
  5
10AB
330
FE9
100
AcDbEntity
  8
Nano
  6
Continuous
 62
     7
100
AcDbLine
 10
1.139123371677436
 20
0.2326341601358312
 30
0.0
 11
1.143758344175085
 21
0.2222809040810504
 31
0.0
  0
LINE
  5
10AC
330
FE9
100
AcDbEntity
  8
Nano
  6
Continuous
 62
     7
100
AcDbLine
 10
1.143758344175085
 20
0.2222809040810504
 30
0.0
 11
1.148419323702235
 21
0.2102997348440356
 31
0.0
  0
LINE
  5
10AD
330
FE9
100
AcDbEntity
  8
Nano
  6
Continuous
 62
     7
100
AcDbLine
 10
1.148419323702235
 20
0.2102997348440356
 30
0.0
 11
1.152953788379094
 21
0.1966656938010223
 31
0.0
  0
LINE
  5
10AE
330
FE9
100
AcDbEntity
  8
Nano
  6
Continuous
 62
     7
100
AcDbLine
 10
1.152953788379094
 20
0.1966656938010223
 30
0.0
 11
1.156310711612347
 21
0.1845892965905874
 31
0.0
  0
LINE
  5
10AF
330
FE9
100
AcDbEntity
  8
Nano
  6
Continuous
 62
     7
100
AcDbLine
 10
1.119414477600644
 20
0.2638699612626742
 30
0.0
 11
1.08201702887
 21
0.3004311541923195
 31
0.0
  0
LINE
  5
10B0
330
FE9
100
AcDbEntity
  8
Nano
  6
Continuous
 62
     7
100
AcDbLine
 10
1.042415444682321
 20
0.1973500854485329
 30
0.0
 11
1.011674275987425
 21
0.2396616742543425
 31
0.0
  0
ARC
  5
10B1
330
FE9
100
AcDbEntity
  8
Nano
  6
Continuous
 62
     7
100
AcDbCircle
 10
0.6868053670453777
 20
0.6868053670453774
 30
0.0
 40
0.6875000000000002
100
AcDbArc
 50
308.5758201962182
 51
313.0719997899416
  0
LINE
  5
10B2
330
FE9
100
AcDbEntity
  8
Nano
  6
Continuous
 62
     7
100
AcDbLine
 10
1.176260648642219
 20
0.3311952894084294
 30
0.0
 11
1.176888210087419
 21
0.3307732484720261
 31
0.0
  0
LINE
  5
10B3
330
FE9
100
AcDbEntity
  8
Nano
  6
Continuous
 62
     7
100
AcDbLine
 10
1.176888210087419
 20
0.3307732484720261
 30
0.0
 11
1.178822859779564
 21
0.3295882946040334
 31
0.0
  0
LINE
  5
10B4
330
FE9
100
AcDbEntity
  8
Nano
  6
Continuous
 62
     7
100
AcDbLine
 10
1.178822859779564
 20
0.3295882946040334
 30
0.0
 11
1.182139214900062
 21
0.3277720236502662
 31
0.0
  0
LINE
  5
10B5
330
FE9
100
AcDbEntity
  8
Nano
  6
Continuous
 62
     7
100
AcDbLine
 10
1.182139214900062
 20
0.3277720236502662
 30
0.0
 11
1.186901909791065
 21
0.3254614201833746
 31
0.0
  0
LINE
  5
10B6
330
FE9
100
AcDbEntity
  8
Nano
  6
Continuous
 62
     7
100
AcDbLine
 10
1.186901909791065
 20
0.3254614201833746
 30
0.0
 11
1.193165252078798
 21
0.3227981839721039
 31
0.0
  0
LINE
  5
10B7
330
FE9
100
AcDbEntity
  8
Nano
  6
Continuous
 62
     7
100
AcDbLine
 10
1.193165252078798
 20
0.3227981839721039
 30
0.0
 11
1.200972921388796
 21
0.3199280359652098
 31
0.0
  0
LINE
  5
10B8
330
FE9
100
AcDbEntity
  8
Nano
  6
Continuous
 62
     7
100
AcDbLine
 10
1.200972921388796
 20
0.3199280359652098
 30
0.0
 11
1.210357711819997
 21
0.3170000063743912
 31
0.0
  0
LINE
  5
10B9
330
FE9
100
AcDbEntity
  8
Nano
  6
Continuous
 62
     7
100
AcDbLine
 10
1.210357711819997
 20
0.3170000063743912
 30
0.0
 11
1.221341319192284
 21
0.3141657075049576
 31
0.0
  0
LINE
  5
10BA
330
FE9
100
AcDbEntity
  8
Nano
  6
Continuous
 62
     7
100
AcDbLine
 10
1.221341319192284
 20
0.3141657075049576
 30
0.0
 11
1.233934173926232
 21
0.3115785940385306
 31
0.0
  0
LINE
  5
10BB
330
FE9
100
AcDbEntity
  8
Nano
  6
Continuous
 62
     7
100
AcDbLine
 10
1.233934173926232
 20
0.3115785940385306
 30
0.0
 11
1.248135320255024
 21
0.3093932135186836
 31
0.0
  0
LINE
  5
10BC
330
FE9
100
AcDbEntity
  8
Nano
  6
Continuous
 62
     7
100
AcDbLine
 10
1.248135320255024
 20
0.3093932135186836
 30
0.0
 11
1.260603507203395
 21
0.3081076718435203
 31
0.0
  0
LINE
  5
10BD
330
FE9
100
AcDbEntity
  8
Nano
  6
Continuous
 62
     7
100
AcDbLine
 10
1.228935308557334
 20
0.4182534604868109
 30
0.0
 11
1.229600370220595
 21
0.4178933981261519
 31
0.0
  0
LINE
  5
10BE
330
FE9
100
AcDbEntity
  8
Nano
  6
Continuous
 62
     7
100
AcDbLine
 10
1.229600370220595
 20
0.4178933981261519
 30
0.0
 11
1.231547768186059
 21
0.4167295139975986
 31
0.0
  0
LINE
  5
10BF
330
FE9
100
AcDbEntity
  8
Nano
  6
Continuous
 62
     7
100
AcDbLine
 10
1.231547768186059
 20
0.4167295139975986
 30
0.0
 11
1.234695557691597
 21
0.4146346458176012
 31
0.0
  0
LINE
  5
10C0
330
FE9
100
AcDbEntity
  8
Nano
  6
Continuous
 62
     7
100
AcDbLine
 10
1.234695557691597
 20
0.4146346458176012
 30
0.0
 11
1.238952388159485
 21
0.4114879737066767
 31
0.0
  0
LINE
  5
10C1
330
FE9
100
AcDbEntity
  8
Nano
  6
Continuous
 62
     7
100
AcDbLine
 10
1.238952388159485
 20
0.4114879737066767
 30
0.0
 11
1.244217940250106
 21
0.4071756373432561
 31
0.0
  0
LINE
  5
10C2
330
FE9
100
AcDbEntity
  8
Nano
  6
Continuous
 62
     7
100
AcDbLine
 10
1.244217940250106
 20
0.4071756373432561
 30
0.0
 11
1.250383400826102
 21
0.4015913248948338
 31
0.0
  0
LINE
  5
10C3
330
FE9
100
AcDbEntity
  8
Nano
  6
Continuous
 62
     7
100
AcDbLine
 10
1.250383400826102
 20
0.4015913248948338
 30
0.0
 11
1.257331974079147
 21
0.3946368314934912
 31
0.0
  0
LINE
  5
10C4
330
FE9
100
AcDbEntity
  8
Nano
  6
Continuous
 62
     7
100
AcDbLine
 10
1.257331974079147
 20
0.3946368314934912
 30
0.0
 11
1.26493942694393
 21
0.3862225851279539
 31
0.0
  0
LINE
  5
10C5
330
FE9
100
AcDbEntity
  8
Nano
  6
Continuous
 62
     7
100
AcDbLine
 10
1.26493942694393
 20
0.386222585127954
 30
0.0
 11
1.273074666802262
 21
0.376268137936579
 31
0.0
  0
LINE
  5
10C6
330
FE9
100
AcDbEntity
  8
Nano
  6
Continuous
 62
     7
100
AcDbLine
 10
1.273074666802262
 20
0.376268137936579
 30
0.0
 11
1.281600349365398
 21
0.3647026210047279
 31
0.0
  0
LINE
  5
10C7
330
FE9
100
AcDbEntity
  8
Nano
  6
Continuous
 62
     7
100
AcDbLine
 10
1.281600349365398
 20
0.3647026210047279
 30
0.0
 11
1.288524785049932
 21
0.3542546310722626
 31
0.0
  0
LINE
  5
10C8
330
FE9
100
AcDbEntity
  8
Nano
  6
Continuous
 62
     7
100
AcDbLine
 10
1.228935308557334
 20
0.4182534604868109
 30
0.0
 11
1.182070191299359
 21
0.4414687740620391
 31
0.0
  0
LINE
  5
10C9
330
FE9
100
AcDbEntity
  8
Nano
  6
Continuous
 62
     7
100
AcDbLine
 10
1.176260648642219
 20
0.3311952894084294
 30
0.0
 11
1.133949059836409
 21
0.3619364581033258
 31
0.0
  0
ARC
  5
10CA
330
FE9
100
AcDbEntity
  8
Nano
  6
Continuous
 62
     7
100
AcDbCircle
 10
0.6868053670453777
 20
0.6868053670453774
 30
0.0
 40
0.6875000000000006
100
AcDbArc
 50
326.5758201962182
 51
331.0719997899416
  0
LINE
  5
10CB
330
FE9
100
AcDbEntity
  8
Nano
  6
Continuous
 62
     7
100
AcDbLine
 10
1.262194559403944
 20
0.4998500854485325
 30
0.0
 11
1.262921823627448
 21
0.4996426278174042
 31
0.0
  0
LINE
  5
10CC
330
FE9
100
AcDbEntity
  8
Nano
  6
Continuous
 62
     7
100
AcDbLine
 10
1.262921823627448
 20
0.4996426278174042
 30
0.0
 11
1.265127955706672
 21
0.4991135093527756
 31
0.0
  0
LINE
  5
10CD
330
FE9
100
AcDbEntity
  8
Nano
  6
Continuous
 62
     7
100
AcDbLine
 10
1.265127955706672
 20
0.4991135093527756
 30
0.0
 11
1.268843255445472
 21
0.4984109431184537
 31
0.0
  0
LINE
  5
10CE
330
FE9
100
AcDbEntity
  8
Nano
  6
Continuous
 62
     7
100
AcDbLine
 10
1.268843255445472
 20
0.4984109431184537
 30
0.0
 11
1.274086863195219
 21
0.4976851822950354
 31
0.0
  0
LINE
  5
10CF
330
FE9
100
AcDbEntity
  8
Nano
  6
Continuous
 62
     7
100
AcDbLine
 10
1.274086863195219
 20
0.4976851822950354
 30
0.0
 11
1.280866640941072
 21
0.4970877733503701
 31
0.0
  0
LINE
  5
10D0
330
FE9
100
AcDbEntity
  8
Nano
  6
Continuous
 62
     7
100
AcDbLine
 10
1.280866640941072
 20
0.4970877733503701
 30
0.0
 11
1.289179100225924
 21
0.4967708028889307
 31
0.0
  0
LINE
  5
10D1
330
FE9
100
AcDbEntity
  8
Nano
  6
Continuous
 62
     7
100
AcDbLine
 10
1.289179100225924
 20
0.4967708028889307
 30
0.0
 11
1.299009377223178
 21
0.4968861409985659
 31
0.0
  0
LINE
  5
10D2
330
FE9
100
AcDbEntity
  8
Nano
  6
Continuous
 62
     7
100
AcDbLine
 10
1.299009377223178
 20
0.4968861409985659
 30
0.0
 11
1.310331255104812
 21
0.4975846839272417
 31
0.0
  0
LINE
  5
10D3
330
FE9
100
AcDbEntity
  8
Nano
  6
Continuous
 62
     7
100
AcDbLine
 10
1.310331255104812
 20
0.4975846839272417
 30
0.0
 11
1.323107233685793
 21
0.4990155989270865
 31
0.0
  0
LINE
  5
10D4
330
FE9
100
AcDbEntity
  8
Nano
  6
Continuous
 62
     7
100
AcDbLine
 10
1.323107233685793
 20
0.4990155989270865
 30
0.0
 11
1.33728864616046
 21
0.5013255740983034
 31
0.0
  0
LINE
  5
10D5
330
FE9
100
AcDbEntity
  8
Nano
  6
Continuous
 62
     7
100
AcDbLine
 10
1.33728864616046
 20
0.5013255740983034
 30
0.0
 11
1.349543850828698
 21
0.5039558329672614
 31
0.0
  0
LINE
  5
10D6
330
FE9
100
AcDbEntity
  8
Nano
  6
Continuous
 62
     7
100
AcDbLine
 10
1.285388683597425
 20
0.598924691436057
 30
0.0
 11
1.286132460214485
 21
0.5987877671379345
 31
0.0
  0
LINE
  5
10D7
330
FE9
100
AcDbEntity
  8
Nano
  6
Continuous
 62
     7
100
AcDbLine
 10
1.286132460214485
 20
0.5987877671379345
 30
0.0
 11
1.288344205714564
 21
0.5982826266194003
 31
0.0
  0
LINE
  5
10D8
330
FE9
100
AcDbEntity
  8
Nano
  6
Continuous
 62
     7
100
AcDbLine
 10
1.288344205714564
 20
0.5982826266194003
 30
0.0
 11
1.291985281304327
 21
0.5972630090379613
 31
0.0
  0
LINE
  5
10D9
330
FE9
100
AcDbEntity
  8
Nano
  6
Continuous
 62
     7
100
AcDbLine
 10
1.291985281304327
 20
0.5972630090379613
 30
0.0
 11
1.297006142817577
 21
0.5955857789789727
 31
0.0
  0
LINE
  5
10DA
330
FE9
100
AcDbEntity
  8
Nano
  6
Continuous
 62
     7
100
AcDbLine
 10
1.297006142817577
 20
0.5955857789789727
 30
0.0
 11
1.303346565667014
 21
0.5931116484608539
 31
0.0
  0
LINE
  5
10DB
330
FE9
100
AcDbEntity
  8
Nano
  6
Continuous
 62
     7
100
AcDbLine
 10
1.303346565667014
 20
0.5931116484608539
 30
0.0
 11
1.310935914572235
 21
0.5897058838138845
 31
0.0
  0
LINE
  5
10DC
330
FE9
100
AcDbEntity
  8
Nano
  6
Continuous
 62
     7
100
AcDbLine
 10
1.310935914572235
 20
0.5897058838138845
 30
0.0
 11
1.319693457091783
 21
0.5852389947688566
 31
0.0
  0
LINE
  5
10DD
330
FE9
100
AcDbEntity
  8
Nano
  6
Continuous
 62
     7
100
AcDbLine
 10
1.319693457091783
 20
0.5852389947688566
 30
0.0
 11
1.32952871983305
 21
0.5795874031523234
 31
0.0
  0
LINE
  5
10DE
330
FE9
100
AcDbEntity
  8
Nano
  6
Continuous
 62
     7
100
AcDbLine
 10
1.32952871983305
 20
0.5795874031523235
 30
0.0
 11
1.340341886063685
 21
0.5726340886543918
 31
0.0
  0
LINE
  5
10DF
330
FE9
100
AcDbEntity
  8
Nano
  6
Continuous
 62
     7
100
AcDbLine
 10
1.340341886063685
 20
0.5726340886543918
 30
0.0
 11
1.352024233301891
 21
0.5642692092126877
 31
0.0
  0
LINE
  5
10E0
330
FE9
100
AcDbEntity
  8
Nano
  6
Continuous
 62
     7
100
AcDbLine
 10
1.352024233301891
 20
0.5642692092126877
 30
0.0
 11
1.361838369427524
 21
0.556472348608208
 31
0.0
  0
LINE
  5
10E1
330
FE9
100
AcDbEntity
  8
Nano
  6
Continuous
 62
     7
100
AcDbLine
 10
1.285388683597425
 20
0.598924691436057
 30
0.0
 11
1.233643382017802
 21
0.6065216490135237
 31
0.0
  0
LINE
  5
10E2
330
FE9
100
AcDbEntity
  8
Nano
  6
Continuous
 62
     7
100
AcDbLine
 10
1.262194559403944
 20
0.4998500854485325
 30
0.0
 11
1.212454303601707
 21
0.5160116742543421
 31
0.0
  0
ARC
  5
10E3
330
FE9
100
AcDbEntity
  8
Nano
  6
Continuous
 62
     7
100
AcDbCircle
 10
0.6868053670453777
 20
0.6868053670453774
 30
0.0
 40
0.6875000000000006
100
AcDbArc
 50
344.5758201962182
 51
349.0719997899416
  0
LINE
  5
10E4
330
FE9
100
AcDbEntity
  8
Nano
  6
Continuous
 62
     7
100
AcDbLine
 10
1.291805367045376
 20
0.6868053670453757
 30
0.0
 11
1.29256114435784
 21
0.6868328001178999
 31
0.0
  0
LINE
  5
10E5
330
FE9
100
AcDbEntity
  8
Nano
  6
Continuous
 62
     7
100
AcDbLine
 10
1.29256114435784
 20
0.6868328001178999
 30
0.0
 11
1.2948228072452
 21
0.687011310858538
 31
0.0
  0
LINE
  5
10E6
330
FE9
100
AcDbEntity
  8
Nano
  6
Continuous
 62
     7
100
AcDbLine
 10
1.2948228072452
 20
0.687011310858538
 30
0.0
 11
1.298573372177857
 21
0.6874912214217439
 31
0.0
  0
LINE
  5
10E7
330
FE9
100
AcDbEntity
  8
Nano
  6
Continuous
 62
     7
100
AcDbLine
 10
1.298573372177857
 20
0.6874912214217439
 30
0.0
 11
1.303784611925437
 21
0.6884213457678678
 31
0.0
  0
LINE
  5
10E8
330
FE9
100
AcDbEntity
  8
Nano
  6
Continuous
 62
     7
100
AcDbLine
 10
1.303784611925437
 20
0.6884213457678678
 30
0.0
 11
1.310417173246156
 21
0.6899482426397043
 31
0.0
  0
LINE
  5
10E9
330
FE9
100
AcDbEntity
  8
Nano
  6
Continuous
 62
     7
100
AcDbLine
 10
1.310417173246156
 20
0.6899482426397043
 30
0.0
 11
1.318420741074753
 21
0.6922154770009487
 31
0.0
  0
LINE
  5
10EA
330
FE9
100
AcDbEntity
  8
Nano
  6
Continuous
 62
     7
100
AcDbLine
 10
1.318420741074753
 20
0.6922154770009487
 30
0.0
 11
1.327734248634
 21
0.6953628927132591
 31
0.0
  0
LINE
  5
10EB
330
FE9
100
AcDbEntity
  8
Nano
  6
Continuous
 62
     7
100
AcDbLine
 10
1.327734248634
 20
0.6953628927132591
 30
0.0
 11
1.338286132733765
 21
0.6995258991911505
 31
0.0
  0
LINE
  5
10EC
330
FE9
100
AcDbEntity
  8
Nano
  6
Continuous
 62
     7
100
AcDbLine
 10
1.338286132733765
 20
0.6995258991911505
 30
0.0
 11
1.349994633362797
 21
0.7048347747273112
 31
0.0
  0
LINE
  5
10ED
330
FE9
100
AcDbEntity
  8
Nano
  6
Continuous
 62
     7
100
AcDbLine
 10
1.349994633362797
 20
0.7048347747273112
 30
0.0
 11
1.362768136522608
 21
0.7114139891252897
 31
0.0
  0
LINE
  5
10EE
330
FE9
100
AcDbEntity
  8
Nano
  6
Continuous
 62
     7
100
AcDbLine
 10
1.362768136522608
 20
0.7114139891252897
 30
0.0
 11
1.373610734090754
 21
0.7177025804741845
 31
0.0
  0
LINE
  5
10EF
330
FE9
100
AcDbEntity
  8
Nano
  6
Continuous
 62
     7
100
AcDbLine
 10
1.283248553038198
 20
0.7881982952146143
 30
0.0
 11
1.283998238571585
 21
0.7882979120833362
 31
0.0
  0
LINE
  5
10F0
330
FE9
100
AcDbEntity
  8
Nano
  6
Continuous
 62
     7
100
AcDbLine
 10
1.283998238571585
 20
0.7882979120833362
 30
0.0
 11
1.286257830546597
 21
0.7885009618482967
 31
0.0
  0
LINE
  5
10F1
330
FE9
100
AcDbEntity
  8
Nano
  6
Continuous
 62
     7
100
AcDbLine
 10
1.286257830546597
 20
0.7885009618482967
 30
0.0
 11
1.290035778372991
 21
0.7886564021383803
 31
0.0
  0
LINE
  5
10F2
330
FE9
100
AcDbEntity
  8
Nano
  6
Continuous
 62
     7
100
AcDbLine
 10
1.290035778372991
 20
0.7886564021383803
 30
0.0
 11
1.295329194024288
 21
0.7886127930954503
 31
0.0
  0
LINE
  5
10F3
330
FE9
100
AcDbEntity
  8
Nano
  6
Continuous
 62
     7
100
AcDbLine
 10
1.295329194024288
 20
0.7886127930954503
 30
0.0
 11
1.30212384286771
 21
0.7882190535560274
 31
0.0
  0
LINE
  5
10F4
330
FE9
100
AcDbEntity
  8
Nano
  6
Continuous
 62
     7
100
AcDbLine
 10
1.30212384286771
 20
0.7882190535560274
 30
0.0
 11
1.310394181753214
 21
0.7873252166835144
 31
0.0
  0
LINE
  5
10F5
330
FE9
100
AcDbEntity
  8
Nano
  6
Continuous
 62
     7
100
AcDbLine
 10
1.310394181753214
 20
0.7873252166835144
 30
0.0
 11
1.320103444260062
 21
0.7857831822171743
 31
0.0
  0
LINE
  5
10F6
330
FE9
100
AcDbEntity
  8
Nano
  6
Continuous
 62
     7
100
AcDbLine
 10
1.320103444260062
 20
0.7857831822171743
 30
0.0
 11
1.331203772834396
 21
0.7834474625140258
 31
0.0
  0
LINE
  5
10F7
330
FE9
100
AcDbEntity
  8
Nano
  6
Continuous
 62
     7
100
AcDbLine
 10
1.331203772834396
 20
0.7834474625140258
 30
0.0
 11
1.343636397386918
 21
0.7801759195791859
 31
0.0
  0
LINE
  5
10F8
330
FE9
100
AcDbEntity
  8
Nano
  6
Continuous
 62
     7
100
AcDbLine
 10
1.343636397386918
 20
0.7801759195791859
 30
0.0
 11
1.357331859756822
 21
0.7758304903089251
 31
0.0
  0
LINE
  5
10F9
330
FE9
100
AcDbEntity
  8
Nano
  6
Continuous
 62
     7
100
AcDbLine
 10
1.357331859756822
 20
0.7758304903089251
 30
0.0
 11
1.36907502030047
 21
0.7714479700723189
 31
0.0
  0
LINE
  5
10FA
330
FE9
100
AcDbEntity
  8
Nano
  6
Continuous
 62
     7
100
AcDbLine
 10
1.283248553038198
 20
0.7881982952146143
 30
0.0
 11
1.231688257786258
 21
0.7794332536555216
 31
0.0
  0
LINE
  5
10FB
330
FE9
100
AcDbEntity
  8
Nano
  6
Continuous
 62
     7
100
AcDbLine
 10
1.291805367045376
 20
0.6868053670453757
 30
0.0
 11
1.239505367045376
 21
0.6868053670453757
 31
0.0
  0
ARC
  5
10FC
330
FE9
100
AcDbEntity
  8
Nano
  6
Continuous
 62
     7
100
AcDbCircle
 10
0.6868053670453777
 20
0.6868053670453774
 30
0.0
 40
0.6875000000000006
100
AcDbArc
 50
2.575820196218193
 51
7.071999789941648
  0
LINE
  5
10FD
330
FE9
100
AcDbEntity
  8
Nano
  6
Continuous
 62
     7
100
AcDbLine
 10
1.262194559403946
 20
0.873760648642219
 30
0.0
 11
1.262904869056214
 21
0.8740202870781191
 31
0.0
  0
LINE
  5
10FE
330
FE9
100
AcDbEntity
  8
Nano
  6
Continuous
 62
     7
100
AcDbLine
 10
1.262904869056214
 20
0.8740202870781191
 30
0.0
 11
1.265000675430365
 21
0.8748889531489732
 31
0.0
  0
LINE
  5
10FF
330
FE9
100
AcDbEntity
  8
Nano
  6
Continuous
 62
     7
100
AcDbLine
 10
1.265000675430365
 20
0.8748889531489732
 30
0.0
 11
1.268419374129545
 21
0.8765043635200468
 31
0.0
  0
LINE
  5
1100
330
FE9
100
AcDbEntity
  8
Nano
  6
Continuous
 62
     7
100
AcDbLine
 10
1.268419374129545
 20
0.8765043635200468
 30
0.0
 11
1.273088133419624
 21
0.8789993259841571
 31
0.0
  0
LINE
  5
1101
330
FE9
100
AcDbEntity
  8
Nano
  6
Continuous
 62
     7
100
AcDbLine
 10
1.273088133419624
 20
0.8789993259841571
 30
0.0
 11
1.278924237001366
 21
0.8825010653681641
 31
0.0
  0
LINE
  5
1102
330
FE9
100
AcDbEntity
  8
Nano
  6
Continuous
 62
     7
100
AcDbLine
 10
1.278924237001366
 20
0.8825010653681641
 30
0.0
 11
1.285835468390507
 21
0.8871305718560627
 31
0.0
  0
LINE
  5
1103
330
FE9
100
AcDbEntity
  8
Nano
  6
Continuous
 62
     7
100
AcDbLine
 10
1.285835468390507
 20
0.8871305718560627
 30
0.0
 11
1.293720535500827
 21
0.8930019741917922
 31
0.0
  0
LINE
  5
1104
330
FE9
100
AcDbEntity
  8
Nano
  6
Continuous
 62
     7
100
AcDbLine
 10
1.293720535500827
 20
0.8930019741917922
 30
0.0
 11
1.302469533883737
 21
0.900221940139472
 31
0.0
  0
LINE
  5
1105
330
FE9
100
AcDbEntity
  8
Nano
  6
Continuous
 62
     7
100
AcDbLine
 10
1.302469533883737
 20
0.900221940139472
 30
0.0
 11
1.31196444694133
 21
0.908889106485358
 31
0.0
  0
LINE
  5
1106
330
FE9
100
AcDbEntity
  8
Nano
  6
Continuous
 62
     7
100
AcDbLine
 10
1.31196444694133
 20
0.908889106485358
 30
0.0
 11
1.322079681298772
 21
0.9190935407647423
 31
0.0
  0
LINE
  5
1107
330
FE9
100
AcDbEntity
  8
Nano
  6
Continuous
 62
     7
100
AcDbLine
 10
1.322079681298772
 20
0.9190935407647423
 30
0.0
 11
1.330448322772037
 21
0.9284248934571511
 31
0.0
  0
LINE
  5
1108
330
FE9
100
AcDbEntity
  8
Nano
  6
Continuous
 62
     7
100
AcDbLine
 10
1.222724407769959
 20
0.9675468527378962
 30
0.0
 11
1.223406617776297
 21
0.9678732595802802
 31
0.0
  0
LINE
  5
1109
330
FE9
100
AcDbEntity
  8
Nano
  6
Continuous
 62
     7
100
AcDbLine
 10
1.223406617776297
 20
0.9678732595802802
 30
0.0
 11
1.225492871620224
 21
0.9687646237030095
 31
0.0
  0
LINE
  5
110A
330
FE9
100
AcDbEntity
  8
Nano
  6
Continuous
 62
     7
100
AcDbLine
 10
1.225492871620224
 20
0.9687646237030095
 30
0.0
 11
1.229037879827494
 21
0.970079906286007
 31
0.0
  0
LINE
  5
110B
330
FE9
100
AcDbEntity
  8
Nano
  6
Continuous
 62
     7
100
AcDbLine
 10
1.229037879827494
 20
0.970079906286007
 30
0.0
 11
1.234085693211492
 21
0.9716741870160998
 31
0.0
  0
LINE
  5
110C
330
FE9
100
AcDbEntity
  8
Nano
  6
Continuous
 62
     7
100
AcDbLine
 10
1.234085693211492
 20
0.9716741870160998
 30
0.0
 11
1.240669460479004
 21
0.9733993804248363
 31
0.0
  0
LINE
  5
110D
330
FE9
100
AcDbEntity
  8
Nano
  6
Continuous
 62
     7
100
AcDbLine
 10
1.240669460479004
 20
0.9733993804248363
 30
0.0
 11
1.248811230951839
 21
0.9751049663075884
 31
0.0
  0
LINE
  5
110E
330
FE9
100
AcDbEntity
  8
Nano
  6
Continuous
 62
     7
100
AcDbLine
 10
1.248811230951839
 20
0.9751049663075884
 30
0.0
 11
1.258521803183408
 21
0.9766387314974878
 31
0.0
  0
LINE
  5
110F
330
FE9
100
AcDbEntity
  8
Nano
  6
Continuous
 62
     7
100
AcDbLine
 10
1.258521803183408
 20
0.9766387314974878
 30
0.0
 11
1.269800620089414
 21
0.9778475202261841
 31
0.0
  0
LINE
  5
1110
330
FE9
100
AcDbEntity
  8
Nano
  6
Continuous
 62
     7
100
AcDbLine
 10
1.269800620089414
 20
0.9778475202261841
 30
0.0
 11
1.282635711049435
 21
0.978577990271078
 31
0.0
  0
LINE
  5
1111
330
FE9
100
AcDbEntity
  8
Nano
  6
Continuous
 62
     7
100
AcDbLine
 10
1.282635711049435
 20
0.978577990271078
 30
0.0
 11
1.29700368127237
 21
0.9786773720656187
 31
0.0
  0
LINE
  5
1112
330
FE9
100
AcDbEntity
  8
Nano
  6
Continuous
 62
     7
100
AcDbLine
 10
1.29700368127237
 20
0.9786773720656187
 30
0.0
 11
1.30952636386061
 21
0.9781381838124602
 31
0.0
  0
LINE
  5
1113
330
FE9
100
AcDbEntity
  8
Nano
  6
Continuous
 62
     7
100
AcDbLine
 10
1.222724407769959
 20
0.9675468527378962
 30
0.0
 11
1.176396199786662
 21
0.9432777953796831
 31
0.0
  0
LINE
  5
1114
330
FE9
100
AcDbEntity
  8
Nano
  6
Continuous
 62
     7
100
AcDbLine
 10
1.262194559403946
 20
0.873760648642219
 30
0.0
 11
1.212454303601709
 21
0.8575990598364093
 31
0.0
  0
ARC
  5
1115
330
FE9
100
AcDbEntity
  8
Nano
  6
Continuous
 62
     7
100
AcDbCircle
 10
0.6868053670453777
 20
0.6868053670453774
 30
0.0
 40
0.6875000000000006
100
AcDbArc
 50
20.57582019621813
 51
25.0719997899416
  0
LINE
  5
1116
330
FE9
100
AcDbEntity
  8
Nano
  6
Continuous
 62
     7
100
AcDbLine
 10
1.176260648642222
 20
1.042415444682321
 30
0.0
 11
1.176855960576512
 21
1.042881873262484
 31
0.0
  0
LINE
  5
1117
330
FE9
100
AcDbEntity
  8
Nano
  6
Continuous
 62
     7
100
AcDbLine
 10
1.176855960576512
 20
1.042881873262484
 30
0.0
 11
1.178580758307211
 21
1.044355663576187
 31
0.0
  0
LINE
  5
1118
330
FE9
100
AcDbEntity
  8
Nano
  6
Continuous
 62
     7
100
AcDbLine
 10
1.178580758307211
 20
1.044355663576187
 30
0.0
 11
1.181332944724765
 21
1.046948446132782
 31
0.0
  0
LINE
  5
1119
330
FE9
100
AcDbEntity
  8
Nano
  6
Continuous
 62
     7
100
AcDbLine
 10
1.181332944724765
 20
1.046948446132782
 30
0.0
 11
1.185002212868869
 21
1.050764022405465
 31
0.0
  0
LINE
  5
111A
330
FE9
100
AcDbEntity
  8
Nano
  6
Continuous
 62
     7
100
AcDbLine
 10
1.185002212868869
 20
1.050764022405465
 30
0.0
 11
1.189470580230528
 21
1.055897829652683
 31
0.0
  0
LINE
  5
111B
330
FE9
100
AcDbEntity
  8
Nano
  6
Continuous
 62
     7
100
AcDbLine
 10
1.189470580230528
 20
1.055897829652683
 30
0.0
 11
1.194612955698465
 21
1.062436439916532
 31
0.0
  0
LINE
  5
111C
330
FE9
100
AcDbEntity
  8
Nano
  6
Continuous
 62
     7
100
AcDbLine
 10
1.194612955698465
 20
1.062436439916532
 30
0.0
 11
1.200297737052608
 21
1.070457095106595
 31
0.0
  0
LINE
  5
111D
330
FE9
100
AcDbEntity
  8
Nano
  6
Continuous
 62
     7
100
AcDbLine
 10
1.200297737052608
 20
1.070457095106595
 30
0.0
 11
1.206387436799089
 21
1.080027279952642
 31
0.0
  0
LINE
  5
111E
330
FE9
100
AcDbEntity
  8
Nano
  6
Continuous
 62
     7
100
AcDbLine
 10
1.206387436799089
 20
1.080027279952642
 30
0.0
 11
1.212739334040214
 21
1.091204334478621
 31
0.0
  0
LINE
  5
111F
330
FE9
100
AcDbEntity
  8
Nano
  6
Continuous
 62
     7
100
AcDbLine
 10
1.212739334040214
 20
1.091204334478621
 30
0.0
 11
1.2192061499794
 21
1.104035107513669
 31
0.0
  0
LINE
  5
1120
330
FE9
100
AcDbEntity
  8
Nano
  6
Continuous
 62
     7
100
AcDbLine
 10
1.2192061499794
 20
1.104035107513669
 30
0.0
 11
1.224281654422624
 21
1.115495803732702
 31
0.0
  0
LINE
  5
1121
330
FE9
100
AcDbEntity
  8
Nano
  6
Continuous
 62
     7
100
AcDbLine
 10
1.109740772828081
 20
1.119414477600644
 30
0.0
 11
1.110288727838713
 21
1.119935723440748
 31
0.0
  0
LINE
  5
1122
330
FE9
100
AcDbEntity
  8
Nano
  6
Continuous
 62
     7
100
AcDbLine
 10
1.110288727838713
 20
1.119935723440748
 30
0.0
 11
1.111997426489524
 21
1.121428148990416
 31
0.0
  0
LINE
  5
1123
330
FE9
100
AcDbEntity
  8
Nano
  6
Continuous
 62
     7
100
AcDbLine
 10
1.111997426489524
 20
1.121428148990416
 30
0.0
 11
1.114962484974817
 21
1.12377452484299
 31
0.0
  0
LINE
  5
1124
330
FE9
100
AcDbEntity
  8
Nano
  6
Continuous
 62
     7
100
AcDbLine
 10
1.114962484974817
 20
1.12377452484299
 30
0.0
 11
1.119270580947307
 21
1.126850636040237
 31
0.0
  0
LINE
  5
1125
330
FE9
100
AcDbEntity
  8
Nano
  6
Continuous
 62
     7
100
AcDbLine
 10
1.119270580947307
 20
1.126850636040237
 30
0.0
 11
1.124999001626962
 21
1.130525888446156
 31
0.0
  0
LINE
  5
1126
330
FE9
100
AcDbEntity
  8
Nano
  6
Continuous
 62
     7
100
AcDbLine
 10
1.124999001626962
 20
1.130525888446156
 30
0.0
 11
1.132215230466194
 21
1.134663942454455
 31
0.0
  0
LINE
  5
1127
330
FE9
100
AcDbEntity
  8
Nano
  6
Continuous
 62
     7
100
AcDbLine
 10
1.132215230466194
 20
1.134663942454455
 30
0.0
 11
1.140976573954924
 21
1.139123371677436
 31
0.0
  0
LINE
  5
1128
330
FE9
100
AcDbEntity
  8
Nano
  6
Continuous
 62
     7
100
AcDbLine
 10
1.140976573954924
 20
1.139123371677436
 30
0.0
 11
1.151329830009704
 21
1.143758344175085
 31
0.0
  0
LINE
  5
1129
330
FE9
100
AcDbEntity
  8
Nano
  6
Continuous
 62
     7
100
AcDbLine
 10
1.151329830009704
 20
1.143758344175085
 30
0.0
 11
1.163310999246718
 21
1.148419323702235
 31
0.0
  0
LINE
  5
112A
330
FE9
100
AcDbEntity
  8
Nano
  6
Continuous
 62
     7
100
AcDbLine
 10
1.163310999246718
 20
1.148419323702235
 30
0.0
 11
1.176945040289731
 21
1.152953788379094
 31
0.0
  0
LINE
  5
112B
330
FE9
100
AcDbEntity
  8
Nano
  6
Continuous
 62
     7
100
AcDbLine
 10
1.176945040289731
 20
1.152953788379094
 30
0.0
 11
1.189021437500167
 21
1.156310711612347
 31
0.0
  0
LINE
  5
112C
330
FE9
100
AcDbEntity
  8
Nano
  6
Continuous
 62
     7
100
AcDbLine
 10
1.109740772828081
 20
1.119414477600644
 30
0.0
 11
1.073179579898434
 21
1.08201702887
 31
0.0
  0
LINE
  5
112D
330
FE9
100
AcDbEntity
  8
Nano
  6
Continuous
 62
     7
100
AcDbLine
 10
1.176260648642222
 20
1.042415444682321
 30
0.0
 11
1.133949059836412
 21
1.011674275987425
 31
0.0
  0
ARC
  5
112E
330
FE9
100
AcDbEntity
  8
Nano
  6
Continuous
 62
     7
100
AcDbCircle
 10
0.6868053670453777
 20
0.6868053670453774
 30
0.0
 40
0.6875000000000006
100
AcDbArc
 50
38.57582019621818
 51
43.0719997899416
  0
LINE
  5
112F
330
FE9
100
AcDbEntity
  8
Nano
  6
Continuous
 62
     7
100
AcDbLine
 10
1.042415444682325
 20
1.176260648642219
 30
0.0
 11
1.042837485618728
 21
1.176888210087419
 31
0.0
  0
LINE
  5
1130
330
FE9
100
AcDbEntity
  8
Nano
  6
Continuous
 62
     7
100
AcDbLine
 10
1.042837485618728
 20
1.176888210087419
 30
0.0
 11
1.044022439486721
 21
1.178822859779564
 31
0.0
  0
LINE
  5
1131
330
FE9
100
AcDbEntity
  8
Nano
  6
Continuous
 62
     7
100
AcDbLine
 10
1.044022439486721
 20
1.178822859779564
 30
0.0
 11
1.045838710440487
 21
1.182139214900062
 31
0.0
  0
LINE
  5
1132
330
FE9
100
AcDbEntity
  8
Nano
  6
Continuous
 62
     7
100
AcDbLine
 10
1.045838710440487
 20
1.182139214900062
 30
0.0
 11
1.048149313907379
 21
1.186901909791065
 31
0.0
  0
LINE
  5
1133
330
FE9
100
AcDbEntity
  8
Nano
  6
Continuous
 62
     7
100
AcDbLine
 10
1.048149313907379
 20
1.186901909791065
 30
0.0
 11
1.05081255011865
 21
1.193165252078798
 31
0.0
  0
LINE
  5
1134
330
FE9
100
AcDbEntity
  8
Nano
  6
Continuous
 62
     7
100
AcDbLine
 10
1.05081255011865
 20
1.193165252078798
 30
0.0
 11
1.053682698125545
 21
1.200972921388796
 31
0.0
  0
LINE
  5
1135
330
FE9
100
AcDbEntity
  8
Nano
  6
Continuous
 62
     7
100
AcDbLine
 10
1.053682698125545
 20
1.200972921388796
 30
0.0
 11
1.056610727716362
 21
1.210357711819997
 31
0.0
  0
LINE
  5
1136
330
FE9
100
AcDbEntity
  8
Nano
  6
Continuous
 62
     7
100
AcDbLine
 10
1.056610727716362
 20
1.210357711819997
 30
0.0
 11
1.059445026585797
 21
1.221341319192284
 31
0.0
  0
LINE
  5
1137
330
FE9
100
AcDbEntity
  8
Nano
  6
Continuous
 62
     7
100
AcDbLine
 10
1.059445026585797
 20
1.221341319192284
 30
0.0
 11
1.062032140052224
 21
1.233934173926232
 31
0.0
  0
LINE
  5
1138
330
FE9
100
AcDbEntity
  8
Nano
  6
Continuous
 62
     7
100
AcDbLine
 10
1.062032140052224
 20
1.233934173926232
 30
0.0
 11
1.06421752057207
 21
1.248135320255024
 31
0.0
  0
LINE
  5
1139
330
FE9
100
AcDbEntity
  8
Nano
  6
Continuous
 62
     7
100
AcDbLine
 10
1.06421752057207
 20
1.248135320255024
 30
0.0
 11
1.065503062247233
 21
1.260603507203395
 31
0.0
  0
LINE
  5
113A
330
FE9
100
AcDbEntity
  8
Nano
  6
Continuous
 62
     7
100
AcDbLine
 10
0.955357273603944
 20
1.228935308557334
 30
0.0
 11
0.9557173359646029
 21
1.229600370220595
 31
0.0
  0
LINE
  5
113B
330
FE9
100
AcDbEntity
  8
Nano
  6
Continuous
 62
     7
100
AcDbLine
 10
0.9557173359646029
 20
1.229600370220595
 30
0.0
 11
0.9568812200931562
 21
1.231547768186057
 31
0.0
  0
LINE
  5
113C
330
FE9
100
AcDbEntity
  8
Nano
  6
Continuous
 62
     7
100
AcDbLine
 10
0.9568812200931562
 20
1.231547768186057
 30
0.0
 11
0.9589760882731535
 21
1.234695557691597
 31
0.0
  0
LINE
  5
113D
330
FE9
100
AcDbEntity
  8
Nano
  6
Continuous
 62
     7
100
AcDbLine
 10
0.9589760882731535
 20
1.234695557691597
 30
0.0
 11
0.9621227603840779
 21
1.238952388159485
 31
0.0
  0
LINE
  5
113E
330
FE9
100
AcDbEntity
  8
Nano
  6
Continuous
 62
     7
100
AcDbLine
 10
0.9621227603840779
 20
1.238952388159485
 30
0.0
 11
0.9664350967474987
 21
1.244217940250106
 31
0.0
  0
LINE
  5
113F
330
FE9
100
AcDbEntity
  8
Nano
  6
Continuous
 62
     7
100
AcDbLine
 10
0.9664350967474987
 20
1.244217940250106
 30
0.0
 11
0.9720194091959212
 21
1.250383400826102
 31
0.0
  0
LINE
  5
1140
330
FE9
100
AcDbEntity
  8
Nano
  6
Continuous
 62
     7
100
AcDbLine
 10
0.9720194091959212
 20
1.250383400826102
 30
0.0
 11
0.9789739025972636
 21
1.257331974079147
 31
0.0
  0
LINE
  5
1141
330
FE9
100
AcDbEntity
  8
Nano
  6
Continuous
 62
     7
100
AcDbLine
 10
0.9789739025972636
 20
1.257331974079147
 30
0.0
 11
0.9873881489628008
 21
1.264939426943928
 31
0.0
  0
LINE
  5
1142
330
FE9
100
AcDbEntity
  8
Nano
  6
Continuous
 62
     7
100
AcDbLine
 10
0.9873881489628008
 20
1.264939426943928
 30
0.0
 11
0.9973425961541758
 21
1.273074666802262
 31
0.0
  0
LINE
  5
1143
330
FE9
100
AcDbEntity
  8
Nano
  6
Continuous
 62
     7
100
AcDbLine
 10
0.9973425961541758
 20
1.273074666802262
 30
0.0
 11
1.008908113086025
 21
1.281600349365398
 31
0.0
  0
LINE
  5
1144
330
FE9
100
AcDbEntity
  8
Nano
  6
Continuous
 62
     7
100
AcDbLine
 10
1.008908113086025
 20
1.281600349365398
 30
0.0
 11
1.019356103018492
 21
1.288524785049932
 31
0.0
  0
LINE
  5
1145
330
FE9
100
AcDbEntity
  8
Nano
  6
Continuous
 62
     7
100
AcDbLine
 10
0.955357273603944
 20
1.228935308557334
 30
0.0
 11
0.9321419600287159
 21
1.182070191299359
 31
0.0
  0
LINE
  5
1146
330
FE9
100
AcDbEntity
  8
Nano
  6
Continuous
 62
     7
100
AcDbLine
 10
1.042415444682325
 20
1.176260648642219
 30
0.0
 11
1.011674275987429
 21
1.133949059836409
 31
0.0
  0
ARC
  5
1147
330
FE9
100
AcDbEntity
  8
Nano
  6
Continuous
 62
     7
100
AcDbCircle
 10
0.6868053670453777
 20
0.6868053670453774
 30
0.0
 40
0.6875000000000006
100
AcDbArc
 50
56.57582019621814
 51
61.07199978994164
  0
LINE
  5
1148
330
FE9
100
AcDbEntity
  8
Nano
  6
Continuous
 62
     7
100
AcDbLine
 10
0.8737606486422226
 20
1.262194559403944
 30
0.0
 11
0.8739681062733508
 21
1.262921823627448
 31
0.0
  0
LINE
  5
1149
330
FE9
100
AcDbEntity
  8
Nano
  6
Continuous
 62
     7
100
AcDbLine
 10
0.8739681062733508
 20
1.262921823627448
 30
0.0
 11
0.8744972247379795
 21
1.26512795570667
 31
0.0
  0
LINE
  5
114A
330
FE9
100
AcDbEntity
  8
Nano
  6
Continuous
 62
     7
100
AcDbLine
 10
0.8744972247379795
 20
1.26512795570667
 30
0.0
 11
0.8751997909723014
 21
1.268843255445472
 31
0.0
  0
LINE
  5
114B
330
FE9
100
AcDbEntity
  8
Nano
  6
Continuous
 62
     7
100
AcDbLine
 10
0.8751997909723014
 20
1.268843255445472
 30
0.0
 11
0.8759255517957196
 21
1.274086863195219
 31
0.0
  0
LINE
  5
114C
330
FE9
100
AcDbEntity
  8
Nano
  6
Continuous
 62
     7
100
AcDbLine
 10
0.8759255517957196
 20
1.274086863195219
 30
0.0
 11
0.8765229607403853
 21
1.280866640941072
 31
0.0
  0
LINE
  5
114D
330
FE9
100
AcDbEntity
  8
Nano
  6
Continuous
 62
     7
100
AcDbLine
 10
0.8765229607403853
 20
1.280866640941072
 30
0.0
 11
0.8768399312018242
 21
1.289179100225924
 31
0.0
  0
LINE
  5
114E
330
FE9
100
AcDbEntity
  8
Nano
  6
Continuous
 62
     7
100
AcDbLine
 10
0.8768399312018242
 20
1.289179100225924
 30
0.0
 11
0.8767245930921891
 21
1.299009377223178
 31
0.0
  0
LINE
  5
114F
330
FE9
100
AcDbEntity
  8
Nano
  6
Continuous
 62
     7
100
AcDbLine
 10
0.8767245930921891
 20
1.299009377223178
 30
0.0
 11
0.8760260501635134
 21
1.310331255104812
 31
0.0
  0
LINE
  5
1150
330
FE9
100
AcDbEntity
  8
Nano
  6
Continuous
 62
     7
100
AcDbLine
 10
0.8760260501635134
 20
1.310331255104812
 30
0.0
 11
0.8745951351636684
 21
1.323107233685793
 31
0.0
  0
LINE
  5
1151
330
FE9
100
AcDbEntity
  8
Nano
  6
Continuous
 62
     7
100
AcDbLine
 10
0.8745951351636684
 20
1.323107233685793
 30
0.0
 11
0.8722851599924517
 21
1.33728864616046
 31
0.0
  0
LINE
  5
1152
330
FE9
100
AcDbEntity
  8
Nano
  6
Continuous
 62
     7
100
AcDbLine
 10
0.8722851599924517
 20
1.33728864616046
 30
0.0
 11
0.8696549011234937
 21
1.349543850828698
 31
0.0
  0
LINE
  5
1153
330
FE9
100
AcDbEntity
  8
Nano
  6
Continuous
 62
     7
100
AcDbLine
 10
0.7746860426546981
 20
1.285388683597425
 30
0.0
 11
0.7748229669528206
 21
1.286132460214485
 31
0.0
  0
LINE
  5
1154
330
FE9
100
AcDbEntity
  8
Nano
  6
Continuous
 62
     7
100
AcDbLine
 10
0.7748229669528206
 20
1.286132460214485
 30
0.0
 11
0.7753281074713547
 21
1.288344205714564
 31
0.0
  0
LINE
  5
1155
330
FE9
100
AcDbEntity
  8
Nano
  6
Continuous
 62
     7
100
AcDbLine
 10
0.7753281074713547
 20
1.288344205714564
 30
0.0
 11
0.7763477250527938
 21
1.291985281304327
 31
0.0
  0
LINE
  5
1156
330
FE9
100
AcDbEntity
  8
Nano
  6
Continuous
 62
     7
100
AcDbLine
 10
0.7763477250527938
 20
1.291985281304327
 30
0.0
 11
0.7780249551117824
 21
1.297006142817577
 31
0.0
  0
LINE
  5
1157
330
FE9
100
AcDbEntity
  8
Nano
  6
Continuous
 62
     7
100
AcDbLine
 10
0.7780249551117824
 20
1.297006142817577
 30
0.0
 11
0.7804990856299014
 21
1.303346565667012
 31
0.0
  0
LINE
  5
1158
330
FE9
100
AcDbEntity
  8
Nano
  6
Continuous
 62
     7
100
AcDbLine
 10
0.7804990856299014
 20
1.303346565667012
 30
0.0
 11
0.7839048502768708
 21
1.310935914572235
 31
0.0
  0
LINE
  5
1159
330
FE9
100
AcDbEntity
  8
Nano
  6
Continuous
 62
     7
100
AcDbLine
 10
0.7839048502768708
 20
1.310935914572235
 30
0.0
 11
0.7883717393218987
 21
1.319693457091783
 31
0.0
  0
LINE
  5
115A
330
FE9
100
AcDbEntity
  8
Nano
  6
Continuous
 62
     7
100
AcDbLine
 10
0.7883717393218987
 20
1.319693457091783
 30
0.0
 11
0.7940233309384317
 21
1.32952871983305
 31
0.0
  0
LINE
  5
115B
330
FE9
100
AcDbEntity
  8
Nano
  6
Continuous
 62
     7
100
AcDbLine
 10
0.7940233309384316
 20
1.32952871983305
 30
0.0
 11
0.8009766454363631
 21
1.340341886063685
 31
0.0
  0
LINE
  5
115C
330
FE9
100
AcDbEntity
  8
Nano
  6
Continuous
 62
     7
100
AcDbLine
 10
0.8009766454363631
 20
1.340341886063685
 30
0.0
 11
0.8093415248780672
 21
1.352024233301891
 31
0.0
  0
LINE
  5
115D
330
FE9
100
AcDbEntity
  8
Nano
  6
Continuous
 62
     7
100
AcDbLine
 10
0.8093415248780672
 20
1.352024233301891
 30
0.0
 11
0.8171383854825473
 21
1.361838369427524
 31
0.0
  0
LINE
  5
115E
330
FE9
100
AcDbEntity
  8
Nano
  6
Continuous
 62
     7
100
AcDbLine
 10
0.7746860426546981
 20
1.285388683597425
 30
0.0
 11
0.7670890850772314
 21
1.233643382017802
 31
0.0
  0
LINE
  5
115F
330
FE9
100
AcDbEntity
  8
Nano
  6
Continuous
 62
     7
100
AcDbLine
 10
0.8737606486422226
 20
1.262194559403944
 30
0.0
 11
0.8575990598364128
 21
1.212454303601707
 31
0.0
  0
ARC
  5
1160
330
FE9
100
AcDbEntity
  8
Nano
  6
Continuous
 62
     7
100
AcDbCircle
 10
0.6868053670453777
 20
0.6868053670453774
 30
0.0
 40
0.6875000000000002
100
AcDbArc
 50
74.57582019621816
 51
79.07199978994163
  0
LINE
  5
1161
330
FE9
100
AcDbEntity
  8
Nano
  6
Continuous
 62
     7
100
AcDbLine
 10
0.6868053670453795
 20
1.291805367045376
 30
0.0
 11
0.6867779339728553
 21
1.29256114435784
 31
0.0
  0
LINE
  5
1162
330
FE9
100
AcDbEntity
  8
Nano
  6
Continuous
 62
     7
100
AcDbLine
 10
0.6867779339728553
 20
1.29256114435784
 30
0.0
 11
0.6865994232322171
 21
1.2948228072452
 31
0.0
  0
LINE
  5
1163
330
FE9
100
AcDbEntity
  8
Nano
  6
Continuous
 62
     7
100
AcDbLine
 10
0.6865994232322171
 20
1.2948228072452
 30
0.0
 11
0.6861195126690112
 21
1.298573372177857
 31
0.0
  0
LINE
  5
1164
330
FE9
100
AcDbEntity
  8
Nano
  6
Continuous
 62
     7
100
AcDbLine
 10
0.6861195126690112
 20
1.298573372177857
 30
0.0
 11
0.6851893883228872
 21
1.303784611925437
 31
0.0
  0
LINE
  5
1165
330
FE9
100
AcDbEntity
  8
Nano
  6
Continuous
 62
     7
100
AcDbLine
 10
0.6851893883228872
 20
1.303784611925437
 30
0.0
 11
0.6836624914510506
 21
1.310417173246156
 31
0.0
  0
LINE
  5
1166
330
FE9
100
AcDbEntity
  8
Nano
  6
Continuous
 62
     7
100
AcDbLine
 10
0.6836624914510506
 20
1.310417173246156
 30
0.0
 11
0.6813952570898066
 21
1.318420741074753
 31
0.0
  0
LINE
  5
1167
330
FE9
100
AcDbEntity
  8
Nano
  6
Continuous
 62
     7
100
AcDbLine
 10
0.6813952570898066
 20
1.318420741074753
 30
0.0
 11
0.6782478413774962
 21
1.327734248634
 31
0.0
  0
LINE
  5
1168
330
FE9
100
AcDbEntity
  8
Nano
  6
Continuous
 62
     7
100
AcDbLine
 10
0.6782478413774962
 20
1.327734248634
 30
0.0
 11
0.6740848348996045
 21
1.338286132733764
 31
0.0
  0
LINE
  5
1169
330
FE9
100
AcDbEntity
  8
Nano
  6
Continuous
 62
     7
100
AcDbLine
 10
0.6740848348996045
 20
1.338286132733764
 30
0.0
 11
0.668775959363444
 21
1.349994633362797
 31
0.0
  0
LINE
  5
116A
330
FE9
100
AcDbEntity
  8
Nano
  6
Continuous
 62
     7
100
AcDbLine
 10
0.668775959363444
 20
1.349994633362797
 30
0.0
 11
0.6621967449654652
 21
1.362768136522607
 31
0.0
  0
LINE
  5
116B
330
FE9
100
AcDbEntity
  8
Nano
  6
Continuous
 62
     7
100
AcDbLine
 10
0.6621967449654652
 20
1.362768136522607
 30
0.0
 11
0.6559081536165709
 21
1.373610734090754
 31
0.0
  0
LINE
  5
116C
330
FE9
100
AcDbEntity
  8
Nano
  6
Continuous
 62
     7
100
AcDbLine
 10
0.5854124388761407
 20
1.283248553038198
 30
0.0
 11
0.5853128220074188
 21
1.283998238571584
 31
0.0
  0
LINE
  5
116D
330
FE9
100
AcDbEntity
  8
Nano
  6
Continuous
 62
     7
100
AcDbLine
 10
0.5853128220074188
 20
1.283998238571584
 30
0.0
 11
0.5851097722424587
 21
1.286257830546597
 31
0.0
  0
LINE
  5
116E
330
FE9
100
AcDbEntity
  8
Nano
  6
Continuous
 62
     7
100
AcDbLine
 10
0.5851097722424587
 20
1.286257830546597
 30
0.0
 11
0.5849543319523747
 21
1.290035778372991
 31
0.0
  0
LINE
  5
116F
330
FE9
100
AcDbEntity
  8
Nano
  6
Continuous
 62
     7
100
AcDbLine
 10
0.5849543319523747
 20
1.290035778372991
 30
0.0
 11
0.5849979409953047
 21
1.295329194024288
 31
0.0
  0
LINE
  5
1170
330
FE9
100
AcDbEntity
  8
Nano
  6
Continuous
 62
     7
100
AcDbLine
 10
0.5849979409953047
 20
1.295329194024288
 30
0.0
 11
0.5853916805347276
 21
1.30212384286771
 31
0.0
  0
LINE
  5
1171
330
FE9
100
AcDbEntity
  8
Nano
  6
Continuous
 62
     7
100
AcDbLine
 10
0.5853916805347276
 20
1.30212384286771
 30
0.0
 11
0.5862855174072406
 21
1.310394181753214
 31
0.0
  0
LINE
  5
1172
330
FE9
100
AcDbEntity
  8
Nano
  6
Continuous
 62
     7
100
AcDbLine
 10
0.5862855174072406
 20
1.310394181753214
 30
0.0
 11
0.5878275518735807
 21
1.320103444260062
 31
0.0
  0
LINE
  5
1173
330
FE9
100
AcDbEntity
  8
Nano
  6
Continuous
 62
     7
100
AcDbLine
 10
0.5878275518735807
 20
1.320103444260062
 30
0.0
 11
0.5901632715767292
 21
1.331203772834396
 31
0.0
  0
LINE
  5
1174
330
FE9
100
AcDbEntity
  8
Nano
  6
Continuous
 62
     7
100
AcDbLine
 10
0.5901632715767292
 20
1.331203772834396
 30
0.0
 11
0.5934348145115691
 21
1.343636397386918
 31
0.0
  0
LINE
  5
1175
330
FE9
100
AcDbEntity
  8
Nano
  6
Continuous
 62
     7
100
AcDbLine
 10
0.5934348145115691
 20
1.343636397386918
 30
0.0
 11
0.5977802437818303
 21
1.357331859756822
 31
0.0
  0
LINE
  5
1176
330
FE9
100
AcDbEntity
  8
Nano
  6
Continuous
 62
     7
100
AcDbLine
 10
0.5977802437818303
 20
1.357331859756822
 30
0.0
 11
0.6021627640184362
 21
1.369075020300469
 31
0.0
  0
LINE
  5
1177
330
FE9
100
AcDbEntity
  8
Nano
  6
Continuous
 62
     7
100
AcDbLine
 10
0.5854124388761407
 20
1.283248553038198
 30
0.0
 11
0.5941774804352336
 21
1.231688257786258
 31
0.0
  0
LINE
  5
1178
330
FE9
100
AcDbEntity
  8
Nano
  6
Continuous
 62
     7
100
AcDbLine
 10
0.6868053670453795
 20
1.291805367045376
 30
0.0
 11
0.6868053670453795
 21
1.239505367045376
 31
0.0
  0
ARC
  5
1179
330
FE9
100
AcDbEntity
  8
Nano
  6
Continuous
 62
     7
100
AcDbCircle
 10
0.6868053670453777
 20
0.6868053670453774
 30
0.0
 40
0.6875000000000006
100
AcDbArc
 50
92.57582019621819
 51
97.07199978994163
  0
LINE
  5
117A
330
FE9
100
AcDbEntity
  8
Nano
  6
Continuous
 62
     7
100
AcDbLine
 10
0.4998500854485359
 20
1.262194559403946
 30
0.0
 11
0.4995904470126358
 21
1.262904869056214
 31
0.0
  0
LINE
  5
117B
330
FE9
100
AcDbEntity
  8
Nano
  6
Continuous
 62
     7
100
AcDbLine
 10
0.4995904470126358
 20
1.262904869056214
 30
0.0
 11
0.4987217809417819
 21
1.265000675430365
 31
0.0
  0
LINE
  5
117C
330
FE9
100
AcDbEntity
  8
Nano
  6
Continuous
 62
     7
100
AcDbLine
 10
0.4987217809417819
 20
1.265000675430365
 30
0.0
 11
0.4971063705707083
 21
1.268419374129545
 31
0.0
  0
LINE
  5
117D
330
FE9
100
AcDbEntity
  8
Nano
  6
Continuous
 62
     7
100
AcDbLine
 10
0.4971063705707083
 20
1.268419374129545
 30
0.0
 11
0.4946114081065982
 21
1.273088133419624
 31
0.0
  0
LINE
  5
117E
330
FE9
100
AcDbEntity
  8
Nano
  6
Continuous
 62
     7
100
AcDbLine
 10
0.4946114081065982
 20
1.273088133419624
 30
0.0
 11
0.4911096687225908
 21
1.278924237001366
 31
0.0
  0
LINE
  5
117F
330
FE9
100
AcDbEntity
  8
Nano
  6
Continuous
 62
     7
100
AcDbLine
 10
0.4911096687225908
 20
1.278924237001366
 30
0.0
 11
0.4864801622346925
 21
1.285835468390507
 31
0.0
  0
LINE
  5
1180
330
FE9
100
AcDbEntity
  8
Nano
  6
Continuous
 62
     7
100
AcDbLine
 10
0.4864801622346925
 20
1.285835468390507
 30
0.0
 11
0.4806087598989627
 21
1.293720535500827
 31
0.0
  0
LINE
  5
1181
330
FE9
100
AcDbEntity
  8
Nano
  6
Continuous
 62
     7
100
AcDbLine
 10
0.4806087598989627
 20
1.293720535500827
 30
0.0
 11
0.473388793951283
 21
1.302469533883737
 31
0.0
  0
LINE
  5
1182
330
FE9
100
AcDbEntity
  8
Nano
  6
Continuous
 62
     7
100
AcDbLine
 10
0.473388793951283
 20
1.302469533883737
 30
0.0
 11
0.4647216276053969
 21
1.31196444694133
 31
0.0
  0
LINE
  5
1183
330
FE9
100
AcDbEntity
  8
Nano
  6
Continuous
 62
     7
100
AcDbLine
 10
0.4647216276053969
 20
1.31196444694133
 30
0.0
 11
0.4545171933260126
 21
1.322079681298772
 31
0.0
  0
LINE
  5
1184
330
FE9
100
AcDbEntity
  8
Nano
  6
Continuous
 62
     7
100
AcDbLine
 10
0.4545171933260126
 20
1.322079681298772
 30
0.0
 11
0.4451858406336038
 21
1.330448322772037
 31
0.0
  0
LINE
  5
1185
330
FE9
100
AcDbEntity
  8
Nano
  6
Continuous
 62
     7
100
AcDbLine
 10
0.406063881352859
 20
1.222724407769959
 30
0.0
 11
0.4057374745104747
 21
1.223406617776297
 31
0.0
  0
LINE
  5
1186
330
FE9
100
AcDbEntity
  8
Nano
  6
Continuous
 62
     7
100
AcDbLine
 10
0.4057374745104747
 20
1.223406617776297
 30
0.0
 11
0.4048461103877452
 21
1.225492871620224
 31
0.0
  0
LINE
  5
1187
330
FE9
100
AcDbEntity
  8
Nano
  6
Continuous
 62
     7
100
AcDbLine
 10
0.4048461103877452
 20
1.225492871620224
 30
0.0
 11
0.4035308278047481
 21
1.229037879827494
 31
0.0
  0
LINE
  5
1188
330
FE9
100
AcDbEntity
  8
Nano
  6
Continuous
 62
     7
100
AcDbLine
 10
0.4035308278047481
 20
1.229037879827494
 30
0.0
 11
0.4019365470746555
 21
1.234085693211492
 31
0.0
  0
LINE
  5
1189
330
FE9
100
AcDbEntity
  8
Nano
  6
Continuous
 62
     7
100
AcDbLine
 10
0.4019365470746555
 20
1.234085693211492
 30
0.0
 11
0.4002113536659188
 21
1.240669460479004
 31
0.0
  0
LINE
  5
118A
330
FE9
100
AcDbEntity
  8
Nano
  6
Continuous
 62
     7
100
AcDbLine
 10
0.4002113536659188
 20
1.240669460479004
 30
0.0
 11
0.3985057677831664
 21
1.248811230951839
 31
0.0
  0
LINE
  5
118B
330
FE9
100
AcDbEntity
  8
Nano
  6
Continuous
 62
     7
100
AcDbLine
 10
0.3985057677831664
 20
1.248811230951839
 30
0.0
 11
0.3969720025932673
 21
1.258521803183408
 31
0.0
  0
LINE
  5
118C
330
FE9
100
AcDbEntity
  8
Nano
  6
Continuous
 62
     7
100
AcDbLine
 10
0.3969720025932673
 20
1.258521803183408
 30
0.0
 11
0.3957632138645711
 21
1.269800620089414
 31
0.0
  0
LINE
  5
118D
330
FE9
100
AcDbEntity
  8
Nano
  6
Continuous
 62
     7
100
AcDbLine
 10
0.3957632138645711
 20
1.269800620089414
 30
0.0
 11
0.3950327438196769
 21
1.282635711049435
 31
0.0
  0
LINE
  5
118E
330
FE9
100
AcDbEntity
  8
Nano
  6
Continuous
 62
     7
100
AcDbLine
 10
0.3950327438196769
 20
1.282635711049435
 30
0.0
 11
0.394933362025136
 21
1.297003681272369
 31
0.0
  0
LINE
  5
118F
330
FE9
100
AcDbEntity
  8
Nano
  6
Continuous
 62
     7
100
AcDbLine
 10
0.394933362025136
 20
1.297003681272369
 30
0.0
 11
0.3954725502782949
 21
1.30952636386061
 31
0.0
  0
LINE
  5
1190
330
FE9
100
AcDbEntity
  8
Nano
  6
Continuous
 62
     7
100
AcDbLine
 10
0.406063881352859
 20
1.222724407769959
 30
0.0
 11
0.430332938711072
 21
1.176396199786662
 31
0.0
  0
LINE
  5
1191
330
FE9
100
AcDbEntity
  8
Nano
  6
Continuous
 62
     7
100
AcDbLine
 10
0.4998500854485359
 20
1.262194559403946
 30
0.0
 11
0.5160116742543457
 21
1.212454303601709
 31
0.0
  0
ARC
  5
1192
330
FE9
100
AcDbEntity
  8
Nano
  6
Continuous
 62
     7
100
AcDbCircle
 10
0.6868053670453777
 20
0.6868053670453774
 30
0.0
 40
0.6875000000000006
100
AcDbArc
 50
110.575820196218
 51
115.0719997899416
  0
LINE
  5
1193
330
FE9
100
AcDbEntity
  8
Nano
  6
Continuous
 62
     7
100
AcDbLine
 10
0.3311952894084324
 20
1.176260648642222
 30
0.0
 11
0.3307288608282694
 21
1.176855960576512
 31
0.0
  0
LINE
  5
1194
330
FE9
100
AcDbEntity
  8
Nano
  6
Continuous
 62
     7
100
AcDbLine
 10
0.3307288608282694
 20
1.176855960576512
 30
0.0
 11
0.329255070514567
 21
1.17858075830721
 31
0.0
  0
LINE
  5
1195
330
FE9
100
AcDbEntity
  8
Nano
  6
Continuous
 62
     7
100
AcDbLine
 10
0.329255070514567
 20
1.17858075830721
 30
0.0
 11
0.3266622879579724
 21
1.181332944724764
 31
0.0
  0
LINE
  5
1196
330
FE9
100
AcDbEntity
  8
Nano
  6
Continuous
 62
     7
100
AcDbLine
 10
0.3266622879579724
 20
1.181332944724764
 30
0.0
 11
0.3228467116852887
 21
1.185002212868869
 31
0.0
  0
LINE
  5
1197
330
FE9
100
AcDbEntity
  8
Nano
  6
Continuous
 62
     7
100
AcDbLine
 10
0.3228467116852887
 20
1.185002212868869
 30
0.0
 11
0.3177129044380705
 21
1.189470580230528
 31
0.0
  0
LINE
  5
1198
330
FE9
100
AcDbEntity
  8
Nano
  6
Continuous
 62
     7
100
AcDbLine
 10
0.3177129044380705
 20
1.189470580230528
 30
0.0
 11
0.3111742941742217
 21
1.194612955698465
 31
0.0
  0
LINE
  5
1199
330
FE9
100
AcDbEntity
  8
Nano
  6
Continuous
 62
     7
100
AcDbLine
 10
0.3111742941742217
 20
1.194612955698465
 30
0.0
 11
0.3031536389841595
 21
1.200297737052606
 31
0.0
  0
LINE
  5
119A
330
FE9
100
AcDbEntity
  8
Nano
  6
Continuous
 62
     7
100
AcDbLine
 10
0.3031536389841595
 20
1.200297737052606
 30
0.0
 11
0.2935834541381111
 21
1.206387436799089
 31
0.0
  0
LINE
  5
119B
330
FE9
100
AcDbEntity
  8
Nano
  6
Continuous
 62
     7
100
AcDbLine
 10
0.2935834541381111
 20
1.206387436799089
 30
0.0
 11
0.2824063996121335
 21
1.212739334040214
 31
0.0
  0
LINE
  5
119C
330
FE9
100
AcDbEntity
  8
Nano
  6
Continuous
 62
     7
100
AcDbLine
 10
0.2824063996121335
 20
1.212739334040214
 30
0.0
 11
0.2695756265770842
 21
1.2192061499794
 31
0.0
  0
LINE
  5
119D
330
FE9
100
AcDbEntity
  8
Nano
  6
Continuous
 62
     7
100
AcDbLine
 10
0.2695756265770842
 20
1.2192061499794
 30
0.0
 11
0.2581149303580512
 21
1.224281654422624
 31
0.0
  0
LINE
  5
119E
330
FE9
100
AcDbEntity
  8
Nano
  6
Continuous
 62
     7
100
AcDbLine
 10
0.254196256490109
 20
1.10974077282808
 30
0.0
 11
0.2536750106500051
 21
1.110288727838713
 31
0.0
  0
LINE
  5
119F
330
FE9
100
AcDbEntity
  8
Nano
  6
Continuous
 62
     7
100
AcDbLine
 10
0.2536750106500051
 20
1.110288727838713
 30
0.0
 11
0.2521825851003384
 21
1.111997426489524
 31
0.0
  0
LINE
  5
11A0
330
FE9
100
AcDbEntity
  8
Nano
  6
Continuous
 62
     7
100
AcDbLine
 10
0.2521825851003384
 20
1.111997426489524
 30
0.0
 11
0.2498362092477643
 21
1.114962484974817
 31
0.0
  0
LINE
  5
11A1
330
FE9
100
AcDbEntity
  8
Nano
  6
Continuous
 62
     7
100
AcDbLine
 10
0.2498362092477643
 20
1.114962484974817
 30
0.0
 11
0.2467600980505172
 21
1.119270580947307
 31
0.0
  0
LINE
  5
11A2
330
FE9
100
AcDbEntity
  8
Nano
  6
Continuous
 62
     7
100
AcDbLine
 10
0.2467600980505172
 20
1.119270580947307
 30
0.0
 11
0.2430848456445979
 21
1.124999001626962
 31
0.0
  0
LINE
  5
11A3
330
FE9
100
AcDbEntity
  8
Nano
  6
Continuous
 62
     7
100
AcDbLine
 10
0.2430848456445979
 20
1.124999001626962
 30
0.0
 11
0.2389467916362994
 21
1.132215230466194
 31
0.0
  0
LINE
  5
11A4
330
FE9
100
AcDbEntity
  8
Nano
  6
Continuous
 62
     7
100
AcDbLine
 10
0.2389467916362994
 20
1.132215230466194
 30
0.0
 11
0.2344873624133189
 21
1.140976573954922
 31
0.0
  0
LINE
  5
11A5
330
FE9
100
AcDbEntity
  8
Nano
  6
Continuous
 62
     7
100
AcDbLine
 10
0.2344873624133189
 20
1.140976573954922
 30
0.0
 11
0.2298523899156689
 21
1.151329830009704
 31
0.0
  0
LINE
  5
11A6
330
FE9
100
AcDbEntity
  8
Nano
  6
Continuous
 62
     7
100
AcDbLine
 10
0.2298523899156689
 20
1.151329830009704
 30
0.0
 11
0.2251914103885193
 21
1.163310999246718
 31
0.0
  0
LINE
  5
11A7
330
FE9
100
AcDbEntity
  8
Nano
  6
Continuous
 62
     7
100
AcDbLine
 10
0.2251914103885193
 20
1.163310999246718
 30
0.0
 11
0.2206569457116596
 21
1.176945040289731
 31
0.0
  0
LINE
  5
11A8
330
FE9
100
AcDbEntity
  8
Nano
  6
Continuous
 62
     7
100
AcDbLine
 10
0.2206569457116596
 20
1.176945040289731
 30
0.0
 11
0.2173000224784066
 21
1.189021437500167
 31
0.0
  0
LINE
  5
11A9
330
FE9
100
AcDbEntity
  8
Nano
  6
Continuous
 62
     7
100
AcDbLine
 10
0.254196256490109
 20
1.10974077282808
 30
0.0
 11
0.2915937052207547
 21
1.073179579898434
 31
0.0
  0
LINE
  5
11AA
330
FE9
100
AcDbEntity
  8
Nano
  6
Continuous
 62
     7
100
AcDbLine
 10
0.3311952894084324
 20
1.176260648642222
 30
0.0
 11
0.3619364581033288
 21
1.133949059836412
 31
0.0
  0
ARC
  5
11AB
330
FE9
100
AcDbEntity
  8
Nano
  6
Continuous
 62
     7
100
AcDbCircle
 10
0.6868053670453777
 20
0.6868053670453774
 30
0.0
 40
0.6875000000000006
100
AcDbArc
 50
128.5758201962181
 51
133.0719997899415
  0
LINE
  5
11AC
330
FE9
100
AcDbEntity
  8
Nano
  6
Continuous
 62
     7
100
AcDbLine
 10
0.197350085448535
 20
1.042415444682325
 30
0.0
 11
0.1967225240033344
 21
1.042837485618728
 31
0.0
  0
LINE
  5
11AD
330
FE9
100
AcDbEntity
  8
Nano
  6
Continuous
 62
     7
100
AcDbLine
 10
0.1967225240033344
 20
1.042837485618728
 30
0.0
 11
0.19478787431119
 21
1.044022439486721
 31
0.0
  0
LINE
  5
11AE
330
FE9
100
AcDbEntity
  8
Nano
  6
Continuous
 62
     7
100
AcDbLine
 10
0.19478787431119
 20
1.044022439486721
 30
0.0
 11
0.1914715191906923
 21
1.045838710440487
 31
0.0
  0
LINE
  5
11AF
330
FE9
100
AcDbEntity
  8
Nano
  6
Continuous
 62
     7
100
AcDbLine
 10
0.1914715191906923
 20
1.045838710440487
 30
0.0
 11
0.186708824299688
 21
1.048149313907379
 31
0.0
  0
LINE
  5
11B0
330
FE9
100
AcDbEntity
  8
Nano
  6
Continuous
 62
     7
100
AcDbLine
 10
0.186708824299688
 20
1.048149313907379
 30
0.0
 11
0.1804454820119548
 21
1.05081255011865
 31
0.0
  0
LINE
  5
11B1
330
FE9
100
AcDbEntity
  8
Nano
  6
Continuous
 62
     7
100
AcDbLine
 10
0.1804454820119548
 20
1.05081255011865
 30
0.0
 11
0.1726378127019579
 21
1.053682698125545
 31
0.0
  0
LINE
  5
11B2
330
FE9
100
AcDbEntity
  8
Nano
  6
Continuous
 62
     7
100
AcDbLine
 10
0.1726378127019579
 20
1.053682698125545
 30
0.0
 11
0.1632530222707572
 21
1.056610727716362
 31
0.0
  0
LINE
  5
11B3
330
FE9
100
AcDbEntity
  8
Nano
  6
Continuous
 62
     7
100
AcDbLine
 10
0.1632530222707572
 20
1.056610727716362
 30
0.0
 11
0.1522694148984701
 21
1.059445026585797
 31
0.0
  0
LINE
  5
11B4
330
FE9
100
AcDbEntity
  8
Nano
  6
Continuous
 62
     7
100
AcDbLine
 10
0.1522694148984703
 20
1.059445026585797
 30
0.0
 11
0.1396765601645217
 21
1.062032140052224
 31
0.0
  0
LINE
  5
11B5
330
FE9
100
AcDbEntity
  8
Nano
  6
Continuous
 62
     7
100
AcDbLine
 10
0.1396765601645217
 20
1.062032140052224
 30
0.0
 11
0.1254754138357306
 21
1.06421752057207
 31
0.0
  0
LINE
  5
11B6
330
FE9
100
AcDbEntity
  8
Nano
  6
Continuous
 62
     7
100
AcDbLine
 10
0.1254754138357306
 20
1.06421752057207
 30
0.0
 11
0.1130072268873581
 21
1.065503062247233
 31
0.0
  0
LINE
  5
11B7
330
FE9
100
AcDbEntity
  8
Nano
  6
Continuous
 62
     7
100
AcDbLine
 10
0.144675425533419
 20
0.955357273603944
 30
0.0
 11
0.1440103638701585
 21
0.9557173359646029
 31
0.0
  0
LINE
  5
11B8
330
FE9
100
AcDbEntity
  8
Nano
  6
Continuous
 62
     7
100
AcDbLine
 10
0.1440103638701585
 20
0.9557173359646029
 30
0.0
 11
0.142062965904696
 21
0.9568812200931562
 31
0.0
  0
LINE
  5
11B9
330
FE9
100
AcDbEntity
  8
Nano
  6
Continuous
 62
     7
100
AcDbLine
 10
0.142062965904696
 20
0.9568812200931562
 30
0.0
 11
0.1389151763991566
 21
0.9589760882731535
 31
0.0
  0
LINE
  5
11BA
330
FE9
100
AcDbEntity
  8
Nano
  6
Continuous
 62
     7
100
AcDbLine
 10
0.1389151763991566
 20
0.9589760882731535
 30
0.0
 11
0.1346583459312688
 21
0.9621227603840781
 31
0.0
  0
LINE
  5
11BB
330
FE9
100
AcDbEntity
  8
Nano
  6
Continuous
 62
     7
100
AcDbLine
 10
0.1346583459312688
 20
0.9621227603840781
 30
0.0
 11
0.1293927938406469
 21
0.9664350967474987
 31
0.0
  0
LINE
  5
11BC
330
FE9
100
AcDbEntity
  8
Nano
  6
Continuous
 62
     7
100
AcDbLine
 10
0.1293927938406469
 20
0.9664350967474987
 30
0.0
 11
0.1232273332646525
 21
0.9720194091959212
 31
0.0
  0
LINE
  5
11BD
330
FE9
100
AcDbEntity
  8
Nano
  6
Continuous
 62
     7
100
AcDbLine
 10
0.1232273332646525
 20
0.9720194091959212
 30
0.0
 11
0.1162787600116064
 21
0.9789739025972638
 31
0.0
  0
LINE
  5
11BE
330
FE9
100
AcDbEntity
  8
Nano
  6
Continuous
 62
     7
100
AcDbLine
 10
0.1162787600116064
 20
0.9789739025972638
 30
0.0
 11
0.1086713071468249
 21
0.9873881489628008
 31
0.0
  0
LINE
  5
11BF
330
FE9
100
AcDbEntity
  8
Nano
  6
Continuous
 62
     7
100
AcDbLine
 10
0.1086713071468248
 20
0.9873881489628008
 30
0.0
 11
0.1005360672884908
 21
0.9973425961541757
 31
0.0
  0
LINE
  5
11C0
330
FE9
100
AcDbEntity
  8
Nano
  6
Continuous
 62
     7
100
AcDbLine
 10
0.1005360672884908
 20
0.9973425961541757
 30
0.0
 11
0.0920103847253568
 21
1.008908113086025
 31
0.0
  0
LINE
  5
11C1
330
FE9
100
AcDbEntity
  8
Nano
  6
Continuous
 62
     7
100
AcDbLine
 10
0.0920103847253568
 20
1.008908113086025
 30
0.0
 11
0.0850859490408225
 21
1.019356103018492
 31
0.0
  0
LINE
  5
11C2
330
FE9
100
AcDbEntity
  8
Nano
  6
Continuous
 62
     7
100
AcDbLine
 10
0.144675425533419
 20
0.955357273603944
 30
0.0
 11
0.1915405427913951
 21
0.9321419600287159
 31
0.0
  0
LINE
  5
11C3
330
FE9
100
AcDbEntity
  8
Nano
  6
Continuous
 62
     7
100
AcDbLine
 10
0.197350085448535
 20
1.042415444682325
 30
0.0
 11
0.2396616742543446
 21
1.011674275987429
 31
0.0
  0
ARC
  5
11C4
330
FE9
100
AcDbEntity
  8
Nano
  6
Continuous
 62
     7
100
AcDbCircle
 10
0.6868053670453777
 20
0.6868053670453774
 30
0.0
 40
0.6875000000000006
100
AcDbArc
 50
146.5758201962181
 51
151.0719997899416
  0
LINE
  5
11C5
330
FE9
100
AcDbEntity
  8
Nano
  6
Continuous
 62
     7
100
AcDbLine
 10
0.1114161746868096
 20
0.8737606486422222
 30
0.0
 11
0.1106889104633055
 21
0.8739681062733506
 31
0.0
  0
LINE
  5
11C6
330
FE9
100
AcDbEntity
  8
Nano
  6
Continuous
 62
     7
100
AcDbLine
 10
0.1106889104633055
 20
0.8739681062733506
 30
0.0
 11
0.108482778384083
 21
0.8744972247379795
 31
0.0
  0
LINE
  5
11C7
330
FE9
100
AcDbEntity
  8
Nano
  6
Continuous
 62
     7
100
AcDbLine
 10
0.108482778384083
 20
0.8744972247379795
 30
0.0
 11
0.104767478645281
 21
0.8751997909723009
 31
0.0
  0
LINE
  5
11C8
330
FE9
100
AcDbEntity
  8
Nano
  6
Continuous
 62
     7
100
AcDbLine
 10
0.104767478645281
 20
0.8751997909723009
 30
0.0
 11
0.0995238708955351
 21
0.8759255517957196
 31
0.0
  0
LINE
  5
11C9
330
FE9
100
AcDbEntity
  8
Nano
  6
Continuous
 62
     7
100
AcDbLine
 10
0.0995238708955351
 20
0.8759255517957196
 30
0.0
 11
0.0927440931496818
 21
0.8765229607403849
 31
0.0
  0
LINE
  5
11CA
330
FE9
100
AcDbEntity
  8
Nano
  6
Continuous
 62
     7
100
AcDbLine
 10
0.0927440931496818
 20
0.8765229607403849
 30
0.0
 11
0.0844316338648297
 21
0.8768399312018242
 31
0.0
  0
LINE
  5
11CB
330
FE9
100
AcDbEntity
  8
Nano
  6
Continuous
 62
     7
100
AcDbLine
 10
0.0844316338648297
 20
0.8768399312018242
 30
0.0
 11
0.0746013568675761
 21
0.8767245930921891
 31
0.0
  0
LINE
  5
11CC
330
FE9
100
AcDbEntity
  8
Nano
  6
Continuous
 62
     7
100
AcDbLine
 10
0.0746013568675761
 20
0.8767245930921891
 30
0.0
 11
0.0632794789859426
 21
0.8760260501635134
 31
0.0
  0
LINE
  5
11CD
330
FE9
100
AcDbEntity
  8
Nano
  6
Continuous
 62
     7
100
AcDbLine
 10
0.0632794789859426
 20
0.8760260501635134
 30
0.0
 11
0.0505035004049604
 21
0.8745951351636684
 31
0.0
  0
LINE
  5
11CE
330
FE9
100
AcDbEntity
  8
Nano
  6
Continuous
 62
     7
100
AcDbLine
 10
0.0505035004049604
 20
0.8745951351636684
 30
0.0
 11
0.0363220879302941
 21
0.8722851599924513
 31
0.0
  0
LINE
  5
11CF
330
FE9
100
AcDbEntity
  8
Nano
  6
Continuous
 62
     7
100
AcDbLine
 10
0.0363220879302941
 20
0.8722851599924513
 30
0.0
 11
0.0240668832620554
 21
0.8696549011234935
 31
0.0
  0
LINE
  5
11D0
330
FE9
100
AcDbEntity
  8
Nano
  6
Continuous
 62
     7
100
AcDbLine
 10
0.0882220504933289
 20
0.7746860426546981
 30
0.0
 11
0.0874782738762686
 21
0.7748229669528205
 31
0.0
  0
LINE
  5
11D1
330
FE9
100
AcDbEntity
  8
Nano
  6
Continuous
 62
     7
100
AcDbLine
 10
0.0874782738762686
 20
0.7748229669528205
 30
0.0
 11
0.0852665283761892
 21
0.7753281074713545
 31
0.0
  0
LINE
  5
11D2
330
FE9
100
AcDbEntity
  8
Nano
  6
Continuous
 62
     7
100
AcDbLine
 10
0.0852665283761892
 20
0.7753281074713545
 30
0.0
 11
0.0816254527864261
 21
0.7763477250527937
 31
0.0
  0
LINE
  5
11D3
330
FE9
100
AcDbEntity
  8
Nano
  6
Continuous
 62
     7
100
AcDbLine
 10
0.0816254527864261
 20
0.7763477250527937
 30
0.0
 11
0.0766045912731763
 21
0.7780249551117823
 31
0.0
  0
LINE
  5
11D4
330
FE9
100
AcDbEntity
  8
Nano
  6
Continuous
 62
     7
100
AcDbLine
 10
0.0766045912731763
 20
0.7780249551117823
 30
0.0
 11
0.070264168423741
 21
0.7804990856299014
 31
0.0
  0
LINE
  5
11D5
330
FE9
100
AcDbEntity
  8
Nano
  6
Continuous
 62
     7
100
AcDbLine
 10
0.070264168423741
 20
0.7804990856299014
 30
0.0
 11
0.0626748195185184
 21
0.7839048502768704
 31
0.0
  0
LINE
  5
11D6
330
FE9
100
AcDbEntity
  8
Nano
  6
Continuous
 62
     7
100
AcDbLine
 10
0.0626748195185184
 20
0.7839048502768704
 30
0.0
 11
0.053917276998971
 21
0.7883717393218986
 31
0.0
  0
LINE
  5
11D7
330
FE9
100
AcDbEntity
  8
Nano
  6
Continuous
 62
     7
100
AcDbLine
 10
0.053917276998971
 20
0.7883717393218986
 30
0.0
 11
0.044082014257704
 21
0.7940233309384315
 31
0.0
  0
LINE
  5
11D8
330
FE9
100
AcDbEntity
  8
Nano
  6
Continuous
 62
     7
100
AcDbLine
 10
0.044082014257704
 20
0.7940233309384315
 30
0.0
 11
0.0332688480270685
 21
0.8009766454363631
 31
0.0
  0
LINE
  5
11D9
330
FE9
100
AcDbEntity
  8
Nano
  6
Continuous
 62
     7
100
AcDbLine
 10
0.0332688480270685
 20
0.8009766454363631
 30
0.0
 11
0.0215865007888627
 21
0.809341524878067
 31
0.0
  0
LINE
  5
11DA
330
FE9
100
AcDbEntity
  8
Nano
  6
Continuous
 62
     7
100
AcDbLine
 10
0.0215865007888627
 20
0.809341524878067
 30
0.0
 11
0.0117723646632294
 21
0.8171383854825471
 31
0.0
  0
LINE
  5
11DB
330
FE9
100
AcDbEntity
  8
Nano
  6
Continuous
 62
     7
100
AcDbLine
 10
0.0882220504933289
 20
0.7746860426546981
 30
0.0
 11
0.1399673520729526
 21
0.7670890850772312
 31
0.0
  0
LINE
  5
11DC
330
FE9
100
AcDbEntity
  8
Nano
  6
Continuous
 62
     7
100
AcDbLine
 10
0.1114161746868096
 20
0.8737606486422222
 30
0.0
 11
0.1611564304890461
 21
0.8575990598364127
 31
0.0
  0
ARC
  5
11DD
330
FE9
100
AcDbEntity
  8
Nano
  6
Continuous
 62
     7
100
AcDbCircle
 10
0.6868053670453777
 20
0.6868053670453774
 30
0.0
 40
0.6875000000000006
100
AcDbArc
 50
164.5758201962181
 51
169.0719997899416
  0
CIRCLE
  5
11DE
330
FE9
100
AcDbEntity
  8
Nano
  6
Continuous
 62
     7
100
AcDbCircle
 10
0.6868053670453777
 20
0.6868053670453774
 30
0.0
 40
0.125
  0
ARC
  5
11DF
330
FE9
100
AcDbEntity
  8
Nano
  6
Continuous
 62
     7
100
AcDbCircle
 10
0.6868053670453767
 20
0.6868053670453751
 30
0.0
 40
0.5527000000000002
100
AcDbArc
 50
153.6478199861595
 51
161.9999999999998
  0
ARC
  5
11E0
330
FE9
100
AcDbEntity
  8
Nano
  6
Continuous
 62
     7
100
AcDbCircle
 10
0.6868053670453774
 20
0.686805367045375
 30
0.0
 40
0.5527000000000001
100
AcDbArc
 50
171.6478199861595
 51
179.9999999999998
  0
ARC
  5
11E1
330
FE9
100
AcDbEntity
  8
Nano
  6
Continuous
 62
     7
100
AcDbCircle
 10
0.6868053670453782
 20
0.686805367045375
 30
0.0
 40
0.5527000000000001
100
AcDbArc
 50
189.6478199861594
 51
197.9999999999997
  0
ARC
  5
11E2
330
FE9
100
AcDbEntity
  8
Nano
  6
Continuous
 62
     7
100
AcDbCircle
 10
0.6868053670453788
 20
0.6868053670453753
 30
0.0
 40
0.5527000000000001
100
AcDbArc
 50
207.6478199861595
 51
215.9999999999997
  0
ARC
  5
11E3
330
FE9
100
AcDbEntity
  8
Nano
  6
Continuous
 62
     7
100
AcDbCircle
 10
0.6868053670453796
 20
0.6868053670453758
 30
0.0
 40
0.5527000000000002
100
AcDbArc
 50
225.6478199861595
 51
233.9999999999998
  0
ARC
  5
11E4
330
FE9
100
AcDbEntity
  8
Nano
  6
Continuous
 62
     7
100
AcDbCircle
 10
0.6868053670453799
 20
0.6868053670453766
 30
0.0
 40
0.5527000000000002
100
AcDbArc
 50
243.6478199861593
 51
251.9999999999998
  0
ARC
  5
11E5
330
FE9
100
AcDbEntity
  8
Nano
  6
Continuous
 62
     7
100
AcDbCircle
 10
0.6868053670453801
 20
0.6868053670453774
 30
0.0
 40
0.5527000000000002
100
AcDbArc
 50
261.6478199861595
 51
269.9999999999998
  0
ARC
  5
11E6
330
FE9
100
AcDbEntity
  8
Nano
  6
Continuous
 62
     7
100
AcDbCircle
 10
0.68680536704538
 20
0.686805367045378
 30
0.0
 40
0.5527000000000001
100
AcDbArc
 50
279.6478199861595
 51
287.9999999999999
  0
ARC
  5
11E7
330
FE9
100
AcDbEntity
  8
Nano
  6
Continuous
 62
     7
100
AcDbCircle
 10
0.6868053670453797
 20
0.6868053670453787
 30
0.0
 40
0.5527000000000001
100
AcDbArc
 50
297.6478199861595
 51
305.9999999999998
  0
ARC
  5
11E8
330
FE9
100
AcDbEntity
  8
Nano
  6
Continuous
 62
     7
100
AcDbCircle
 10
0.6868053670453792
 20
0.6868053670453796
 30
0.0
 40
0.5527000000000002
100
AcDbArc
 50
315.6478199861595
 51
323.9999999999998
  0
ARC
  5
11E9
330
FE9
100
AcDbEntity
  8
Nano
  6
Continuous
 62
     7
100
AcDbCircle
 10
0.6868053670453787
 20
0.6868053670453797
 30
0.0
 40
0.5527000000000002
100
AcDbArc
 50
333.6478199861595
 51
341.9999999999997
  0
ARC
  5
11EA
330
FE9
100
AcDbEntity
  8
Nano
  6
Continuous
 62
     7
100
AcDbCircle
 10
0.6868053670453778
 20
0.68680536704538
 30
0.0
 40
0.5527000000000002
100
AcDbArc
 50
351.6478199861595
 51
359.9999999999997
  0
ARC
  5
11EB
330
FE9
100
AcDbEntity
  8
Nano
  6
Continuous
 62
     7
100
AcDbCircle
 10
0.6868053670453769
 20
0.6868053670453799
 30
0.0
 40
0.5527000000000003
100
AcDbArc
 50
9.647819986159539
 51
17.99999999999979
  0
ARC
  5
11EC
330
FE9
100
AcDbEntity
  8
Nano
  6
Continuous
 62
     7
100
AcDbCircle
 10
0.6868053670453762
 20
0.6868053670453797
 30
0.0
 40
0.5527000000000002
100
AcDbArc
 50
27.64781998615954
 51
35.99999999999977
  0
ARC
  5
11ED
330
FE9
100
AcDbEntity
  8
Nano
  6
Continuous
 62
     7
100
AcDbCircle
 10
0.6868053670453757
 20
0.6868053670453791
 30
0.0
 40
0.5527000000000001
100
AcDbArc
 50
45.64781998615955
 51
53.99999999999979
  0
ARC
  5
11EE
330
FE9
100
AcDbEntity
  8
Nano
  6
Continuous
 62
     7
100
AcDbCircle
 10
0.6868053670453752
 20
0.6868053670453786
 30
0.0
 40
0.5527000000000002
100
AcDbArc
 50
63.64781998615955
 51
71.99999999999981
  0
ARC
  5
11EF
330
FE9
100
AcDbEntity
  8
Nano
  6
Continuous
 62
     7
100
AcDbCircle
 10
0.686805367045375
 20
0.6868053670453777
 30
0.0
 40
0.5527000000000001
100
AcDbArc
 50
81.64781998615955
 51
89.99999999999982
  0
ARC
  5
11F0
330
FE9
100
AcDbEntity
  8
Nano
  6
Continuous
 62
     7
100
AcDbCircle
 10
0.686805367045375
 20
0.6868053670453769
 30
0.0
 40
0.5527000000000001
100
AcDbArc
 50
99.64781998615954
 51
107.9999999999997
  0
ARC
  5
11F1
330
FE9
100
AcDbEntity
  8
Nano
  6
Continuous
 62
     7
100
AcDbCircle
 10
0.6868053670453753
 20
0.6868053670453761
 30
0.0
 40
0.5527000000000002
100
AcDbArc
 50
117.6478199861594
 51
125.9999999999998
  0
ARC
  5
11F2
330
FE9
100
AcDbEntity
  8
Nano
  6
Continuous
 62
     7
100
AcDbCircle
 10
0.6868053670453759
 20
0.6868053670453757
 30
0.0
 40
0.5527000000000002
100
AcDbArc
 50
135.6478199861595
 51
143.9999999999997
  0
ENDBLK
  5
11F5
330
FE9
100
AcDbEntity
  8
0
100
AcDbBlockEnd
  0
BLOCK
  5
9FBB
330
9FAD
100
AcDbEntity
  8
0
100
AcDbBlockBegin
  2
A$C676a35cd
 70
     0
 10
0.0
 20
0.0
 30
0.0
  3
A$C676a35cd
  1

  0
LWPOLYLINE
  5
9FAE
330
9FAD
100
AcDbEntity
  8
BoarderOutline
100
AcDbPolyline
 90
        2
 70
     1
 43
0.0
 10
5.25
 20
6.375
 42
-1.0
 10
2.25
 20
6.375
 42
-1.0
  0
LWPOLYLINE
  5
9FAF
330
9FAD
100
AcDbEntity
  8
BoarderOutline
100
AcDbPolyline
 90
        2
 70
     1
 43
0.0
 10
97.75
 20
6.375
 42
-1.0
 10
94.74999999999999
 20
6.375
 42
-1.0
  0
LWPOLYLINE
  5
9FB0
330
9FAD
100
AcDbEntity
  8
BoarderOutline
100
AcDbPolyline
 90
        2
 70
     1
 43
0.0
 10
2.92206260243347
 20
77.41300879147343
 42
-1.0
 10
5.922062602433469
 20
77.41300879147343
 42
-1.0
  0
LWPOLYLINE
  5
9FB1
330
9FAD
100
AcDbEntity
  8
BoarderOutline
100
AcDbPolyline
 90
        2
 70
     1
 43
0.0
 10
94.74999999999999
 20
83.46871145170394
 42
-1.0
 10
97.75
 20
83.46871145170394
 42
-1.0
  0
LWPOLYLINE
  5
9FB2
330
9FAD
100
AcDbEntity
  8
BoarderOutline
100
AcDbPolyline
 90
       34
 70
     1
 43
0.0
 10
100.0
 20
64.99320885140718
 10
100.0
 20
79.99320885140718
 10
100.0
 20
88.66670521450329
 42
0.2112204804127744
 10
99.01876838201088
 20
90.88584338500856
 10
89.85836508396095
 20
99.2191381705053
 42
0.1866619551472352
 10
87.83959670195008
 20
100.0
 10
80.99264068711908
 20
100.0
 42
0.1989123673796576
 10
78.87132034355954
 20
99.12132034355966
 10
76.87867965644045
 20
97.12867965644036
 42
-0.198912367379666
 10
74.75735931288091
 20
96.25
 10
69.99264068711909
 20
96.25
 42
-0.1989123673796575
 10
67.87132034355955
 20
97.12867965644036
 10
67.25
 20
97.75
 10
53.49264068711909
 20
97.75
 42
-0.1989123673796576
 10
51.37132034355953
 20
98.62867965644035
 10
50.87867965644091
 20
99.12132034355943
 42
0.1989123673796895
 10
48.7573593128809
 20
100.0
 10
20.84620809348326
 20
100.0
 42
0.1383357332525588
 10
19.27852191969532
 20
99.55780375723282
 10
5.932313826212066
 20
91.37786976445296
 42
0.2609265951346083
 10
4.5
 20
88.82006600722013
 10
4.5
 20
85.35977222864595
 42
-0.1790334540318761
 10
3.777769807095863
 20
83.40739810827802
 10
0.7222301929041352
 20
79.8426018917221
 42
0.1790334540318765
 10
0.0
 20
77.89022777135392
 10
0.0
 20
5.249999999999886
 42
0.2360679774997662
 10
1.199999999999817
 20
2.850000000000021
 10
3.666666666666515
 20
1.0
 42
0.16227766016838
 10
6.666666666666515
 20
0.0
 10
7.5
 20
0.0
 10
93.33333333333349
 20
0.0
 42
0.1622776601684019
 10
96.33333333333396
 20
1.00000000000034
 10
98.8000000000002
 20
2.850000000000362
 42
0.2360679774997589
 10
100.0
 20
5.250000000000113
  0
LWPOLYLINE
  5
9FB3
330
9FAD
100
AcDbEntity
  8
Breadboard
100
AcDbPolyline
 90
        4
 70
     1
 43
0.0
 10
9.141666286167037
 20
57.6099975056
 10
91.6916670471669
 20
57.6099975056
 10
91.6916670471669
 20
3.0
 10
9.141666286167037
 20
3.0
  0
LWPOLYLINE
  5
9FB4
330
9FAD
100
AcDbEntity
  8
Breadboard
100
AcDbPolyline
 90
        7
 70
     1
 43
0.0
 10
12.31666634696648
 20
56.33999748579999
 10
12.31666627096683
 20
57.60999748580003
 10
9.395637920964873
 20
57.60999750401618
 42
0.4142799230661792
 10
9.141666300696217
 20
57.35591159307722
 10
9.141666612966671
 20
51.89499750739997
 10
10.41166661296665
 20
51.89499758340001
 10
10.41166646096644
 20
54.43499758339999
  0
LWPOLYLINE
  5
9FB5
330
9FAD
100
AcDbEntity
  8
Breadboard
100
AcDbPolyline
 90
        7
 70
     1
 43
0.0
 10
88.516666986367
 20
56.33999748579999
 10
88.51666706236665
 20
57.60999748580003
 10
91.43769541236862
 20
57.60999750401618
 42
-0.4142799230661792
 10
91.69166703263726
 20
57.35591159307722
 10
91.69166672036679
 20
51.89499750739997
 10
90.42166672036684
 20
51.89499758340001
 10
90.42166687236704
 20
54.43499758339999
  0
LWPOLYLINE
  5
9FB6
330
9FAD
100
AcDbEntity
  8
Breadboard
100
AcDbPolyline
 90
        7
 70
     1
 43
0.0
 10
12.31666634696648
 20
4.270000019800022
 10
12.31666627096683
 20
3.000000019800011
 10
9.395637920964873
 20
3.000000001583828
 42
-0.4142799230661792
 10
9.141666300696217
 20
3.254085912522781
 10
9.141666612966671
 20
8.714999998200026
 10
10.41166661296665
 20
8.714999922200007
 10
10.41166646096644
 20
6.174999922200014
  0
LWPOLYLINE
  5
9FB7
330
9FAD
100
AcDbEntity
  8
Breadboard
100
AcDbPolyline
 90
        7
 70
     1
 43
0.0
 10
88.516666986367
 20
4.270000019800022
 10
88.51666706236665
 20
3.000000019800011
 10
91.43769541236862
 20
3.000000001583828
 42
0.4142799230661792
 10
91.69166703263726
 20
3.254085912522781
 10
91.69166672036679
 20
8.714999998200026
 10
90.42166672036684
 20
8.714999922200007
 10
90.42166687236704
 20
6.174999922200014
  0
LINE
  5
9FB8
330
9FAD
100
AcDbEntity
  8
Breadboard
100
AcDbLine
 10
50.4166666666665
 20
0.0
 30
0.0
 11
50.4166666666665
 21
3.0
 31
0.0
  0
ENDBLK
  5
9FBC
330
9FAD
100
AcDbEntity
  8
0
100
AcDbBlockEnd
  0
BLOCK
  5
A153
330
A141
100
AcDbEntity
  8
0
100
AcDbBlockBegin
  2
A$Cef78335e
 70
     0
 10
0.0
 20
0.0
 30
0.0
  3
A$Cef78335e
  1

  0
LWPOLYLINE
  5
A142
330
A141
100
AcDbEntity
  8
1M_15T v1_Sketch2
100
AcDbPolyline
 90
        4
 70
     1
 43
0.0
 10
4.0
 20
24.11848198118105
 10
4.0
 20
44.19848198118109
 10
0.0
 20
44.19848198118109
 10
0.0
 20
24.11848198118105
  0
LINE
  5
A143
330
A141
100
AcDbEntity
  8
1M_15T v1_Sketch2
100
AcDbLine
 10
0.0
 20
34.15848198118101
 30
0.0
 11
5.400000000000089
 21
34.15848198118101
 31
0.0
  0
CIRCLE
  5
A144
330
A141
100
AcDbEntity
  8
Dim
100
AcDbCircle
 10
5.400000000000089
 20
34.15848198118101
 30
0.0
 40
0.3
  0
LINE
  5
A145
330
A141
100
AcDbEntity
  8
Cen
100
AcDbLine
 10
3.0
 20
45.73902177004367
 30
0.0
 11
3.0
 21
23.08000000000004
 31
0.0
  0
LINE
  5
A146
330
A141
100
AcDbEntity
  8
Cen
100
AcDbLine
 10
2.200000000000271
 20
45.73902177004367
 30
0.0
 11
2.200000000000271
 21
23.08000000000004
 31
0.0
  0
LWPOLYLINE
  5
A147
330
A141
100
AcDbEntity
  8
1M_15T v1_Sketch2
100
AcDbPolyline
 90
        4
 70
     1
 43
0.0
 10
100.4000000000005
 20
12.57848198118108
 10
100.4000000000005
 20
32.65848198118113
 10
104.4000000000005
 20
32.65848198118113
 10
104.4000000000005
 20
12.57848198118108
  0
LINE
  5
A148
330
A141
100
AcDbEntity
  8
1M_15T v1_Sketch2
100
AcDbLine
 10
104.4000000000005
 20
22.61848198118105
 30
0.0
 11
99.00000000000046
 21
22.61848198118105
 31
0.0
  0
CIRCLE
  5
A149
330
A141
100
AcDbEntity
  8
Dim
100
AcDbCircle
 10
99.00000000000046
 20
22.61848198118105
 30
0.0
 40
0.3
  0
LINE
  5
A14A
330
A141
100
AcDbEntity
  8
Cen
100
AcDbLine
 10
101.4000000000005
 20
34.19902177004372
 30
0.0
 11
101.4000000000005
 21
11.54000000000007
 31
0.0
  0
LINE
  5
A14B
330
A141
100
AcDbEntity
  8
Cen
100
AcDbLine
 10
102.2000000000002
 20
34.19902177004372
 30
0.0
 11
102.2000000000002
 21
11.54000000000007
 31
0.0
  0
LWPOLYLINE
  5
A14C
330
A141
100
AcDbEntity
  8
1M_15T v1_Sketch2
100
AcDbPolyline
 90
        4
 70
     1
 43
0.0
 10
4.0
 20
1.038481981181007
 10
4.0
 20
21.11848198118105
 10
0.0
 20
21.11848198118105
 10
0.0
 20
1.038481981181007
  0
LINE
  5
A14D
330
A141
100
AcDbEntity
  8
1M_15T v1_Sketch2
100
AcDbLine
 10
0.0
 20
11.07848198118097
 30
0.0
 11
5.400000000000089
 21
11.07848198118097
 31
0.0
  0
CIRCLE
  5
A14E
330
A141
100
AcDbEntity
  8
Dim
100
AcDbCircle
 10
5.400000000000089
 20
11.07848198118097
 30
0.0
 40
0.3
  0
LINE
  5
A14F
330
A141
100
AcDbEntity
  8
Cen
100
AcDbLine
 10
3.0
 20
22.65902177004364
 30
0.0
 11
3.0
 21
0.0
 31
0.0
  0
LINE
  5
A150
330
A141
100
AcDbEntity
  8
Cen
100
AcDbLine
 10
2.200000000000271
 20
22.65902177004364
 30
0.0
 11
2.200000000000271
 21
0.0
 31
0.0
  0
ENDBLK
  5
A154
330
A141
100
AcDbEntity
  8
0
100
AcDbBlockEnd
  0
ENDSEC
  0
SECTION
  2
ENTITIES
  0
LWPOLYLINE
  5
B406
330
1F
100
AcDbEntity
  8
BoarderOutline
100
AcDbPolyline
 90
        2
 70
     1
 43
0.0
 10
67.95495577055101
 20
22.08164018753456
 42
-1.0
 10
64.95495577055104
 20
22.08164018753456
 42
-1.0
  0
LWPOLYLINE
  5
B407
330
1F
100
AcDbEntity
  8
BoarderOutline
100
AcDbPolyline
 90
        2
 70
     1
 43
0.0
 10
160.454955770551
 20
22.08164018753456
 42
-1.0
 10
157.454955770551
 20
22.08164018753456
 42
-1.0
  0
LWPOLYLINE
  5
B408
330
1F
100
AcDbEntity
  8
BoarderOutline
100
AcDbPolyline
 90
        2
 70
     1
 43
0.0
 10
65.62701837298451
 20
93.11964897900798
 42
-1.0
 10
68.62701837298451
 20
93.11964897900798
 42
-1.0
  0
LWPOLYLINE
  5
B409
330
1F
100
AcDbEntity
  8
BoarderOutline
100
AcDbPolyline
 90
        2
 70
     1
 43
0.0
 10
157.454955770551
 20
99.17535163923851
 42
-1.0
 10
160.454955770551
 20
99.17535163923851
 42
-1.0
  0
LWPOLYLINE
  5
B40A
330
1F
100
AcDbEntity
  8
BoarderOutline
100
AcDbPolyline
 90
       34
 70
     1
 43
0.0
 10
162.704955770551
 20
80.69984903894173
 10
162.704955770551
 20
95.69984903894175
 10
162.704955770551
 20
104.3733454020378
 42
0.2112204804127744
 10
161.7237241525619
 20
106.5924835725431
 10
152.5633208545119
 20
114.9257783580398
 42
0.1866619551472352
 10
150.5445524725011
 20
115.7066401875345
 10
143.6975964576701
 20
115.7066401875345
 42
0.1989123673796576
 10
141.5762761141105
 20
114.8279605310942
 10
139.5836354269914
 20
112.8353198439749
 42
-0.198912367379666
 10
137.4623150834319
 20
111.9566401875345
 10
132.6975964576701
 20
111.9566401875345
 42
-0.1989123673796575
 10
130.5762761141105
 20
112.8353198439749
 10
129.954955770551
 20
113.4566401875345
 10
116.1975964576701
 20
113.4566401875345
 42
-0.1989123673796576
 10
114.0762761141105
 20
114.3353198439749
 10
113.5836354269919
 20
114.827960531094
 42
0.1989123673796895
 10
111.4623150834319
 20
115.7066401875345
 10
83.55116386403421
 20
115.7066401875345
 42
0.1383357332525588
 10
81.98347769024634
 20
115.2644439447674
 10
68.63726959676302
 20
107.0845099519875
 42
0.2609265951346083
 10
67.20495577055101
 20
104.5267061947547
 10
67.20495577055101
 20
101.0664124161805
 42
-0.1790334540318761
 10
66.48272557764691
 20
99.11403829581258
 10
63.42718596345516
 20
95.54924207925665
 42
0.1790334540318765
 10
62.704955770551
 20
93.59686795888848
 10
62.704955770551
 20
20.95664018753445
 42
0.2360679774997662
 10
63.90495577055085
 20
18.55664018753458
 10
66.37162243721753
 20
16.70664018753456
 42
0.16227766016838
 10
69.37162243721752
 20
15.70664018753456
 10
70.204955770551
 20
15.70664018753456
 10
156.0382891038845
 20
15.70664018753456
 42
0.1622776601684019
 10
159.0382891038849
 20
16.7066401875349
 10
161.5049557705512
 20
18.55664018753492
 42
0.2360679774997589
 10
162.704955770551
 20
20.95664018753467
  0
LWPOLYLINE
  5
B411
330
1F
100
AcDbEntity
  8
1M_15T v1_Sketch2
100
AcDbPolyline
 90
        4
 70
     1
 43
0.0
 10
160.9049557705504
 20
60.70664018753639
 10
160.9049557705497
 20
80.78664018753645
 10
162.7049557705493
 20
80.7866401875365
 10
162.7049557705501
 20
60.70664018753648
  0
LWPOLYLINE
  5
B412
330
1F
100
AcDbEntity
  8
1M_15T v1_Sketch2
100
AcDbPolyline
 90
        4
 70
     1
 43
0.0
 10
160.9049557705513
 20
37.62664018753637
 10
160.9049557705505
 20
57.70664018753639
 10
162.7049557705502
 20
57.70664018753648
 10
162.704955770551
 20
37.62664018753644
  0
CIRCLE
  5
B413
330
1F
100
AcDbEntity
  8
Breadboard
100
AcDbCircle
 10
159.5049557705501
 20
65.66664018753631
 30
0.0
 40
0.4
  0
CIRCLE
  5
B414
330
1F
100
AcDbEntity
  8
Breadboard
100
AcDbCircle
 10
159.50495577055
 20
68.20664018753631
 30
0.0
 40
0.4
  0
CIRCLE
  5
B415
330
1F
100
AcDbEntity
  8
Breadboard
100
AcDbCircle
 10
159.50495577055
 20
70.74664018753631
 30
0.0
 40
0.4
  0
CIRCLE
  5
B416
330
1F
100
AcDbEntity
  8
Breadboard
100
AcDbCircle
 10
159.5049557705499
 20
73.28664018753632
 30
0.0
 40
0.4
  0
CIRCLE
  5
B417
330
1F
100
AcDbEntity
  8
Breadboard
100
AcDbCircle
 10
159.5049557705497
 20
75.82664018753631
 30
0.0
 40
0.4
  0
CIRCLE
  5
B418
330
1F
100
AcDbEntity
  8
Breadboard
100
AcDbCircle
 10
159.504955770551
 20
42.58664018753627
 30
0.0
 40
0.4
  0
CIRCLE
  5
B419
330
1F
100
AcDbEntity
  8
Breadboard
100
AcDbCircle
 10
159.5049557705509
 20
45.12664018753627
 30
0.0
 40
0.4
  0
CIRCLE
  5
B41A
330
1F
100
AcDbEntity
  8
Breadboard
100
AcDbCircle
 10
159.5049557705508
 20
47.66664018753629
 30
0.0
 40
0.4
  0
CIRCLE
  5
B41B
330
1F
100
AcDbEntity
  8
Breadboard
100
AcDbCircle
 10
159.5049557705507
 20
50.20664018753627
 30
0.0
 40
0.4
  0
CIRCLE
  5
B41C
330
1F
100
AcDbEntity
  8
Breadboard
100
AcDbCircle
 10
159.5049557705507
 20
52.74664018753627
 30
0.0
 40
0.4
  0
ENDSEC
  0
SECTION
  2
OBJECTS
  0
DICTIONARY
  5
C
330
0
100
AcDbDictionary
281
     1
  3
ACAD_ASSOCPERSSUBENTMANAGER
350
25AE
  3
ACAD_BACKGROUND
350
25E0
  3
ACAD_CIP_PREVIOUS_PRODUCT_INFO
350
1A5
  3
ACAD_COLOR
350
73
  3
ACAD_DETAILVIEWSTYLE
350
1AB
  3
ACAD_GROUP
350
D
  3
ACAD_IMAGE_DICT
350
6016
  3
ACAD_IMAGE_VARS
350
6018
  3
ACAD_LAST_SAVED_VERSION_INFO
350
245
  3
ACAD_LAYOUT
350
1A
  3
ACAD_MATERIAL
350
72
  3
ACAD_MLEADERSTYLE
350
D7
  3
ACAD_MLINESTYLE
350
17
  3
ACAD_PERSUBENTMGR
350
2C53
  3
ACAD_PLOTSETTINGS
350
19
  3
ACAD_PLOTSTYLENAME
350
E
  3
ACAD_RENDER_ACTIVE_RAPIDRT_SETTINGS
350
1873
  3
ACAD_RENDER_ACTIVE_SETTINGS
350
B067
  3
ACAD_SCALELIST
350
B6
  3
ACAD_SECTIONVIEWSTYLE
350
1A8
  3
ACAD_TABLESTYLE
350
86
  3
ACAD_VISUALSTYLE
350
99
  3
ACDB_RECOMPOSE_DATA
350
B472
  3
AcDbVariableDictionary
350
66
  0
DICTIONARY
  5
18E
330
2
100
AcDbDictionary
280
     1
281
     1
  3
ACAD_LAYERSTATES
360
18F
  0
DICTIONARY
  5
E6
330
10
100
AcDbDictionary
280
     1
281
     1
  0
DICTIONARY
  5
15D
330
1F
100
AcDbDictionary
280
     1
281
     1
  3
ACAD_SORTENTS
360
268
  0
DICTIONARY
  5
11F3
330
FE9
100
AcDbDictionary
280
     1
281
     1
  0
DICTIONARY
  5
9FB9
330
9FAD
100
AcDbDictionary
280
     1
281
     1
  3
ACAD_SORTENTS
360
9FBA
  0
DICTIONARY
  5
A151
330
A141
100
AcDbDictionary
280
     1
281
     1
  3
ACAD_SORTENTS
360
A152
  0
ACDBASSOCPERSSUBENTMANAGER
  5
25AE
102
{ACAD_REACTORS
330
C
102
}
330
C
100
AcDbAssocPersSubentManager
 90
        2
 90
        3
 90
        0
 90
        2
 90
     3435
 90
        0
 90
        0
 90
        0
 90
        0
290
     0
  0
DICTIONARY
  5
25E0
102
{ACAD_REACTORS
330
C
102
}
330
C
100
AcDbDictionary
281
     1
  0
XRECORD
  5
1A5
102
{ACAD_REACTORS
330
C
102
}
330
C
100
AcDbXrecord
280
     1
300
ACD
300
2024
300

  0
DICTIONARY
  5
73
102
{ACAD_REACTORS
330
C
102
}
330
C
100
AcDbDictionary
281
     1
  0
DICTIONARY
  5
1AB
102
{ACAD_REACTORS
330
C
102
}
330
C
100
AcDbDictionary
281
     1
  3
Imperial24
350
1AC
  3
Metric50
350
67F1
  0
DICTIONARY
  5
D
102
{ACAD_REACTORS
330
C
102
}
330
C
100
AcDbDictionary
281
     1
  0
DICTIONARY
  5
6016
102
{ACAD_REACTORS
330
C
102
}
330
C
100
AcDbDictionary
281
     1
  3
unnamed
350
63A4
  3
WhatsApp Image 2025-11-19 at 19.14.32
350
6019
  0
RASTERVARIABLES
  5
6018
102
{ACAD_REACTORS
330
C
102
}
330
C
100
AcDbRasterVariables
 90
        0
 70
     1
 71
     1
 72
     1
  0
XRECORD
  5
245
102
{ACAD_REACTORS
330
C
102
}
330
C
100
AcDbXrecord
280
     1
300
{2959B70E-F136-BD4D-9CDA-E6A7087B5980}
301
{8DEE5039-BFFB-3144-97AE-90F43D28F84B}
302
{2959B70E-F136-BD4D-9CDA-E6A7087B5980}
303
C:\Users\User\Documents\PROJECTS\FYP\FYP_AutoCAD\PCB\Complete_PCB_Layers.dxf
  0
DICTIONARY
  5
1A
102
{ACAD_REACTORS
330
C
102
}
330
C
100
AcDbDictionary
281
     1
  3
Layout1
350
59
  3
Layout2
350
5E
  3
Model
350
22
  0
DICTIONARY
  5
72
102
{ACAD_REACTORS
330
C
102
}
330
C
100
AcDbDictionary
281
     1
  3
ByBlock
350
97
  3
ByLayer
350
96
  3
Global
350
98
  3
Steel - Satin
350
2586
  0
DICTIONARY
  5
D7
102
{ACAD_REACTORS
330
C
102
}
330
C
100
AcDbDictionary
281
     1
  3
Annotative
350
E5
  3
Standard
350
D8
  0
DICTIONARY
  5
17
102
{ACAD_REACTORS
330
C
102
}
330
C
100
AcDbDictionary
281
     1
  3
Standard
350
18
  0
ACDBPERSSUBENTMANAGER
  5
2C53
102
{ACAD_REACTORS
330
C
102
}
330
C
100
AcDbPersSubentManager
 90
        2
 90
        0
 90
        2
 90
     3435
 90
        0
 90
        0
  0
DICTIONARY
  5
19
102
{ACAD_REACTORS
330
C
102
}
330
C
100
AcDbDictionary
281
     1
  0
ACDBDICTIONARYWDFLT
  5
E
102
{ACAD_REACTORS
330
C
102
}
330
C
100
AcDbDictionary
281
     1
  3
Normal
350
F
100
AcDbDictionaryWithDefault
340
F
  0
RAPIDRTRENDERSETTINGS
  5
1873
102
{ACAD_REACTORS
330
C
102
}
330
C
100
AcDbRenderSettings
 90
        2
  1
Medium
290
     1
290
     0
290
     1
290
     1
  1

  1
Applies 5 rendering levels
 90
        0
100
AcDbRapidRTRenderSettings
 90
        3
 70
     0
 90
        5
 90
        1
 70
     1
 70
     2
 40
3.0
 40
3.0
290
     1
  0
MENTALRAYRENDERSETTINGS
  5
B067
102
{ACAD_XDICTIONARY
360
B068
102
}
102
{ACAD_REACTORS
330
C
102
}
330
C
100
AcDbRenderSettings
 90
        2
  1
Medium
290
     1
290
     1
290
     1
290
     1
  1

  1

 90
        0
100
AcDbMentalRayRenderSettings
 90
        2
 90
        0
 90
        1
 70
     2
 40
3.0
 40
3.0
 40
0.0500000007450581
 40
0.0500000007450581
 40
0.0500000007450581
 40
0.0500000007450581
 70
     0
290
     0
290
     1
 90
        5
 90
        5
 90
        5
290
     0
 90
      500
290
     0
 40
1.0
 90
    10000
 90
        5
 90
        5
 90
        5
290
     0
 90
      200
290
     0
290
     0
290
     0
 40
1.0
 40
1.0
 40
1500.0
 70
     0
 70
     0
 40
10.0
 70
     0
 70
     0
290
     0
  1

 90
       32
 70
     0
 90
     1048
290
     0
 40
1.0
  0
DICTIONARY
  5
B6
102
{ACAD_REACTORS
330
C
102
}
330
C
100
AcDbDictionary
281
     1
  3
A0
350
B7
  3
A1
350
124
  3
A2
350
125
  3
A3
350
126
  3
A4
350
127
  3
A5
350
128
  3
A6
350
129
  3
A7
350
12A
  3
A8
350
12B
  3
A9
350
12C
  3
B0
350
12D
  3
B1
350
12E
  3
B2
350
12F
  3
B3
350
130
  3
B4
350
131
  3
B5
350
132
  3
B6
350
133
  3
B7
350
134
  3
B8
350
135
  3
B9
350
136
  3
C0
350
137
  3
C1
350
138
  3
C2
350
139
  3
C3
350
13A
  3
C4
350
13B
  3
C5
350
13C
  3
C6
350
13D
  3
C7
350
13E
  3
C8
350
13F
  3
C9
350
140
  3
D0
350
141
  3
D1
350
142
  3
D2
350
143
  0
DICTIONARY
  5
1A8
102
{ACAD_REACTORS
330
C
102
}
330
C
100
AcDbDictionary
281
     1
  3
Imperial24
350
1AA
  3
Metric50
350
67F0
  0
DICTIONARY
  5
86
102
{ACAD_REACTORS
330
C
102
}
330
C
100
AcDbDictionary
281
     1
  3
Standard
350
87
  0
DICTIONARY
  5
99
102
{ACAD_REACTORS
330
C
102
}
330
C
100
AcDbDictionary
281
     1
  3
2dWireframe
350
9F
  3
Basic
350
9E
  3
Brighten
350
A5
  3
ColorChange
350
A9
  3
Conceptual
350
A2
  3
Dim
350
A4
  3
EdgeColorOff
350
175
  3
Facepattern
350
A8
  3
Flat
350
9A
  3
FlatWithEdges
350
9B
  3
Gouraud
350
9C
  3
GouraudWithEdges
350
9D
  3
Hidden
350
A1
  3
JitterOff
350
173
  3
Linepattern
350
A7
  3
OverhangOff
350
174
  3
Realistic
350
A3
  3
Shaded
350
182
  3
Shaded with edges
350
181
  3
Shades of Gray
350
17E
  3
Sketchy
350
17F
  3
Thicken
350
A6
  3
Wireframe
350
A0
  3
X-Ray
350
180
  0
XRECORD
  5
B472
102
{ACAD_REACTORS
330
C
102
}
330
C
100
AcDbXrecord
280
     1
 90
        1
330
87
  0
DICTIONARY
  5
66
102
{ACAD_REACTORS
330
C
102
}
330
C
100
AcDbDictionary
281
     1
  3
CANNOSCALE
350
F0
  3
CMLEADERSTYLE
350
EF
  3
CTABLESTYLE
350
89
  3
CVIEWDETAILSTYLE
350
1B7
  3
CVIEWSECTIONSTYLE
350
1B8
  3
DIMASSOC
350
67
  3
FILLETRAD3D
350
4FBB
  3
HIDETEXT
350
6B
  3
HPCOLOR
350
251A
  3
HPTRANSPARENCY
350
2519
  3
LAYEREVAL
350
14D
  3
LAYERNOTIFY
350
14E
  0
DICTIONARY
  5
18F
102
{ACAD_REACTORS
330
18E
102
}
330
18E
100
AcDbDictionary
281
     1
  0
SORTENTSTABLE
  5
268
102
{ACAD_REACTORS
330
15D
102
}
330
15D
100
AcDbSortentsTable
330
1F
  0
SORTENTSTABLE
  5
9FBA
102
{ACAD_REACTORS
330
9FB9
102
}
330
9FB9
100
AcDbSortentsTable
330
9FAD
  0
SORTENTSTABLE
  5
A152
102
{ACAD_REACTORS
330
A151
102
}
330
A151
100
AcDbSortentsTable
330
A141
  0
ACDBDETAILVIEWSTYLE
  5
1AC
102
{ACAD_REACTORS
330
1AB
102
}
330
1AB
100
AcDbModelDocViewStyle
 70
     0
  3
Imperial24
290
     0
300
Imperial24
 90
        0
100
AcDbDetailViewStyle
 70
     0
 71
     0
 90
        3
 71
     1
340
11
 62
   256
 40
0.24
340
0
 62
   256
 40
0.24
300

 40
0.36
280
     3
 71
     2
340
16
 90
       25
 62
   256
 71
     3
340
11
 62
   256
 40
0.24
 90
        1
 40
0.75
 90
        1
300
%<\AcVar ViewType \f "%tc1">% %<\AcVar ViewDetailId>%\PSCALE %<\AcVar ViewScale \f "%sn">%
 71
     4
340
16
 90
       25
 62
   256
340
16
 90
       25
 62
   256
280
     0
  0
ACDBDETAILVIEWSTYLE
  5
67F1
102
{ACAD_REACTORS
330
1AB
102
}
330
1AB
100
AcDbModelDocViewStyle
 70
     0
  3
Metric50
290
     0
300
Metric50
 90
        0
100
AcDbDetailViewStyle
 70
     0
 71
     0
 90
        3
 71
     1
340
11
 62
   256
 40
5.0
340
0
 62
   256
 40
5.0
300

 40
0.0
280
     1
 71
     2
340
16
 90
       25
 62
   256
 71
     3
340
11
 62
   256
 40
5.0
 90
        0
 40
15.0
 90
        1
300
%<\AcVar ViewDetailId>% (%<\AcVar ViewScale \f "%sn">%)
 71
     4
340
16
 90
       25
 62
   256
340
16
 90
       25
 62
   256
280
     0
  0
IMAGEDEF
  5
63A4
102
{ACAD_REACTORS
330
6016
102
}
330
6016
100
AcDbRasterImageDef
 90
        0
  1
..\..\..\Desktop\unnamed.jpg
 10
798.0
 20
798.0
 11
0.2645833333333333
 21
0.2645833333333333
280
     1
281
     5
  0
IMAGEDEF
  5
6019
102
{ACAD_REACTORS
330
6016
102
}
330
6016
100
AcDbRasterImageDef
 90
        0
  1
..\AppData\Local\Packages\5319275A.WhatsAppDesktop_cv1g1gvanyjgm\LocalState\sessions\962257457BCFB6CE606E63AF4DB9E35E3F1974D8\transfers\2025-47\WhatsApp Image 2025-11-19 at 19.14.32.jpeg
 10
521.0
 20
478.0
 11
0.0019193857965451
 21
0.0019193857965451
280
     1
281
     0
  0
LAYOUT
  5
59
102
{ACAD_REACTORS
330
1A
102
}
330
1A
100
AcDbPlotSettings
  1

  2
None
  4

  6

 40
0.0
 41
0.0
 42
0.0
 43
0.0
 44
0.0
 45
0.0
 46
0.0
 47
0.0
 48
0.0
 49
0.0
140
0.0
141
0.0
142
1.0
143
1.0
 70
   688
 72
     0
 73
     0
 74
     5
  7

 75
    16
147
1.0
 76
     0
 77
     2
 78
   300
148
0.0
149
0.0
100
AcDbLayout
  1
Layout1
 70
     1
 71
     1
 10
0.0
 20
0.0
 11
12.0
 21
9.0
 12
0.0
 22
0.0
 32
0.0
 14
0.0
 24
0.0
 34
0.0
 15
0.0
 25
0.0
 35
0.0
146
0.0
 13
0.0
 23
0.0
 33
0.0
 16
1.0
 26
0.0
 36
0.0
 17
0.0
 27
1.0
 37
0.0
 76
     0
330
58
  0
LAYOUT
  5
5E
102
{ACAD_REACTORS
330
1A
102
}
330
1A
100
AcDbPlotSettings
  1

  2
None
  4

  6

 40
0.0
 41
0.0
 42
0.0
 43
0.0
 44
0.0
 45
0.0
 46
0.0
 47
0.0
 48
0.0
 49
0.0
140
0.0
141
0.0
142
1.0
143
1.0
 70
   688
 72
     0
 73
     0
 74
     5
  7

 75
    16
147
1.0
 76
     0
 77
     2
 78
   300
148
0.0
149
0.0
100
AcDbLayout
  1
Layout2
 70
     1
 71
     2
 10
0.0
 20
0.0
 11
12.0
 21
9.0
 12
0.0
 22
0.0
 32
0.0
 14
0.0
 24
0.0
 34
0.0
 15
0.0
 25
0.0
 35
0.0
146
0.0
 13
0.0
 23
0.0
 33
0.0
 16
1.0
 26
0.0
 36
0.0
 17
0.0
 27
1.0
 37
0.0
 76
     0
330
5D
  0
LAYOUT
  5
22
102
{ACAD_XDICTIONARY
360
194
102
}
102
{ACAD_REACTORS
330
1A
102
}
330
1A
100
AcDbPlotSettings
  1

  2
none_device
  4
ANSI_A_(8.50_x_11.00_Inches)
  6

 40
6.349999904632567
 41
19.04999923706055
 42
6.350006103515625
 43
19.04998779296875
 44
215.8999938964844
 45
279.3999938964844
 46
0.0
 47
0.0
 48
0.0
 49
0.0
140
0.0
141
0.0
142
1.0
143
2.584895464708373
 70
 11952
 72
     0
 73
     1
 74
     0
  7

 75
     0
147
0.3868628397755418
 76
     0
 77
     2
 78
   300
148
0.0
149
0.0
100
AcDbLayout
  1
Model
 70
     1
 71
     0
 10
0.0
 20
0.0
 11
12.0
 21
9.0
 12
0.0
 22
0.0
 32
0.0
 14
0.0
 24
0.0
 34
0.0
 15
0.0
 25
0.0
 35
0.0
146
0.0
 13
0.0
 23
0.0
 33
0.0
 16
1.0
 26
0.0
 36
0.0
 17
0.0
 27
1.0
 37
0.0
 76
     0
330
1F
331
94
  0
MATERIAL
  5
97
102
{ACAD_XDICTIONARY
360
188
102
}
102
{ACAD_REACTORS
330
72
102
}
330
72
100
AcDbMaterial
  1
ByBlock
 94
       63
  0
MATERIAL
  5
96
102
{ACAD_XDICTIONARY
360
186
102
}
102
{ACAD_REACTORS
330
72
102
}
330
72
100
AcDbMaterial
  1
ByLayer
 94
       63
  0
MATERIAL
  5
98
102
{ACAD_XDICTIONARY
360
110
102
}
102
{ACAD_REACTORS
330
72
102
}
330
72
100
AcDbMaterial
  1
Global
 43
0.0208000000566244
 43
0.0
 43
0.0
 43
0.0
 43
0.0
 43
0.0208000000566244
 43
0.0
 43
0.0
 43
0.0
 43
0.0
 43
1.0
 43
0.0
 43
0.0
 43
0.0
 43
0.0
 43
1.0
 49
0.0208000000566244
 49
0.0
 49
0.0
 49
0.0
 49
0.0
 49
0.0208000000566244
 49
0.0
 49
0.0
 49
0.0
 49
0.0
 49
1.0
 49
0.0
 49
0.0
 49
0.0
 49
0.0
 49
1.0
142
0.0208000000566244
142
0.0
142
0.0
142
0.0
142
0.0
142
0.0208000000566244
142
0.0
142
0.0
142
0.0
142
0.0
142
1.0
142
0.0
142
0.0
142
0.0
142
0.0
142
1.0
144
0.0208000000566244
144
0.0
144
0.0
144
0.0
144
0.0
144
0.0208000000566244
144
0.0
144
0.0
144
0.0
144
0.0
144
1.0
144
0.0
144
0.0
144
0.0
144
0.0
144
1.0
 94
       63
1001
ACAD
1070
    -1
1070
     3
1070
     0
1000

1071
        0
1070
     0
  0
MATERIAL
  5
2586
102
{ACAD_XDICTIONARY
360
2587
102
}
102
{ACAD_REACTORS
330
72
102
}
330
72
100
AcDbMaterial
  1
Steel - Satin
 70
     1
 90
-1029726305
 71
     1
 91
-1029726305
 72
     0
 44
0.7015873193740845
 76
     1
 92
-1029726305
 77
     0
171
     0
175
     0
143
0.5149999856948853
179
     0
145
1.399999976158142
148
0.5
468
0.6262096762657166
 93
        1
 94
        0
1001
ACAD
1070
    -1
1070
     3
1070
     0
1000

1071
        0
1070
     0
  0
MLEADERSTYLE
  5
E5
102
{ACAD_REACTORS
330
D7
102
}
330
D7
100
AcDbMLeaderStyle
179
     2
170
     2
171
     1
172
     0
 90
        2
 40
0.0
 41
0.0
173
     1
 91
-1056964608
340
14
 92
       -2
290
     1
 42
0.09
291
     1
 43
0.36
  3
Standard
 44
0.18
300

342
11
174
     1
178
     1
175
     1
176
     0
 93
-1056964608
 45
0.18
292
     0
297
     0
 46
0.18
 94
-1056964608
 47
1.0
 49
1.0
140
1.0
293
     1
141
0.0
294
     1
177
     0
142
1.0
295
     0
296
     1
143
0.125
271
     0
272
     9
273
     9
298
     0
  0
MLEADERSTYLE
  5
D8
102
{ACAD_REACTORS
330
D7
102
}
330
D7
100
AcDbMLeaderStyle
179
     2
170
     2
171
     1
172
     0
 90
        2
 40
0.0
 41
0.0
173
     1
 91
-1056964608
340
14
 92
       -2
290
     1
 42
0.09
291
     1
 43
0.36
  3
Standard
 44
0.18
300

342
11
174
     1
178
     1
175
     1
176
     0
 93
-1056964608
 45
0.18
292
     0
297
     0
 46
0.18
 94
-1056964608
 47
1.0
 49
1.0
140
1.0
293
     1
141
0.0
294
     1
177
     0
142
1.0
295
     0
296
     0
143
0.125
271
     0
272
     9
273
     9
298
     0
  0
MLINESTYLE
  5
18
102
{ACAD_REACTORS
330
17
102
}
330
17
100
AcDbMlineStyle
  2
STANDARD
 70
     0
  3

 62
   256
 51
90.0
 52
90.0
 71
     2
 49
0.5
 62
   256
  6
BYLAYER
 49
-0.5
 62
   256
  6
BYLAYER
  0
ACDBPLACEHOLDER
  5
F
102
{ACAD_REACTORS
330
E
102
}
330
E
  0
DICTIONARY
  5
B068
330
B067
100
AcDbDictionary
280
     1
281
     1
  3
ADSK_XREC_MENTALRAYSETTINGSINFO
360
B069
  0
SCALE
  5
B7
102
{ACAD_REACTORS
330
B6
102
}
330
B6
100
AcDbScale
 70
     0
300
1:1
140
1.0
141
1.0
290
     1
  0
SCALE
  5
124
102
{ACAD_REACTORS
330
B6
102
}
330
B6
100
AcDbScale
 70
     0
300
1:2
140
1.0
141
2.0
290
     0
  0
SCALE
  5
125
102
{ACAD_REACTORS
330
B6
102
}
330
B6
100
AcDbScale
 70
     0
300
1:4
140
1.0
141
4.0
290
     0
  0
SCALE
  5
126
102
{ACAD_REACTORS
330
B6
102
}
330
B6
100
AcDbScale
 70
     0
300
1:5
140
1.0
141
5.0
290
     0
  0
SCALE
  5
127
102
{ACAD_REACTORS
330
B6
102
}
330
B6
100
AcDbScale
 70
     0
300
1:8
140
1.0
141
8.0
290
     0
  0
SCALE
  5
128
102
{ACAD_REACTORS
330
B6
102
}
330
B6
100
AcDbScale
 70
     0
300
1:10
140
1.0
141
10.0
290
     0
  0
SCALE
  5
129
102
{ACAD_REACTORS
330
B6
102
}
330
B6
100
AcDbScale
 70
     0
300
1:16
140
1.0
141
16.0
290
     0
  0
SCALE
  5
12A
102
{ACAD_REACTORS
330
B6
102
}
330
B6
100
AcDbScale
 70
     0
300
1:20
140
1.0
141
20.0
290
     0
  0
SCALE
  5
12B
102
{ACAD_REACTORS
330
B6
102
}
330
B6
100
AcDbScale
 70
     0
300
1:30
140
1.0
141
30.0
290
     0
  0
SCALE
  5
12C
102
{ACAD_REACTORS
330
B6
102
}
330
B6
100
AcDbScale
 70
     0
300
1:40
140
1.0
141
40.0
290
     0
  0
SCALE
  5
12D
102
{ACAD_REACTORS
330
B6
102
}
330
B6
100
AcDbScale
 70
     0
300
1:50
140
1.0
141
50.0
290
     0
  0
SCALE
  5
12E
102
{ACAD_REACTORS
330
B6
102
}
330
B6
100
AcDbScale
 70
     0
300
1:100
140
1.0
141
100.0
290
     0
  0
SCALE
  5
12F
102
{ACAD_REACTORS
330
B6
102
}
330
B6
100
AcDbScale
 70
     0
300
2:1
140
2.0
141
1.0
290
     0
  0
SCALE
  5
130
102
{ACAD_REACTORS
330
B6
102
}
330
B6
100
AcDbScale
 70
     0
300
4:1
140
4.0
141
1.0
290
     0
  0
SCALE
  5
131
102
{ACAD_REACTORS
330
B6
102
}
330
B6
100
AcDbScale
 70
     0
300
8:1
140
8.0
141
1.0
290
     0
  0
SCALE
  5
132
102
{ACAD_REACTORS
330
B6
102
}
330
B6
100
AcDbScale
 70
     0
300
10:1
140
10.0
141
1.0
290
     0
  0
SCALE
  5
133
102
{ACAD_REACTORS
330
B6
102
}
330
B6
100
AcDbScale
 70
     0
300
100:1
140
100.0
141
1.0
290
     0
  0
SCALE
  5
134
102
{ACAD_REACTORS
330
B6
102
}
330
B6
100
AcDbScale
 70
     0
300
1/128" = 1'-0"
140
0.0078125
141
12.0
290
     0
  0
SCALE
  5
135
102
{ACAD_REACTORS
330
B6
102
}
330
B6
100
AcDbScale
 70
     0
300
1/64" = 1'-0"
140
0.015625
141
12.0
290
     0
  0
SCALE
  5
136
102
{ACAD_REACTORS
330
B6
102
}
330
B6
100
AcDbScale
 70
     0
300
1/32" = 1'-0"
140
0.03125
141
12.0
290
     0
  0
SCALE
  5
137
102
{ACAD_REACTORS
330
B6
102
}
330
B6
100
AcDbScale
 70
     0
300
1/16" = 1'-0"
140
0.0625
141
12.0
290
     0
  0
SCALE
  5
138
102
{ACAD_REACTORS
330
B6
102
}
330
B6
100
AcDbScale
 70
     0
300
3/32" = 1'-0"
140
0.09375
141
12.0
290
     0
  0
SCALE
  5
139
102
{ACAD_REACTORS
330
B6
102
}
330
B6
100
AcDbScale
 70
     0
300
1/8" = 1'-0"
140
0.125
141
12.0
290
     0
  0
SCALE
  5
13A
102
{ACAD_REACTORS
330
B6
102
}
330
B6
100
AcDbScale
 70
     0
300
3/16" = 1'-0"
140
0.1875
141
12.0
290
     0
  0
SCALE
  5
13B
102
{ACAD_REACTORS
330
B6
102
}
330
B6
100
AcDbScale
 70
     0
300
1/4" = 1'-0"
140
0.25
141
12.0
290
     0
  0
SCALE
  5
13C
102
{ACAD_REACTORS
330
B6
102
}
330
B6
100
AcDbScale
 70
     0
300
3/8" = 1'-0"
140
0.375
141
12.0
290
     0
  0
SCALE
  5
13D
102
{ACAD_REACTORS
330
B6
102
}
330
B6
100
AcDbScale
 70
     0
300
1/2" = 1'-0"
140
0.5
141
12.0
290
     0
  0
SCALE
  5
13E
102
{ACAD_REACTORS
330
B6
102
}
330
B6
100
AcDbScale
 70
     0
300
3/4" = 1'-0"
140
0.75
141
12.0
290
     0
  0
SCALE
  5
13F
102
{ACAD_REACTORS
330
B6
102
}
330
B6
100
AcDbScale
 70
     0
300
1" = 1'-0"
140
1.0
141
12.0
290
     0
  0
SCALE
  5
140
102
{ACAD_REACTORS
330
B6
102
}
330
B6
100
AcDbScale
 70
     0
300
1-1/2" = 1'-0"
140
1.5
141
12.0
290
     0
  0
SCALE
  5
141
102
{ACAD_REACTORS
330
B6
102
}
330
B6
100
AcDbScale
 70
     0
300
3" = 1'-0"
140
3.0
141
12.0
290
     0
  0
SCALE
  5
142
102
{ACAD_REACTORS
330
B6
102
}
330
B6
100
AcDbScale
 70
     0
300
6" = 1'-0"
140
6.0
141
12.0
290
     0
  0
SCALE
  5
143
102
{ACAD_REACTORS
330
B6
102
}
330
B6
100
AcDbScale
 70
     0
300
1'-0" = 1'-0"
140
12.0
141
12.0
290
     0
  0
ACDBSECTIONVIEWSTYLE
  5
1AA
102
{ACAD_REACTORS
330
1A8
102
}
330
1A8
100
AcDbModelDocViewStyle
 70
     0
  3
Imperial24
290
     0
300
Imperial24
 90
        0
100
AcDbSectionViewStyle
 70
     0
 71
     0
 90
       78
 71
     1
340
11
 62
   256
 40
0.24
340
0
340
0
 62
   256
 40
0.24
300
I, O, Q, S, X, Z
 40
0.48
 90
        3
 40
0.18
 90
        1
 71
     2
340
16
 90
       25
 62
   256
340
16
 90
       50
 62
   256
 40
0.24
 40
0.0
 40
0.24
 71
     3
340
11
 62
   256
 40
0.24
 90
        1
 40
0.75
 90
        1
300
%<\AcVar ViewType \f "%tc1">% %<\AcVar ViewSectionStartId>%-%<\AcVar ViewSectionEndId>%\PSCALE %<\AcVar ViewScale \f "%sn">%
 71
     4
 62
   256
 62
   257
300
ANSI31
 40
1.0
 90
        0
290
     0
290
     0
 90
        6
 40
0.0
 40
1.570796326794896
 40
0.2617993877991494
 40
1.308996938995747
 40
-0.2617993877991494
 40
1.832595714594045
  0
ACDBSECTIONVIEWSTYLE
  5
67F0
102
{ACAD_REACTORS
330
1A8
102
}
330
1A8
100
AcDbModelDocViewStyle
 70
     0
  3
Metric50
290
     0
300
Metric50
 90
        0
100
AcDbSectionViewStyle
 70
     0
 71
     0
 90
      102
 71
     1
340
11
 62
   256
 40
5.0
340
0
340
0
 62
   256
 40
5.0
300
I, O, Q, S, X, Z
 40
10.0
 90
        0
 40
2.5
 90
        0
 71
     2
340
16
 90
       25
 62
   256
340
16
 90
       50
 62
   256
 40
5.0
 40
2.5
 40
5.0
 71
     3
340
11
 62
   256
 40
5.0
 90
        0
 40
15.0
 90
        1
300
%<\AcVar ViewSectionStartId>%-%<\AcVar ViewSectionEndId>% (%<\AcVar ViewScale \f "%sn">%)
 71
     4
 62
   256
 62
   257
300
ANSI31
 40
1.0
 90
        0
290
     0
290
     0
 90
        6
 40
0.0
 40
1.570796326794896
 40
0.2617993877991494
 40
1.308996938995747
 40
-0.2617993877991494
 40
1.832595714594045
  0
TABLESTYLE
  5
87
102
{ACAD_XDICTIONARY
360
104
102
}
102
{ACAD_REACTORS
330
86
102
}
330
86
100
AcDbTableStyle
280
     0
  3
Standard
 70
     0
 71
     0
 40
0.06
 41
0.06
280
     0
281
     0
  7
Standard
140
0.18
170
     2
 62
     0
 63
     7
283
     0
 90
      512
 91
        0
  1

274
    -2
284
     1
 64
     0
275
    -2
285
     1
 65
     0
276
    -2
286
     1
 66
     0
277
    -2
287
     1
 67
     0
278
    -2
288
     1
 68
     0
279
    -2
289
     1
 69
     0
  7
Standard
140
0.25
170
     5
 62
     0
 63
     7
283
     0
 90
      512
 91
        0
  1

274
    -2
284
     1
 64
     0
275
    -2
285
     1
 65
     0
276
    -2
286
     1
 66
     0
277
    -2
287
     1
 67
     0
278
    -2
288
     1
 68
     0
279
    -2
289
     1
 69
     0
  7
Standard
140
0.18
170
     5
 62
     0
 63
     7
283
     0
 90
      512
 91
        0
  1

274
    -2
284
     1
 64
     0
275
    -2
285
     1
 65
     0
276
    -2
286
     1
 66
     0
277
    -2
287
     1
 67
     0
278
    -2
288
     1
 68
     0
279
    -2
289
     1
 69
     0
  0
VISUALSTYLE
  5
9F
102
{ACAD_REACTORS
330
99
102
}
330
99
100
AcDbVisualStyle
  2
2dWireframe
 70
     4
177
     3
291
     0
 70
    58
 90
        0
176
     1
 90
        2
176
     1
 90
        1
176
     1
 90
        0
176
     1
 40
0.6
176
     1
 40
30.0
176
     1
 62
     7
420
 16777215
176
     1
 90
        1
176
     1
 90
        4
176
     1
 62
     7
176
     1
 62
   257
176
     1
 90
        1
176
     1
 90
        1
176
     1
 40
1.0
176
     1
 90
        0
176
     1
 62
   257
176
     1
 40
1.0
176
     1
 90
        1
176
     1
 90
        6
176
     1
 90
        2
176
     1
 62
     7
176
     1
 90
        5
176
     1
 90
        0
176
     1
 90
        0
176
     1
290
     0
176
     1
 90
        1
176
     1
 40
0.0
176
     1
 90
        0
176
     1
290
     1
176
     1
290
     1
176
     1
290
     0
176
     1
290
     0
176
     1
290
     0
176
     1
290
     0
176
     1
290
     0
176
     1
290
     0
176
     1
290
     0
176
     1
 90
       50
176
     1
 40
0.0
176
     1
 40
1.0
176
     1
 90
        0
176
     1
 62
    18
420
        0
176
     1
 90
       50
176
     1
 90
        3
176
     1
 62
     5
420
      255
176
     1
290
     0
176
     1
 90
       50
176
     1
 90
       50
176
     1
 90
       50
176
     1
290
     0
176
     1
 90
       50
176
     1
 62
   256
176
     0
 40
1.0
176
     0
 90
        2
176
     1
  1
strokes_ogs.tif
176
     1
290
     0
176
     1
 40
1.0
176
     1
 40
1.0
176
     1
  0
VISUALSTYLE
  5
9E
102
{ACAD_REACTORS
330
99
102
}
330
99
100
AcDbVisualStyle
  2
Basic
 70
     7
177
     3
291
     1
 70
    58
 90
        1
176
     1
 90
        0
176
     1
 90
        1
176
     1
 90
        0
176
     1
 40
0.6
176
     1
 40
30.0
176
     1
 62
     7
420
 16777215
176
     1
 90
        0
176
     1
 90
        4
176
     1
 62
     7
176
     1
 62
   257
176
     1
 90
        1
176
     1
 90
        1
176
     1
 40
1.0
176
     1
 90
        8
176
     1
 62
     7
176
     1
 40
1.0
176
     1
 90
        1
176
     1
 90
        6
176
     1
 90
        2
176
     1
 62
     7
176
     1
 90
        5
176
     1
 90
        0
176
     1
 90
        0
176
     1
290
     0
176
     1
 90
        1
176
     1
 40
0.0
176
     1
 90
        0
176
     1
290
     0
176
     1
290
     1
176
     1
290
     1
176
     1
290
     0
176
     1
290
     0
176
     1
290
     0
176
     1
290
     0
176
     1
290
     0
176
     1
290
     0
176
     1
 90
       50
176
     1
 40
0.0
176
     1
 40
1.0
176
     1
 90
        0
176
     1
 62
    18
420
        0
176
     1
 90
       50
176
     1
 90
        3
176
     1
 62
     5
420
      255
176
     1
290
     0
176
     1
 90
       50
176
     1
 90
       50
176
     1
 90
       50
176
     1
290
     0
176
     1
 90
       50
176
     1
 62
   256
176
     0
 40
1.0
176
     0
 90
        2
176
     1
  1
strokes_ogs.tif
176
     1
290
     0
176
     1
 40
1.0
176
     1
 40
1.0
176
     1
  0
VISUALSTYLE
  5
A5
102
{ACAD_REACTORS
330
99
102
}
330
99
100
AcDbVisualStyle
  2
Brighten
 70
    12
177
     3
291
     1
 70
    58
 90
        2
176
     1
 90
        2
176
     1
 90
        1
176
     1
 90
        0
176
     1
 40
0.6
176
     1
 40
30.0
176
     1
 62
     7
420
 16777215
176
     1
 90
        1
176
     1
 90
        4
176
     1
 62
     7
176
     1
 62
   257
176
     1
 90
        1
176
     1
 90
        1
176
     1
 40
1.0
176
     1
 90
        8
176
     1
 62
     7
176
     1
 40
1.0
176
     1
 90
        1
176
     1
 90
        6
176
     1
 90
        2
176
     1
 62
     7
176
     1
 90
        5
176
     1
 90
        0
176
     1
 90
        0
176
     1
290
     0
176
     1
 90
        1
176
     1
 40
50.0
176
     1
 90
        0
176
     1
290
     0
176
     1
290
     1
176
     1
290
     1
176
     1
290
     0
176
     1
290
     0
176
     1
290
     0
176
     1
290
     0
176
     1
290
     0
176
     1
290
     0
176
     1
 90
       50
176
     1
 40
0.0
176
     1
 40
1.0
176
     1
 90
        0
176
     1
 62
    18
420
        0
176
     1
 90
       50
176
     1
 90
        3
176
     1
 62
     5
420
      255
176
     1
290
     0
176
     1
 90
       50
176
     1
 90
       50
176
     1
 90
       50
176
     1
290
     0
176
     1
 90
       50
176
     1
 62
   256
176
     0
 40
1.0
176
     0
 90
        2
176
     1
  1
strokes_ogs.tif
176
     1
290
     0
176
     1
 40
1.0
176
     1
 40
1.0
176
     1
  0
VISUALSTYLE
  5
A9
102
{ACAD_REACTORS
330
99
102
}
330
99
100
AcDbVisualStyle
  2
ColorChange
 70
    16
177
     3
291
     1
 70
    58
 90
        2
176
     1
 90
        2
176
     1
 90
        3
176
     1
 90
        0
176
     1
 40
0.6
176
     1
 40
30.0
176
     1
 62
     8
420
  8421504
176
     1
 90
        1
176
     1
 90
        4
176
     1
 62
     7
176
     1
 62
   257
176
     1
 90
        1
176
     1
 90
        1
176
     1
 40
1.0
176
     1
 90
        8
176
     1
 62
     8
420
  8421504
176
     1
 40
1.0
176
     1
 90
        1
176
     1
 90
        6
176
     1
 90
        2
176
     1
 62
     7
176
     1
 90
        5
176
     1
 90
        0
176
     1
 90
        0
176
     1
290
     0
176
     1
 90
        1
176
     1
 40
0.0
176
     1
 90
        0
176
     1
290
     0
176
     1
290
     1
176
     1
290
     1
176
     1
290
     0
176
     1
290
     0
176
     1
290
     0
176
     1
290
     0
176
     1
290
     0
176
     1
290
     0
176
     1
 90
       50
176
     1
 40
0.0
176
     1
 40
1.0
176
     1
 90
        0
176
     1
 62
    18
420
        0
176
     1
 90
       50
176
     1
 90
        3
176
     1
 62
     5
420
      255
176
     1
290
     0
176
     1
 90
       50
176
     1
 90
       50
176
     1
 90
       50
176
     1
290
     0
176
     1
 90
       50
176
     1
 62
   256
176
     0
 40
1.0
176
     0
 90
        2
176
     1
  1
strokes_ogs.tif
176
     1
290
     0
176
     1
 40
1.0
176
     1
 40
1.0
176
     1
  0
VISUALSTYLE
  5
A2
102
{ACAD_REACTORS
330
99
102
}
330
99
100
AcDbVisualStyle
  2
Conceptual
 70
     9
177
     3
291
     0
 70
    58
 90
        3
176
     1
 90
        2
176
     1
 90
        1
176
     1
 90
        0
176
     1
 40
0.6
176
     1
 40
30.0
176
     1
 62
     7
420
 16777215
176
     1
 90
        2
176
     1
 90
        2
176
     1
 62
     7
176
     1
 62
   257
176
     1
 90
        1
176
     1
 90
        1
176
     1
 40
40.0
176
     1
 90
        8
176
     1
 62
     7
176
     1
 40
1.0
176
     1
 90
        1
176
     1
 90
        6
176
     1
 90
        2
176
     1
 62
     7
176
     1
 90
        3
176
     1
 90
        0
176
     1
 90
        0
176
     1
290
     0
176
     1
 90
        1
176
     1
 40
0.0
176
     1
 90
        0
176
     1
290
     0
176
     1
290
     1
176
     1
290
     1
176
     1
290
     0
176
     1
290
     0
176
     1
290
     0
176
     1
290
     0
176
     1
290
     0
176
     1
290
     0
176
     1
 90
       50
176
     1
 40
0.0
176
     1
 40
1.0
176
     1
 90
        0
176
     1
 62
    18
420
        0
176
     1
 90
       50
176
     1
 90
        3
176
     1
 62
     5
420
      255
176
     1
290
     0
176
     1
 90
       50
176
     1
 90
       50
176
     1
 90
       50
176
     1
290
     0
176
     1
 90
       50
176
     1
 62
   256
176
     0
 40
1.0
176
     0
 90
        2
176
     1
  1
strokes_ogs.tif
176
     1
290
     0
176
     1
 40
1.0
176
     1
 40
1.0
176
     1
  0
VISUALSTYLE
  5
A4
102
{ACAD_REACTORS
330
99
102
}
330
99
100
AcDbVisualStyle
  2
Dim
 70
    11
177
     3
291
     1
 70
    58
 90
        2
176
     1
 90
        2
176
     1
 90
        1
176
     1
 90
        0
176
     1
 40
0.6
176
     1
 40
30.0
176
     1
 62
     7
420
 16777215
176
     1
 90
        1
176
     1
 90
        4
176
     1
 62
     7
176
     1
 62
   257
176
     1
 90
        1
176
     1
 90
        1
176
     1
 40
1.0
176
     1
 90
        8
176
     1
 62
     7
176
     1
 40
1.0
176
     1
 90
        1
176
     1
 90
        6
176
     1
 90
        2
176
     1
 62
     7
176
     1
 90
        5
176
     1
 90
        0
176
     1
 90
        0
176
     1
290
     0
176
     1
 90
        1
176
     1
 40
-50.0
176
     1
 90
        0
176
     1
290
     0
176
     1
290
     1
176
     1
290
     1
176
     1
290
     0
176
     1
290
     0
176
     1
290
     0
176
     1
290
     0
176
     1
290
     0
176
     1
290
     0
176
     1
 90
       50
176
     1
 40
0.0
176
     1
 40
1.0
176
     1
 90
        0
176
     1
 62
    18
420
        0
176
     1
 90
       50
176
     1
 90
        3
176
     1
 62
     5
420
      255
176
     1
290
     0
176
     1
 90
       50
176
     1
 90
       50
176
     1
 90
       50
176
     1
290
     0
176
     1
 90
       50
176
     1
 62
   256
176
     0
 40
1.0
176
     0
 90
        2
176
     1
  1
strokes_ogs.tif
176
     1
290
     0
176
     1
 40
1.0
176
     1
 40
1.0
176
     1
  0
VISUALSTYLE
  5
175
102
{ACAD_REACTORS
330
99
102
}
330
99
100
AcDbVisualStyle
  2
EdgeColorOff
 70
    22
177
     3
291
     1
 70
    58
 90
        2
176
     0
 90
        2
176
     0
 90
        0
176
     0
 90
        0
176
     0
 40
0.6
176
     0
 40
30.0
176
     0
 62
     7
420
 16777215
176
     0
 90
        1
176
     0
 90
        4
176
     0
 62
     7
176
     0
 62
   257
176
     0
 90
        1
176
     0
 90
        1
176
     0
 40
1.0
176
     0
 90
        8
176
     2
 62
     7
176
     0
 40
1.0
176
     0
 90
        1
176
     0
 90
        6
176
     0
 90
        2
176
     0
 62
     7
176
     0
 90
        5
176
     0
 90
        0
176
     0
 90
        0
176
     0
290
     0
176
     0
 90
        1
176
     0
 40
0.0
176
     0
 90
        0
176
     0
290
     0
176
     1
290
     1
176
     1
290
     1
176
     1
290
     0
176
     1
290
     0
176
     1
290
     0
176
     1
290
     0
176
     1
290
     0
176
     1
290
     0
176
     1
 90
       50
176
     1
 40
0.0
176
     1
 40
1.0
176
     1
 90
        0
176
     1
 62
    18
420
        0
176
     1
 90
       50
176
     1
 90
        3
176
     1
 62
     5
420
      255
176
     1
290
     0
176
     1
 90
       50
176
     1
 90
       50
176
     1
 90
       50
176
     1
290
     0
176
     1
 90
       50
176
     1
 62
   256
176
     0
 40
1.0
176
     0
 90
        2
176
     1
  1
strokes_ogs.tif
176
     1
290
     0
176
     1
 40
1.0
176
     1
 40
1.0
176
     1
  0
VISUALSTYLE
  5
A8
102
{ACAD_REACTORS
330
99
102
}
330
99
100
AcDbVisualStyle
  2
Facepattern
 70
    15
177
     3
291
     1
 70
    58
 90
        2
176
     1
 90
        2
176
     1
 90
        1
176
     1
 90
        0
176
     1
 40
0.6
176
     1
 40
30.0
176
     1
 62
     7
420
 16777215
176
     1
 90
        1
176
     1
 90
        4
176
     1
 62
     7
176
     1
 62
   257
176
     1
 90
        1
176
     1
 90
        1
176
     1
 40
1.0
176
     1
 90
        8
176
     1
 62
     7
176
     1
 40
1.0
176
     1
 90
        1
176
     1
 90
        6
176
     1
 90
        2
176
     1
 62
     7
176
     1
 90
        5
176
     1
 90
        0
176
     1
 90
        0
176
     1
290
     0
176
     1
 90
        1
176
     1
 40
0.0
176
     1
 90
        0
176
     1
290
     0
176
     1
290
     1
176
     1
290
     1
176
     1
290
     0
176
     1
290
     0
176
     1
290
     0
176
     1
290
     0
176
     1
290
     0
176
     1
290
     0
176
     1
 90
       50
176
     1
 40
0.0
176
     1
 40
1.0
176
     1
 90
        0
176
     1
 62
    18
420
        0
176
     1
 90
       50
176
     1
 90
        3
176
     1
 62
     5
420
      255
176
     1
290
     0
176
     1
 90
       50
176
     1
 90
       50
176
     1
 90
       50
176
     1
290
     0
176
     1
 90
       50
176
     1
 62
   256
176
     0
 40
1.0
176
     0
 90
        2
176
     1
  1
strokes_ogs.tif
176
     1
290
     0
176
     1
 40
1.0
176
     1
 40
1.0
176
     1
  0
VISUALSTYLE
  5
9A
102
{ACAD_REACTORS
330
99
102
}
330
99
100
AcDbVisualStyle
  2
Flat
 70
     0
177
     3
291
     1
 70
    58
 90
        2
176
     1
 90
        1
176
     1
 90
        1
176
     1
 90
        2
176
     1
 40
0.6
176
     1
 40
30.0
176
     1
 62
     7
420
 16777215
176
     1
 90
        0
176
     1
 90
        0
176
     1
 62
     7
176
     1
 62
   257
176
     1
 90
        1
176
     1
 90
        1
176
     1
 40
1.0
176
     1
 90
        8
176
     1
 62
     7
176
     1
 40
1.0
176
     1
 90
        1
176
     1
 90
        6
176
     1
 90
        2
176
     1
 62
     7
176
     1
 90
        5
176
     1
 90
        0
176
     1
 90
        0
176
     1
290
     0
176
     1
 90
       13
176
     1
 40
0.0
176
     1
 90
        0
176
     1
290
     0
176
     1
290
     1
176
     1
290
     1
176
     1
290
     0
176
     1
290
     0
176
     1
290
     0
176
     1
290
     0
176
     1
290
     0
176
     1
290
     0
176
     1
 90
       50
176
     1
 40
0.0
176
     1
 40
1.0
176
     1
 90
        0
176
     1
 62
    18
420
        0
176
     1
 90
       50
176
     1
 90
        3
176
     1
 62
     5
420
      255
176
     1
290
     0
176
     1
 90
       50
176
     1
 90
       50
176
     1
 90
       50
176
     1
290
     0
176
     1
 90
       50
176
     1
 62
   256
176
     0
 40
1.0
176
     0
 90
        2
176
     1
  1
strokes_ogs.tif
176
     1
290
     0
176
     1
 40
1.0
176
     1
 40
1.0
176
     1
  0
VISUALSTYLE
  5
9B
102
{ACAD_REACTORS
330
99
102
}
330
99
100
AcDbVisualStyle
  2
FlatWithEdges
 70
     1
177
     3
291
     1
 70
    58
 90
        2
176
     1
 90
        1
176
     1
 90
        1
176
     1
 90
        2
176
     1
 40
0.6
176
     1
 40
30.0
176
     1
 62
     7
420
 16777215
176
     1
 90
        1
176
     1
 90
        0
176
     1
 62
     7
176
     1
 62
   257
176
     1
 90
        1
176
     1
 90
        1
176
     1
 40
1.0
176
     1
 90
        0
176
     1
 62
   257
176
     1
 40
1.0
176
     1
 90
        1
176
     1
 90
        6
176
     1
 90
        2
176
     1
 62
     7
176
     1
 90
        5
176
     1
 90
        0
176
     1
 90
        0
176
     1
290
     0
176
     1
 90
       13
176
     1
 40
0.0
176
     1
 90
        0
176
     1
290
     0
176
     1
290
     1
176
     1
290
     1
176
     1
290
     0
176
     1
290
     0
176
     1
290
     0
176
     1
290
     0
176
     1
290
     0
176
     1
290
     0
176
     1
 90
       50
176
     1
 40
0.0
176
     1
 40
1.0
176
     1
 90
        0
176
     1
 62
    18
420
        0
176
     1
 90
       50
176
     1
 90
        3
176
     1
 62
     5
420
      255
176
     1
290
     0
176
     1
 90
       50
176
     1
 90
       50
176
     1
 90
       50
176
     1
290
     0
176
     1
 90
       50
176
     1
 62
   256
176
     0
 40
1.0
176
     0
 90
        2
176
     1
  1
strokes_ogs.tif
176
     1
290
     0
176
     1
 40
1.0
176
     1
 40
1.0
176
     1
  0
VISUALSTYLE
  5
9C
102
{ACAD_REACTORS
330
99
102
}
330
99
100
AcDbVisualStyle
  2
Gouraud
 70
     2
177
     3
291
     1
 70
    58
 90
        2
176
     1
 90
        2
176
     1
 90
        1
176
     1
 90
        2
176
     1
 40
0.6
176
     1
 40
30.0
176
     1
 62
     7
420
 16777215
176
     1
 90
        0
176
     1
 90
        0
176
     1
 62
     7
176
     1
 62
   257
176
     1
 90
        1
176
     1
 90
        1
176
     1
 40
1.0
176
     1
 90
        0
176
     1
 62
     7
176
     1
 40
1.0
176
     1
 90
        1
176
     1
 90
        6
176
     1
 90
        2
176
     1
 62
     7
176
     1
 90
        5
176
     1
 90
        0
176
     1
 90
        0
176
     1
290
     0
176
     1
 90
       13
176
     1
 40
0.0
176
     1
 90
        0
176
     1
290
     0
176
     1
290
     1
176
     1
290
     1
176
     1
290
     0
176
     1
290
     0
176
     1
290
     0
176
     1
290
     0
176
     1
290
     0
176
     1
290
     0
176
     1
 90
       50
176
     1
 40
0.0
176
     1
 40
1.0
176
     1
 90
        0
176
     1
 62
    18
420
        0
176
     1
 90
       50
176
     1
 90
        3
176
     1
 62
     5
420
      255
176
     1
290
     0
176
     1
 90
       50
176
     1
 90
       50
176
     1
 90
       50
176
     1
290
     0
176
     1
 90
       50
176
     1
 62
   256
176
     0
 40
1.0
176
     0
 90
        2
176
     1
  1
strokes_ogs.tif
176
     1
290
     0
176
     1
 40
1.0
176
     1
 40
1.0
176
     1
  0
VISUALSTYLE
  5
9D
102
{ACAD_REACTORS
330
99
102
}
330
99
100
AcDbVisualStyle
  2
GouraudWithEdges
 70
     3
177
     3
291
     1
 70
    58
 90
        2
176
     1
 90
        2
176
     1
 90
        1
176
     1
 90
        2
176
     1
 40
0.6
176
     1
 40
30.0
176
     1
 62
     7
420
 16777215
176
     1
 90
        1
176
     1
 90
        0
176
     1
 62
     7
176
     1
 62
   257
176
     1
 90
        1
176
     1
 90
        1
176
     1
 40
1.0
176
     1
 90
        0
176
     1
 62
   257
176
     1
 40
1.0
176
     1
 90
        1
176
     1
 90
        6
176
     1
 90
        2
176
     1
 62
     7
176
     1
 90
        5
176
     1
 90
        0
176
     1
 90
        0
176
     1
290
     0
176
     1
 90
       13
176
     1
 40
0.0
176
     1
 90
        0
176
     1
290
     0
176
     1
290
     1
176
     1
290
     1
176
     1
290
     0
176
     1
290
     0
176
     1
290
     0
176
     1
290
     0
176
     1
290
     0
176
     1
290
     0
176
     1
 90
       50
176
     1
 40
0.0
176
     1
 40
1.0
176
     1
 90
        0
176
     1
 62
    18
420
        0
176
     1
 90
       50
176
     1
 90
        3
176
     1
 62
     5
420
      255
176
     1
290
     0
176
     1
 90
       50
176
     1
 90
       50
176
     1
 90
       50
176
     1
290
     0
176
     1
 90
       50
176
     1
 62
   256
176
     0
 40
1.0
176
     0
 90
        2
176
     1
  1
strokes_ogs.tif
176
     1
290
     0
176
     1
 40
1.0
176
     1
 40
1.0
176
     1
  0
VISUALSTYLE
  5
A1
102
{ACAD_REACTORS
330
99
102
}
330
99
100
AcDbVisualStyle
  2
Hidden
 70
     6
177
     3
291
     0
 70
    58
 90
        1
176
     1
 90
        2
176
     1
 90
        2
176
     1
 90
        0
176
     1
 40
0.6
176
     1
 40
30.0
176
     1
 62
     7
420
 16777215
176
     1
 90
        2
176
     1
 90
        2
176
     1
 62
     7
176
     1
 62
   257
176
     1
 90
        2
176
     1
 90
        1
176
     1
 40
40.0
176
     1
 90
        0
176
     1
 62
   257
176
     1
 40
1.0
176
     1
 90
        1
176
     1
 90
        6
176
     1
 90
        2
176
     1
 62
     7
176
     1
 90
        3
176
     1
 90
        0
176
     1
 90
        0
176
     1
290
     0
176
     1
 90
        1
176
     1
 40
0.0
176
     1
 90
        0
176
     1
290
     0
176
     1
290
     1
176
     1
290
     1
176
     1
290
     0
176
     1
290
     0
176
     1
290
     0
176
     1
290
     0
176
     1
290
     0
176
     1
290
     0
176
     1
 90
       50
176
     1
 40
0.0
176
     1
 40
1.0
176
     1
 90
        0
176
     1
 62
    18
420
        0
176
     1
 90
       50
176
     1
 90
        3
176
     1
 62
     5
420
      255
176
     1
290
     0
176
     1
 90
       50
176
     1
 90
       50
176
     1
 90
       50
176
     1
290
     0
176
     1
 90
       50
176
     1
 62
   256
176
     0
 40
1.0
176
     0
 90
        2
176
     1
  1
strokes_ogs.tif
176
     1
290
     0
176
     1
 40
1.0
176
     1
 40
1.0
176
     1
  0
VISUALSTYLE
  5
173
102
{ACAD_REACTORS
330
99
102
}
330
99
100
AcDbVisualStyle
  2
JitterOff
 70
    20
177
     3
291
     1
 70
    58
 90
        2
176
     0
 90
        2
176
     0
 90
        0
176
     0
 90
        0
176
     0
 40
0.6
176
     0
 40
30.0
176
     0
 62
     7
420
 16777215
176
     0
 90
        1
176
     0
 90
        4
176
     0
 62
     7
176
     0
 62
   257
176
     0
 90
        1
176
     0
 90
        1
176
     0
 40
1.0
176
     0
 90
       10
176
     2
 62
     7
176
     0
 40
1.0
176
     0
 90
        1
176
     0
 90
        6
176
     0
 90
        2
176
     0
 62
     7
176
     0
 90
        5
176
     0
 90
        0
176
     0
 90
        0
176
     0
290
     0
176
     0
 90
        1
176
     0
 40
0.0
176
     0
 90
        0
176
     0
290
     0
176
     1
290
     1
176
     1
290
     1
176
     1
290
     0
176
     1
290
     0
176
     1
290
     0
176
     1
290
     0
176
     1
290
     0
176
     1
290
     0
176
     1
 90
       50
176
     1
 40
0.0
176
     1
 40
1.0
176
     1
 90
        0
176
     1
 62
    18
420
        0
176
     1
 90
       50
176
     1
 90
        3
176
     1
 62
     5
420
      255
176
     1
290
     0
176
     1
 90
       50
176
     1
 90
       50
176
     1
 90
       50
176
     1
290
     0
176
     1
 90
       50
176
     1
 62
   256
176
     0
 40
1.0
176
     0
 90
        2
176
     1
  1
strokes_ogs.tif
176
     1
290
     0
176
     1
 40
1.0
176
     1
 40
1.0
176
     1
  0
VISUALSTYLE
  5
A7
102
{ACAD_REACTORS
330
99
102
}
330
99
100
AcDbVisualStyle
  2
Linepattern
 70
    14
177
     3
291
     1
 70
    58
 90
        2
176
     1
 90
        2
176
     1
 90
        1
176
     1
 90
        0
176
     1
 40
0.6
176
     1
 40
30.0
176
     1
 62
     7
420
 16777215
176
     1
 90
        1
176
     1
 90
        4
176
     1
 62
     7
176
     1
 62
   257
176
     1
 90
        7
176
     1
 90
        7
176
     1
 40
1.0
176
     1
 90
        8
176
     1
 62
     7
176
     1
 40
1.0
176
     1
 90
        1
176
     1
 90
        6
176
     1
 90
        2
176
     1
 62
     7
176
     1
 90
        5
176
     1
 90
        0
176
     1
 90
        0
176
     1
290
     0
176
     1
 90
        1
176
     1
 40
0.0
176
     1
 90
        0
176
     1
290
     0
176
     1
290
     1
176
     1
290
     1
176
     1
290
     0
176
     1
290
     0
176
     1
290
     0
176
     1
290
     0
176
     1
290
     0
176
     1
290
     0
176
     1
 90
       50
176
     1
 40
0.0
176
     1
 40
1.0
176
     1
 90
        0
176
     1
 62
    18
420
        0
176
     1
 90
       50
176
     1
 90
        3
176
     1
 62
     5
420
      255
176
     1
290
     0
176
     1
 90
       50
176
     1
 90
       50
176
     1
 90
       50
176
     1
290
     0
176
     1
 90
       50
176
     1
 62
   256
176
     0
 40
1.0
176
     0
 90
        2
176
     1
  1
strokes_ogs.tif
176
     1
290
     0
176
     1
 40
1.0
176
     1
 40
1.0
176
     1
  0
VISUALSTYLE
  5
174
102
{ACAD_REACTORS
330
99
102
}
330
99
100
AcDbVisualStyle
  2
OverhangOff
 70
    21
177
     3
291
     1
 70
    58
 90
        2
176
     0
 90
        2
176
     0
 90
        0
176
     0
 90
        0
176
     0
 40
0.6
176
     0
 40
30.0
176
     0
 62
     7
420
 16777215
176
     0
 90
        1
176
     0
 90
        4
176
     0
 62
     7
176
     0
 62
   257
176
     0
 90
        1
176
     0
 90
        1
176
     0
 40
1.0
176
     0
 90
        9
176
     2
 62
     7
176
     0
 40
1.0
176
     0
 90
        1
176
     0
 90
        6
176
     0
 90
        2
176
     0
 62
     7
176
     0
 90
        5
176
     0
 90
        0
176
     0
 90
        0
176
     0
290
     0
176
     0
 90
        1
176
     0
 40
0.0
176
     0
 90
        0
176
     0
290
     0
176
     1
290
     1
176
     1
290
     1
176
     1
290
     0
176
     1
290
     0
176
     1
290
     0
176
     1
290
     0
176
     1
290
     0
176
     1
290
     0
176
     1
 90
       50
176
     1
 40
0.0
176
     1
 40
1.0
176
     1
 90
        0
176
     1
 62
    18
420
        0
176
     1
 90
       50
176
     1
 90
        3
176
     1
 62
     5
420
      255
176
     1
290
     0
176
     1
 90
       50
176
     1
 90
       50
176
     1
 90
       50
176
     1
290
     0
176
     1
 90
       50
176
     1
 62
   256
176
     0
 40
1.0
176
     0
 90
        2
176
     1
  1
strokes_ogs.tif
176
     1
290
     0
176
     1
 40
1.0
176
     1
 40
1.0
176
     1
  0
VISUALSTYLE
  5
A3
102
{ACAD_REACTORS
330
99
102
}
330
99
100
AcDbVisualStyle
  2
Realistic
 70
     8
177
     3
291
     0
 70
    58
 90
        2
176
     1
 90
        3
176
     1
 90
        0
176
     1
 90
        2
176
     1
 40
0.6
176
     1
 40
30.0
176
     1
 62
     7
420
 16777215
176
     1
 90
        0
176
     1
 90
        0
176
     1
 62
     7
176
     1
 62
   257
176
     1
 90
        1
176
     1
 90
        1
176
     1
 40
1.0
176
     1
 90
        8
176
     1
 62
   257
176
     1
 40
1.0
176
     1
 90
        1
176
     1
 90
        6
176
     1
 90
        2
176
     1
 62
     7
176
     1
 90
        3
176
     1
 90
        0
176
     1
 90
        0
176
     1
290
     0
176
     1
 90
       13
176
     1
 40
0.0
176
     1
 90
        0
176
     1
290
     0
176
     1
290
     1
176
     1
290
     1
176
     1
290
     0
176
     1
290
     0
176
     1
290
     0
176
     1
290
     0
176
     1
290
     0
176
     1
290
     0
176
     1
 90
       50
176
     1
 40
0.0
176
     1
 40
1.0
176
     1
 90
        0
176
     1
 62
    18
420
        0
176
     1
 90
       50
176
     1
 90
        3
176
     1
 62
     5
420
      255
176
     1
290
     0
176
     1
 90
       50
176
     1
 90
       50
176
     1
 90
       50
176
     1
290
     0
176
     1
 90
       50
176
     1
 62
   256
176
     0
 40
1.0
176
     0
 90
        2
176
     1
  1
strokes_ogs.tif
176
     1
290
     0
176
     1
 40
1.0
176
     1
 40
1.0
176
     1
  0
VISUALSTYLE
  5
182
102
{ACAD_REACTORS
330
99
102
}
330
99
100
AcDbVisualStyle
  2
Shaded
 70
    27
177
     3
291
     0
 70
    58
 90
        2
176
     1
 90
        2
176
     1
 90
        1
176
     1
 90
        2
176
     1
 40
0.6
176
     1
 40
30.0
176
     1
 62
     7
420
 16777215
176
     1
 90
        0
176
     1
 90
        4
176
     1
 62
     7
176
     1
 62
   257
176
     1
 90
        1
176
     1
 90
        1
176
     1
 40
1.0
176
     1
 90
        8
176
     1
 62
   257
176
     1
 40
1.0
176
     1
 90
        1
176
     1
 90
        6
176
     1
 90
        2
176
     1
 62
     8
420
  7895160
176
     1
 90
        3
176
     1
 90
        0
176
     1
 90
        0
176
     1
290
     0
176
     1
 90
        5
176
     1
 40
0.0
176
     1
 90
        0
176
     1
290
     0
176
     1
290
     1
176
     1
290
     1
176
     1
290
     0
176
     1
290
     0
176
     1
290
     0
176
     1
290
     0
176
     1
290
     0
176
     1
290
     0
176
     1
 90
       50
176
     1
 40
0.0
176
     1
 40
1.0
176
     1
 90
        0
176
     1
 62
    18
420
        0
176
     1
 90
       50
176
     1
 90
        3
176
     1
 62
     5
420
      255
176
     1
290
     0
176
     1
 90
       50
176
     1
 90
       50
176
     1
 90
       50
176
     1
290
     0
176
     1
 90
       50
176
     1
 62
   256
176
     0
 40
1.0
176
     0
 90
        2
176
     1
  1
strokes_ogs.tif
176
     1
290
     0
176
     1
 40
1.0
176
     1
 40
1.0
176
     1
  0
VISUALSTYLE
  5
181
102
{ACAD_REACTORS
330
99
102
}
330
99
100
AcDbVisualStyle
  2
Shaded with edges
 70
    26
177
     3
291
     0
 70
    58
 90
        2
176
     1
 90
        2
176
     1
 90
        1
176
     1
 90
        2
176
     1
 40
0.6
176
     1
 40
30.0
176
     1
 62
     7
420
 16777215
176
     1
 90
        1
176
     1
 90
        2
176
     1
 62
     7
176
     1
 62
   257
176
     1
 90
        2
176
     1
 90
        1
176
     1
 40
1.0
176
     1
 90
        8
176
     1
 62
   257
176
     1
 40
1.0
176
     1
 90
        1
176
     1
 90
        6
176
     1
 90
        2
176
     1
 62
     7
176
     1
 90
        3
176
     1
 90
        0
176
     1
 90
        0
176
     1
290
     0
176
     1
 90
        5
176
     1
 40
0.0
176
     1
 90
        0
176
     1
290
     0
176
     1
290
     1
176
     1
290
     1
176
     1
290
     0
176
     1
290
     0
176
     1
290
     0
176
     1
290
     0
176
     1
290
     0
176
     1
290
     0
176
     1
 90
       50
176
     1
 40
0.0
176
     1
 40
1.0
176
     1
 90
        0
176
     1
 62
    18
420
        0
176
     1
 90
       50
176
     1
 90
        3
176
     1
 62
     5
420
      255
176
     1
290
     0
176
     1
 90
       50
176
     1
 90
       50
176
     1
 90
       50
176
     1
290
     0
176
     1
 90
       50
176
     1
 62
   256
176
     0
 40
1.0
176
     0
 90
        2
176
     1
  1
strokes_ogs.tif
176
     1
290
     0
176
     1
 40
1.0
176
     1
 40
1.0
176
     1
  0
VISUALSTYLE
  5
17E
102
{ACAD_REACTORS
330
99
102
}
330
99
100
AcDbVisualStyle
  2
Shades of Gray
 70
    23
177
     3
291
     0
 70
    58
 90
        2
176
     1
 90
        2
176
     1
 90
        3
176
     1
 90
        0
176
     1
 40
0.6
176
     1
 40
30.0
176
     1
 62
     7
420
 16777215
176
     1
 90
        2
176
     1
 90
        2
176
     1
 62
     7
176
     1
 62
     7
176
     1
 90
        1
176
     1
 90
        1
176
     1
 40
40.0
176
     1
 90
        8
176
     1
 62
     7
176
     1
 40
1.0
176
     1
 90
        1
176
     1
 90
        6
176
     1
 90
        2
176
     1
 62
     7
176
     1
 90
        3
176
     1
 90
        0
176
     1
 90
        0
176
     1
290
     0
176
     1
 90
        1
176
     1
 40
0.0
176
     1
 90
        0
176
     1
290
     0
176
     1
290
     1
176
     1
290
     1
176
     1
290
     0
176
     1
290
     0
176
     1
290
     0
176
     1
290
     0
176
     1
290
     0
176
     1
290
     0
176
     1
 90
       50
176
     1
 40
0.0
176
     1
 40
1.0
176
     1
 90
        0
176
     1
 62
    18
420
        0
176
     1
 90
       50
176
     1
 90
        3
176
     1
 62
     5
420
      255
176
     1
290
     0
176
     1
 90
       50
176
     1
 90
       50
176
     1
 90
       50
176
     1
290
     0
176
     1
 90
       50
176
     1
 62
   256
176
     0
 40
1.0
176
     0
 90
        2
176
     1
  1
strokes_ogs.tif
176
     1
290
     0
176
     1
 40
1.0
176
     1
 40
1.0
176
     1
  0
VISUALSTYLE
  5
17F
102
{ACAD_REACTORS
330
99
102
}
330
99
100
AcDbVisualStyle
  2
Sketchy
 70
    24
177
     3
291
     0
 70
    58
 90
        1
176
     1
 90
        2
176
     1
 90
        2
176
     1
 90
        0
176
     1
 40
0.6
176
     1
 40
30.0
176
     1
 62
     7
420
 16777215
176
     1
 90
        2
176
     1
 90
        2
176
     1
 62
     7
176
     1
 62
     7
176
     1
 90
        1
176
     1
 90
        1
176
     1
 40
40.0
176
     1
 90
       11
176
     1
 62
     7
176
     1
 40
1.0
176
     1
 90
        1
176
     1
 90
        6
176
     1
 90
        2
176
     1
 62
     7
176
     1
 90
        6
176
     1
 90
        0
176
     1
 90
        0
176
     1
290
     0
176
     1
 90
        1
176
     1
 40
0.0
176
     1
 90
        0
176
     1
290
     0
176
     1
290
     1
176
     1
290
     1
176
     1
290
     0
176
     1
290
     0
176
     1
290
     0
176
     1
290
     0
176
     1
290
     0
176
     1
290
     0
176
     1
 90
       50
176
     1
 40
0.0
176
     1
 40
1.0
176
     1
 90
        0
176
     1
 62
    18
420
        0
176
     1
 90
       50
176
     1
 90
        3
176
     1
 62
     5
420
      255
176
     1
290
     0
176
     1
 90
       50
176
     1
 90
       50
176
     1
 90
       50
176
     1
290
     0
176
     1
 90
       50
176
     1
 62
   256
176
     0
 40
1.0
176
     0
 90
        2
176
     1
  1
strokes_ogs.tif
176
     1
290
     0
176
     1
 40
1.0
176
     1
 40
1.0
176
     1
  0
VISUALSTYLE
  5
A6
102
{ACAD_REACTORS
330
99
102
}
330
99
100
AcDbVisualStyle
  2
Thicken
 70
    13
177
     3
291
     1
 70
    58
 90
        2
176
     1
 90
        2
176
     1
 90
        1
176
     1
 90
        0
176
     1
 40
0.6
176
     1
 40
30.0
176
     1
 62
     7
420
 16777215
176
     1
 90
        1
176
     1
 90
        4
176
     1
 62
     7
176
     1
 62
   257
176
     1
 90
        1
176
     1
 90
        1
176
     1
 40
1.0
176
     1
 90
       12
176
     1
 62
     7
176
     1
 40
1.0
176
     1
 90
        1
176
     1
 90
        6
176
     1
 90
        2
176
     1
 62
     7
176
     1
 90
        5
176
     1
 90
        0
176
     1
 90
        0
176
     1
290
     0
176
     1
 90
        1
176
     1
 40
0.0
176
     1
 90
        0
176
     1
290
     0
176
     1
290
     1
176
     1
290
     1
176
     1
290
     0
176
     1
290
     0
176
     1
290
     0
176
     1
290
     0
176
     1
290
     0
176
     1
290
     0
176
     1
 90
       50
176
     1
 40
0.0
176
     1
 40
1.0
176
     1
 90
        0
176
     1
 62
    18
420
        0
176
     1
 90
       50
176
     1
 90
        3
176
     1
 62
     5
420
      255
176
     1
290
     0
176
     1
 90
       50
176
     1
 90
       50
176
     1
 90
       50
176
     1
290
     0
176
     1
 90
       50
176
     1
 62
   256
176
     0
 40
1.0
176
     0
 90
        2
176
     1
  1
strokes_ogs.tif
176
     1
290
     0
176
     1
 40
1.0
176
     1
 40
1.0
176
     1
  0
VISUALSTYLE
  5
A0
102
{ACAD_REACTORS
330
99
102
}
330
99
100
AcDbVisualStyle
  2
Wireframe
 70
     5
177
     3
291
     0
 70
    58
 90
        0
176
     1
 90
        2
176
     1
 90
        0
176
     1
 90
        0
176
     1
 40
0.6
176
     1
 40
30.0
176
     1
 62
     7
420
 16777215
176
     1
 90
        1
176
     1
 90
        4
176
     1
 62
     7
176
     1
 62
   257
176
     1
 90
        1
176
     1
 90
        1
176
     1
 40
1.0
176
     1
 90
        0
176
     1
 62
   257
176
     1
 40
1.0
176
     1
 90
        1
176
     1
 90
        6
176
     1
 90
        2
176
     1
 62
     7
176
     1
 90
        3
176
     1
 90
        0
176
     1
 90
        0
176
     1
290
     0
176
     1
 90
        1
176
     1
 40
0.0
176
     1
 90
        0
176
     1
290
     0
176
     1
290
     1
176
     1
290
     1
176
     1
290
     0
176
     1
290
     0
176
     1
290
     0
176
     1
290
     0
176
     1
290
     0
176
     1
290
     0
176
     1
 90
       50
176
     1
 40
0.0
176
     1
 40
1.0
176
     1
 90
        0
176
     1
 62
    18
420
        0
176
     1
 90
       50
176
     1
 90
        3
176
     1
 62
     5
420
      255
176
     1
290
     0
176
     1
 90
       50
176
     1
 90
       50
176
     1
 90
       50
176
     1
290
     0
176
     1
 90
       50
176
     1
 62
   256
176
     0
 40
1.0
176
     0
 90
        2
176
     1
  1
strokes_ogs.tif
176
     1
290
     0
176
     1
 40
1.0
176
     1
 40
1.0
176
     1
  0
VISUALSTYLE
  5
180
102
{ACAD_REACTORS
330
99
102
}
330
99
100
AcDbVisualStyle
  2
X-Ray
 70
    25
177
     3
291
     0
 70
    58
 90
        2
176
     1
 90
        2
176
     1
 90
        1
176
     1
 90
        1
176
     1
 40
0.5
176
     1
 40
30.0
176
     1
 62
     7
420
 16777215
176
     1
 90
        1
176
     1
 90
        0
176
     1
 62
     7
176
     1
 62
   257
176
     1
 90
        1
176
     1
 90
        1
176
     1
 40
1.0
176
     1
 90
        8
176
     1
 62
     7
176
     1
 40
1.0
176
     1
 90
        1
176
     1
 90
        6
176
     1
 90
        2
176
     1
 62
     7
176
     1
 90
        3
176
     1
 90
        0
176
     1
 90
        0
176
     1
290
     0
176
     1
 90
       13
176
     1
 40
0.0
176
     1
 90
        0
176
     1
290
     0
176
     1
290
     1
176
     1
290
     1
176
     1
290
     0
176
     1
290
     0
176
     1
290
     0
176
     1
290
     0
176
     1
290
     0
176
     1
290
     0
176
     1
 90
       50
176
     1
 40
0.0
176
     1
 40
1.0
176
     1
 90
        0
176
     1
 62
    18
420
        0
176
     1
 90
       50
176
     1
 90
        3
176
     1
 62
     5
420
      255
176
     1
290
     0
176
     1
 90
       50
176
     1
 90
       50
176
     1
 90
       50
176
     1
290
     0
176
     1
 90
       50
176
     1
 62
   256
176
     0
 40
1.0
176
     0
 90
        2
176
     1
  1
strokes_ogs.tif
176
     1
290
     0
176
     1
 40
1.0
176
     1
 40
1.0
176
     1
  0
DICTIONARYVAR
  5
F0
102
{ACAD_REACTORS
330
66
102
}
330
66
100
DictionaryVariables
280
     0
  1
1:1
  0
DICTIONARYVAR
  5
EF
102
{ACAD_REACTORS
330
66
102
}
330
66
100
DictionaryVariables
280
     0
  1
STANDARD
  0
DICTIONARYVAR
  5
89
102
{ACAD_REACTORS
330
66
102
}
330
66
100
DictionaryVariables
280
     0
  1
STANDARD
  0
DICTIONARYVAR
  5
1B7
102
{ACAD_REACTORS
330
66
102
}
330
66
100
DictionaryVariables
280
     0
  1
Imperial24
  0
DICTIONARYVAR
  5
1B8
102
{ACAD_REACTORS
330
66
102
}
330
66
100
DictionaryVariables
280
     0
  1
Imperial24
  0
DICTIONARYVAR
  5
67
102
{ACAD_REACTORS
330
66
102
}
330
66
100
DictionaryVariables
280
     0
  1
2
  0
DICTIONARYVAR
  5
4FBB
102
{ACAD_REACTORS
330
66
102
}
330
66
100
DictionaryVariables
280
     0
  1
5.000000
  0
DICTIONARYVAR
  5
6B
102
{ACAD_REACTORS
330
66
102
}
330
66
100
DictionaryVariables
280
     0
  1
1
  0
DICTIONARYVAR
  5
251A
102
{ACAD_REACTORS
330
66
102
}
330
66
100
DictionaryVariables
280
     0
  1
BYLAYER
  0
DICTIONARYVAR
  5
2519
102
{ACAD_REACTORS
330
66
102
}
330
66
100
DictionaryVariables
280
     0
  1
0
  0
DICTIONARYVAR
  5
14D
102
{ACAD_REACTORS
330
66
102
}
330
66
100
DictionaryVariables
280
     0
  1
0
  0
DICTIONARYVAR
  5
14E
102
{ACAD_REACTORS
330
66
102
}
330
66
100
DictionaryVariables
280
     0
  1
0
  0
DICTIONARY
  5
194
330
22
100
AcDbDictionary
280
     1
281
     1
  0
DICTIONARY
  5
188
330
97
100
AcDbDictionary
280
     1
281
     1
  3
FBXASSET
360
189
  0
DICTIONARY
  5
186
330
96
100
AcDbDictionary
280
     1
281
     1
  3
FBXASSET
360
187
  0
DICTIONARY
  5
110
330
98
100
AcDbDictionary
280
     1
281
     1
  3
BUMPTILE
360
112
  3
DIFFUSETILE
360
111
  3
FBXASSET
360
18A
  3
OPACITYTILE
360
113
  3
REFLECTIONTILE
360
114
  0
DICTIONARY
  5
2587
330
2586
100
AcDbDictionary
280
     1
281
     1
  3
ADVMATERIAL
360
2588
  3
BUMPTILE
360
2589
  3
DIFFUSETILE
360
258A
  3
FBXASSET
360
258B
  3
OPACITYTILE
360
258C
  3
REFLECTIONTILE
360
258D
  3
REFRACTIONTILE
360
258E
  3
SPECULARTILE
360
258F
  0
XRECORD
  5
B069
102
{ACAD_REACTORS
330
B068
102
}
330
B068
100
AcDbXrecord
280
     1
 70
     2
 71
     3
 72
     0
  0
DICTIONARY
  5
104
330
87
100
AcDbDictionary
280
     1
281
     1
  3
ACAD_ROUNDTRIP_2008_TABLESTYLE_CELLSTYLEMAP
360
B471
  0
XRECORD
  5
189
102
{ACAD_REACTORS
330
188
102
}
330
188
100
AcDbXrecord
280
     1
 70
     1
 90
429727718
  1
508B35C9-AEE7-456F-BE74-D52651303AC6
310
504B03040A0000080000B670623B3DEE336E79000000790000001B0000006175746F6465736B2D64657369676E2D7061636B6167652E786D6C3C3F786D6C2076657273696F6E3D22312E302220656E636F64696E673D227574662D3822203F3E3C666F726D6174733E3C666F726D61743E687474703A2F2F736368656D612E
310
6175746F6465736B2E636F6D2F64657369676E2D7061636B6167652F323030393C2F666F726D61743E3C2F666F726D6174733E504B0304140006080800B670623BD486FD9CA0000000F4000000130000005B436F6E74656E745F54797065735D2E786D6C7D8EC10E82300C865F65E91D8A1E8C310C0EEA1BF002731658846E
310
D98AC1B77784ABF1D8FE5FBFBF75BBCE937A534CCEB38643598122B6FEE978D0B0485F9C41B54DDD7D022595594E1A469170414C76A4D9A4D207E29CF43ECE46F218070CC6BECC4078ACAA135ACF422C856C0E68EA1BF5669944DDD7BCDE7B1F8E415D77AECB980613C2E4AC91FC167A2B244592486606FC29C8FD7F045B9A
310
EF7053A7E60B504B0304140006080800B670623B28ED286BEB0000007C01000008000000636F72652E786D6C8D90416EC3201045AF82665B6183218D6D61A254764FD00B204C5C94182C03558F5F9C3852BBEB6A467FFE9B197D71FA9E6FE8CBACC17AD7012D0820E3B41FAD9B3A48F1826B40272956EFE32F1B20A766D3C1
310
268314D3EAD3B24BDABB685CCCAAF3A3D94515828980F42D371D04FD696655A814B3235C8B45E9AB9A4C419F5D8653B2237A1CB163DE672FD6AC209BF3C08E0D1B30EB19C3FC9D72FCC6EB231EFA33EDE96BDD341517E5064B11EDFCBCAF57A3A2194156843498524CAA0FCA5B7268F9E185D42D21A2DCEC7FA0B48CFF8492
310
759155FBBB0F2C80A4F991FB408A72CB22977B50B96EB9C91F504B0304140006080800B670623B55019EA25F0000007C00000007000000636E782E786D6C4DCB3B0E80201045D1AD90E915ED2CF8AC45050C11660C8261F98AB1B07AC9C97D42D718D865D3E909258CFD00CCE24AC6E326A164D74DC0B4128928FF32603847
310
2BA13128B1252AC747C6BAB984FC68F0B87FE8960A5C09FE86CFB69FBA01504B0304140006080800B670623B7BC41AC871010000D40300000C0000006662782F636F72652E786D6CC553ED6E8320147D15C2DF4501B56B6D90A64BBB27D80B50A5CE54C120983EFEAE1F4DD7A56BBA5FF3879273EEE59E7310BE393735EA95
310
ED2AA333CC428A91D2B9292A5D66D8BB63B0C26823B835C67D2BC348CB46657880B1E0A535BE9DA1DC68A7B403549B42CDA0EC3AE530CA6B5864B8CB3F552343E91D5474A7B095F949962A6421D0502778E72C0840D390E18DC5F170E664C205F7BE2A66B62A605A75AC94C522DDEEE3651AEF837817C741F2CE92E02D592D
310
83FD6ECB76EC7595A651C2C9D02CB8AB9A8BBADC2AE954814544691A3016D0E883256BBA58278B17BA5A53CAC9507ED3E4DBE2C9265F691747B3DCA9ADC382819091F8E1162272A8933DE82182932144F88C09DF060D8140C84E1EEA8B8F1340BDCA9DB1093085F157AA97B557309586747CD0EF0B4EA64E983A6E0EAEEFCE
310
889E9EF17847386AA94B30211D2C0FDE0D3AF9A4610EAD5536E8DD1969631B593F67E381C33F5157F17725E5A636F6BF1491F980C8FC7B90E13E8A2F504B0304140006080800B670623B70102A487D0000009D0000000B0000006662782F636E782E786D6C4DCCD10A83201886E15B91FFDC95A5C30335ACCDFB886521330D
310
A76397BF1A1DECE883878F57749FD5A3B74D2F17830472A901D9F088930B8B849267CC01754AA418F3DF0D5018572BE160506249B16C274D761E8BCFBB7A179E27F65CB39A0F14D396184C9921B81F34C3ACA1B4B99ABB6E6F062A25AA5F69DF23ACBE504B0304140006080800B670623B3610CA3329010000120200003100
310
00006662782F42384135303843342D343331462D343546312D424341352D3532343432364645413344462F636F72652E786D6C8D515B6EC32010BC0AE22B55850D0E446E848992B43E412FE000495162B07854397EA176A4F62F3F2C9A9D991D58BEBB8F37F0AD7D30CE76905418026DA553C65E3A98E219B510EC04F7CEC5
310
3F3408EC30EA0E16180A7EF12E4D0B249D8DDAC68C5AA7F4020E21E80881BCE54B0783FCD2E3500D296646B856D320AFC34557A4CAEDCC133C449F0380794839A138B47B86DB2345744D7A44594FD0E1B867883594369BFE63BF7EEF793D0B054FC9A8456E548E63CE46FB674D8A58F068C6477CE9F510B582A2C1F80D1182
310
70F349E816B32D65AFB8DD62CCEB42FF274A937A52948C8DEB66893BCB021484D7734370E5D2E9F608A3EF93F3119479ABA0E50B14B8C298119A43CCC4FCFCECB8A18B6388CEE7EF5D5D4F994BD86CBBA182D76543B9FCAE2FD7B24DF103504B0304140006080800B670623B1B8617914E0100003303000030000000666278
310
2F42384135303843342D343331462D343546312D424341352D3532343432364645413344462F636E782E786D6CD593C16EC32010447F0571AD6CE3D489D20813A9877E410FBD62D82434182CC055F3F75D1292E692438FBD206B7698593D61BEFD1E2DF982108D773D6D6B460938E5B571FB9ECE6957AD29D90A1EBC4F7736
310
4A9C1CA1A759A682EF839FA72269D8C9D92654AD71C72206887E0E0A22CAF926B15E498B01E0AA19451807D01A34B919F16B070157417138917400F2F6FA41FCF0092A45DEE414C19BDC21783E4BD39D891265658C3D8DEA00A3ACE59CBC8678ACB54CB26EEB6BD7839D7E9348BE70AD9C8321B9BCA7F9A4A26C542347DEE0
310
50F09802D22BA6749A800A394DD62899107273365E3C82CFC6A55557BC06C10774B7ABE7AEC3B0F34CF06446280E154026D0542C187BA9DAB6628BF7B6DBB0E5A65B3EB1F58631DE64BBE083F7B65CC218087E22CABB042E51D1F2268F1FE12B3EA24D40D63E9CFE00120194D60B9D5BC67FE6D39CDF37E20AF817881F504B
310
0304140006080800B670623BBFEF2E3B690500003C100000340000006662782F42384135303843342D343331462D343546312D424341352D3532343432364645413344462F6F626A656374732E786D6CAD575D739B3814FD2B0CFB0C98D84E931D4227B6938EA793B6534F3BFB90198F0099B001899144EAECAFDF231018B0
310
D37A3FFC609090EEE7B94757C1FB7D915B2F54C88CB31BDB7727B64559CC938CA53776A576CE956DBD0F03C1B9EA2DB32D460A7A63EB693B0C52C1ABD24C257447AA5C8D66EF177F5832A68CDA569C13296F6C193FD182B8A4523CA1F2D94D88226EBADBBBBEDB2C1C8A4D05299F46424B222853B014F30C52ACC6287F389C
310
D85E1878FA7B18E87FB36AFAF62AAFF667A83F635211161F291B8999FAB3D5DDC5FCDA99CF6653677679E13B8BFBC5CAF1DF4D27CBCBE5F2FAF6EE1A8AA51290642C117467871F101B91C581D77CEA2C36869F3229E68CD1B8F61F1ED6361B89092D294B90C78C4A68EB793D190E7D1D9BDEE7A91E1B95FDE9F3BCEAEFE809
310
6A6D6F9F7D4B79F4275C90E7A04248AA51D5C4C738DAE06F72885AC4796EBE65D22A88A22223B995679120E2D50EB1542F098381188D4EA111AE3DB043FF20AF6F2B4AE3D7D83D65E5AECA730D4D3BAC91BD05FEA992B565D95F549CD6069B90AB2A63EACA38A45E4B6A87D781574F86817E4C2FCCC72690D62E2729520E37
310
9BAF234797BAF6D62B3BFC781FED37BA1E4F2B2F052FA9501A3E80569BB8F6A9A364D4FA67654E6F803383981F82F21591FF84F23D9882BC896C3FDBCF8C162508933B2E0AE4C69DD43F6BD2BE38DDDBF10BF86CB4FA784D37F3AF16075E67EC9030DECA1FC0A55373F5DFF3378C591FA9BDF485C10B0A8C8BA909E5262639
310
A8E72163488806A595734C81CB77D1DE0ED7604A303B76913CEC0272F412782FF88EFF4636D8AA56DF7B322474C4B767303F625997056C7B032C473C592B36CEBD15F3F9FF5233B7ABCDC74D257624A60F8658567497B14CE1EC3C80B76FD02011038F9EE9EB0F2E12387A9C844D3F09855125116D1D731DF8B43D2CF4E0A0
310
79A020C6BE946BCE0B7EA1E1219331CD73C228AF5A2DDD31A4B1DA918CE91350854D40A71723140BFA92E94E62B0626016CEFA5864A50E5977E8753CEDBEE1CBB7F52780D20E17AF0BA0F5F9B02A3AD07DCC732EB6D1EBB661421BE0C39E21BABF0FE16D22EA6929407C8DE596724C88B749B6DB5512BC7B228ADFD7CB7EA6
310
3A22397E690BA8D5D8D4E40CEC8CDA23C2C0B7D5898640101CEC9C6D331CE328CB93CAFBBAC70A642DF70DF95155945B52F08AA973C23469FD69ADEF84F7BB18F983A8F8C90E37F5D35980B2139A1C523540813E824EF83448CF7C72B598CE97D7CEEDDDDD3B6736BFBC771677EF66CE6A7E7139F7A793E9EDF2B2B3A8B624
310
0CDA13AA5F8388264EC4A0129909F3B7F5A16CEDF08128E97D680ACA4B9BE7B7B58BB638F0B00700EF36AE8B32A705658A68F83EE897FC2B41573190D1CCAF0B92D233A47CFEB019D9809933F67DD1A5467F8CF69AD9A5AE859342D45355448C64F968A371DC2D596ADC6E43D93D1B466F877A64E2893E54F23C4B40388995
310
525E5005DA3983ED45412510D3EFCA13737B3863F74BD30F2A12E5B4B5E489A025CE25500DB855B11ACE5BBFA185D35DD48D8DC3CE7DC69F2944DB42AA6F6CF09BCA622ADD08C7A36E7C6AE18000BAB08E040135C2D21C9D75B3A91B77BB746C403F38018DFE6EC939DD92F16B40BC05294B9CDA035AAD6D330AE27FE4786B
310
8E45145EA34A75BE1C263A676A35A8ACC6297337400BF16C54EF515F3F77CB77EB3583889C754FFA29081AA98E2222ADEF05DA3E63D2EDEA8B8756C05A7FB6CABC4A91CBF325398202CC952E70A008A830324BA200D5E5EF8F5F04C75DB4B0EE3340E071C98B823333B83577596BF3849B69F2085AA0FAFA212F26BEFF5877
310
FDE622B28D88A42E49E43326DA82D31E8CB006401E1DA726059ECEC168F97A6599036306A135688F9AD2E61A6EA178F4CD51974A9F2CCB9F36FE5EBD14601068D9C3BF01504B0304140006080000B670623B000000000000000000000000350000006662782F42384135303843342D343331462D343546312D424341352D35
310
32343432364645413344462F76657274696365732E62696E504B0304140006080800B670623BF270F1330600000004000000360000006662782F42384135303843342D343331462D343546312D424341352D3532343432364645413344462F747269616E676C65732E62696E636660600000504B0304140006080000B67062
310
3B000000000000000000000000370000006662782F42384135303843342D343331462D343546312D424341352D3532343432364645413344462F617474726962757465732E62696E504B0304140006080800B670623B08DA0BD19000000041010000360000006662782F42384135303843342D343331462D343546312D4243
310
41352D3532343432364645413344462F6469726563746F72792E786D6C858F410AC3201045AF22B36F53E9A60B35CBEEBAE80D244E44489C6234F4F835464A48035D0DF398FF9F8AF63D0E6CC63039F212F8F9020C7D47C6792B21C5FE7403D62A1188E2E60C98D7234A5830286103A55745067B9D86B8A3CF9C7F90C11DE6
310
07FB144396D7B6A82D282E9A152AD114D5EF2CB866EEE831B8EEA07A7BB5A8D7D61A2BAAEB7FD5F70921FF497D00504B0304140006080800B670623B3B4606F3FE000000A00100003B0000006662782F42384135303843342D343331462D343546312D424341352D3532343432364645413344462F7265736F75726365732F
310
636F72652E786D6C8D504B6E833010BD0A9A6D65B08134808CA354A427E8052C332156828DFCA97AFC9A40A576D7CDCCE87D344F8F9FBEE647F689CE6B6B7A6039850C8DB2A336530F315C4903D94970676DF82583CCC8197B5861107C72362E3BA4AC096842428D1D7107A5F71820538F74F4E0D50D6799CB1892C2DFF345
310
AABB9C306779A2934E701F5C0A906D4FD609C2A1B7D129F4BCD858C163D4E3AED163FAA9AF1A1D88F67CA98E6D35906AA82A52BFB39ABCD5CD915C86331BD86BD3B665CD8BD52C78D0F34F46E550061C419494B6843142CB0F5677F4D0D58717DA7494F26295FF31C565FCA7296A13AA728FBBD93C0896823C09C18BB5AFB4
310
9E65A6BD762BBE01504B010214000A0000080000B670623B3DEE336E79000000790000001B00000000000000000000000000000000006175746F6465736B2D64657369676E2D7061636B6167652E786D6C504B01021400140006080800B670623BD486FD9CA0000000F40000001300000000000000000000000000B2000000
310
5B436F6E74656E745F54797065735D2E786D6C504B01021400140006080800B670623B28ED286BEB0000007C010000080000000000000000000000000083010000636F72652E786D6C504B01021400140006080800B670623B55019EA25F0000007C000000070000000000000000000000000094020000636E782E786D6C50
310
4B01021400140006080800B670623B7BC41AC871010000D40300000C00000000000000000000000000180300006662782F636F72652E786D6C504B01021400140006080800B670623B70102A487D0000009D0000000B00000000000000000000000000B30400006662782F636E782E786D6C504B01021400140006080800B6
310
70623B3610CA3329010000120200003100000000000000000000000000590500006662782F42384135303843342D343331462D343546312D424341352D3532343432364645413344462F636F72652E786D6C504B01021400140006080800B670623B1B8617914E010000330300003000000000000000000000000000D10600
310
006662782F42384135303843342D343331462D343546312D424341352D3532343432364645413344462F636E782E786D6C504B01021400140006080800B670623BBFEF2E3B690500003C10000034000000000000000000000000006D0800006662782F42384135303843342D343331462D343546312D424341352D35323434
310
32364645413344462F6F626A656374732E786D6C504B01021400140006080000B670623B0000000000000000000000003500000000000000000000000000280E00006662782F42384135303843342D343331462D343546312D424341352D3532343432364645413344462F76657274696365732E62696E504B010214001400
310
06080800B670623BF270F133060000000400000036000000000000000000000000007B0E00006662782F42384135303843342D343331462D343546312D424341352D3532343432364645413344462F747269616E676C65732E62696E504B01021400140006080000B670623B00000000000000000000000037000000000000
310
00000000000000D50E00006662782F42384135303843342D343331462D343546312D424341352D3532343432364645413344462F617474726962757465732E62696E504B01021400140006080800B670623B08DA0BD1900000004101000036000000000000000000000000002A0F00006662782F42384135303843342D3433
310
31462D343546312D424341352D3532343432364645413344462F6469726563746F72792E786D6C504B01021400140006080800B670623B3B4606F3FE000000A00100003B000000000000000000000000000E1000006662782F42384135303843342D343331462D343546312D424341352D3532343432364645413344462F72
310
65736F75726365732F636F72652E786D6C504B0506000000000E000E0080040000651100000000
  0
XRECORD
  5
187
102
{ACAD_REACTORS
330
186
102
}
330
186
100
AcDbXrecord
280
     1
 70
     1
 90
429727718
  1
887D55A9-D0DD-414E-B741-A7DCD4DA2B4C
310
504B03040A0000080000B670623B3DEE336E79000000790000001B0000006175746F6465736B2D64657369676E2D7061636B6167652E786D6C3C3F786D6C2076657273696F6E3D22312E302220656E636F64696E673D227574662D3822203F3E3C666F726D6174733E3C666F726D61743E687474703A2F2F736368656D612E
310
6175746F6465736B2E636F6D2F64657369676E2D7061636B6167652F323030393C2F666F726D61743E3C2F666F726D6174733E504B0304140006080800B670623BD486FD9CA0000000F4000000130000005B436F6E74656E745F54797065735D2E786D6C7D8EC10E82300C865F65E91D8A1E8C310C0EEA1BF002731658846E
310
D98AC1B77784ABF1D8FE5FBFBF75BBCE937A534CCEB38643598122B6FEE978D0B0485F9C41B54DDD7D022595594E1A469170414C76A4D9A4D207E29CF43ECE46F218070CC6BECC4078ACAA135ACF422C856C0E68EA1BF5669944DDD7BCDE7B1F8E415D77AECB980613C2E4AC91FC167A2B244592486606FC29C8FD7F045B9A
310
EF7053A7E60B504B0304140006080800B670623BBC1638F5EC0000007C01000008000000636F72652E786D6C8D90416EC3201045AF82665B61836BE2D8C24471DB9CA01740401C94182C03558F5F9C3852BBEB6A467FFE9B197D7EF89E6EE8CB2CC17AD7032D0820E394D7D68D3DA478C67B4007C117EFE32F1B202727D3C3
310
2A83E0E3E2D3BC49CABB685CCCAAF3DA6CA20CC14440EA969B1E82BA98491632C5EC08D76296EA2A4753D06797E194AC468F2356E77DF66CCD02825543D50CACC62D39ED70FDC68EB8FD68F6F8787A6784342D1DDA1D2F5758F068A7E77DB518198D065111D2624A31A93E69DD11D6D5EC85EC3B4278B9DAFF4069D6FF8492
310
75F1B5DADE7D600104CD8FDC0782976B16B9DC83CA75CD4DFC00504B0304140006080800B670623B55019EA25F0000007C00000007000000636E782E786D6C4DCB3B0E80201045D1AD90E915ED2CF8AC45050C11660C8261F98AB1B07AC9C97D42D718D865D3E909258CFD00CCE24AC6E326A164D74DC0B4128928FF326038
310
472BA13128B1252AC747C6BAB984FC68F0B87FE8960A5C09FE86CFB69FBA01504B0304140006080800B670623B3586FFB671010000D40300000C0000006662782F636F72652E786D6CC553ED6E8320147D15C2DF4541A76D6D90A6DDD627D80B50A4CE54C120983EFEAE1F4DD7A55BBA5FF3879273EEE59E7310B6393735EA
310
95ED2AA3731C851423A5A5292A5DE6D8BB63B0C268C39935C67D29C3488B46E578803167A535BE9D2169B453DA01AA4DA16650749D7218C91A1639EEE4876A4428BC838AEE14B6429E44A9C228041AEA38EB9C0501681A32BC313F1ECE8C4C3867DE57C5CC56054CAB8E95B298A7F12E5EEED224C8E87E11242FE936C8DE96
310
AB60BB7F4D295D66D12E5B30323473E6AAE6A24E5A259C2A308F29CD82280A68FC1E256B9AAE93F489AED694323294DF34F9B678B0C957DA3DC7B3DCA9ADC33C022123F1CD2D44E450277AD04338234388F01913BE0D1A0281909D38D4171F27807A259DB1093085F157AA17B557309586747CD0CF0B46A64E983A6E0EAEEF
310
CE881F9EF1FB8E70D44297604238581EBC1B74B249C31C5AAB6CD0BB33D2C636A27ECCC62F0EFF445DC5DF95244D6DEC7F2922F30191F9F720C37DE49F504B0304140006080800B670623B4220A0FF7D0000009D0000000B0000006662782F636E782E786D6C4DCCD10A83201886E15B91FFDCE542CB0335D0EC3E6259C84A
310
C3E9D8E5AF46073BFAE0E1E315DD675BD1DBA5978F41C2FD4600B9F088930F8B849267CC01754AA418F3DF0D50183727E164506249B1EC174D6E1ECB9A0F5D7D785E68DB8151CD286E5A5363CA6B8A39E90D36D40E96B086F55A43A544F52B1D7B86D517504B0304140006080800B670623B2FA3FEDE290100001202000031
310
0000006662782F45374635344235342D363743322D343832342D383044432D4334454645303536354442422F636F72652E786D6C8D515B6EC32010BC0AE22B55850D2E386E848994D7097A0117488A1283C5A3CAF10BB523B57FF961D1ECCCECC0F2ED7DBC816FED8371B687A4C210682B9D32F6D2C314CFA883602BB8772E
310
FEA141608751F7B0C050F08B77695A20E96CD43666D43AA5177008414708E42D5F7A18E4971E876A483133C2B59A06791D2EBA22556E679EE021FA1C00CC43CA09C5717D6274C7286AD7FB06D1AEA1A8C3873DDAD3E3E98859CB0EBB1DAF67A1E02919B5C88DCA71CCD968FFAC49110B1ECDF8882FBD1EA256503418BF2342
310
106E3E08DD60B6A1EC15771B8C795DE8FF4469524F8A92B1F1AD59E2CEB20005E1F5DC105CB9F4797B84D1F7C9F908CABC55D0F2050A5C61CC1AD2F27A26E6E767C7962E8E213A9FBF7775FDCC5CC266DB960A5E970DE5F2BBBE5CCB36C50F504B0304140006080800B670623B1B8617914E01000033030000300000006662
310
782F45374635344235342D363743322D343832342D383044432D4334454645303536354442422F636E782E786D6CD593C16EC32010447F0571AD6CE3D489D20813A9877E410FBD62D82434182CC055F3F75D1292E692438FBD206B7698593D61BEFD1E2DF982108D773D6D6B460938E5B571FB9ECE6957AD29D90A1EBC4F77
310
364A9C1CA1A759A682EF839FA72269D8C9D92654AD71C72206887E0E0A22CAF926B15E498B01E0AA19451807D01A34B919F16B070157417138917400F2F6FA41FCF0092A45DEE414C19BDC21783E4BD39D891265658C3D8DEA00A3ACE59CBC8678ACB54CB26EEB6BD7839D7E9348BE70AD9C8321B9BCA7F9A4A26C542347DE
310
E050F09802D22BA6749A800A394DD62899107273365E3C82CFC6A55557BC06C10774B7ABE7AEC3B0F34CF06446280E154026D0542C187BA9DAB6628BF7B6DBB0E5A65B3EB1F58631DE64BBE083F7B65CC218087E22CABB042E51D1F2268F1FE12B3EA24D40D63E9CFE00120194D60B9D5BC67FE6D39CDF37E20AF817881F50
310
4B0304140006080800B670623B29652116630500003C100000340000006662782F45374635344235342D363743322D343832342D383044432D4334454645303536354442422F6F626A656374732E786D6CAD575D739B3814FD2B0CFB0C989834C90EA1639B24E3E9A6EDD4D3CE3E64C623834CD8006224913AFDF57B040203
310
B65BEF871F0C12D2FD3CF7E8CA7FBFCB33E3957291B2E2D674ED8969D02262715A24B76625B7D6B569BC0F7CCE98EC2D338D82E4F4D654D366E0279C55A59E8AE99654991CCDDECFFF3444440B6A1A514684B83545F44C7362934AB2988A173B2692D8C97667BB76B3702836E1A47C1E092D09A78584A5982F20C5688C7287
310
C389E904BEA3BE07BEFAD7ABA6A75739B53F43FD69212429A20365233153D70BEF2E2E6FAC4BCF9B5ADEBB0BD79ADFCF43CBBD9A4E16EF168B9BD9DD0D140BC921495BC2E9D60C1E101B9E46BED37CEA2CD6861F3329624541A3DA7F7858DBAC25C6B4A4458C3CA654405BCFEBC970E8AAD8F43E4FD558ABEC4F9FE7557F47
310
4F506B7BFBEC5BCA367FC105710E2AB8A00A554D7CB4A30DFE26FBA86D18CBF4B75418399194A72433B274C3097F33032C554B027F2046A1932B842B0FCCC0DDCBEBDB8AD2F835768F59B9ADB24C41D30C6A64AF817F2A456D59FA83F2E3DA60137255A585BCD60EC9B7929AC18DEFD49381AF1ED30BFDB109A4B1CD488294
310
C3CDE6EBC8D185AABD6568061FEE37BB95AAC7E3CA4BCE4ACAA5820FA0D526AE7DAA2869B5EE5999531BE0CC20E6FBA07C41E43FA27CF7A6206F3CDD793B4F6B919C1462CB788EDCD893FA674CDA17AB7B3B7C019F8D561FAEE966FED562DFE98C1D12C6A9FC015C2A35D7FF3D7FC398F591DA4B5FE0BFA2C0189FEA50AE22
310
92817A1ED3020951A03432862970F976B33383259812CC8E5D240BBA801CBCF8CE2BBEE3BF910DB6AAD5F79E05123AE2DB33981FB1ACCB02B69D00CB014FD68AB573A7627EF9BFD4CC2C5C7D58557C4B22FAA88925A4DBB44825CECE3D78FB060D1231F0E885BE7D673C86A3874958F593906B5502D1563157814FDAC3420D
310
F69A070A22EC4B98E23CFF171A1E5311D12C23056555ABA53B8614563B92D17D02AAB009E8F46284624E5F53D5490C560CCCC2591FF1B45421EB0EBD8EA7ED13BE7C5D7E0428CD60FEF60779EB13E6664FF711CB185F6FDED60D139A001FF60CD1FD6D086F1D51474901E26B2CB794A343BC8ED3EDB612E0DD2351FCB65CF4
310
33D511C9E14B5B40ADC6A6263DB0336A8F700DDF56271A024E70B0B3629DE21847591E55DED73D56206AB927E46FAABC5C939C55853C274C93D69FD6FA4E78BF8B11DF898C9ECD60553FAD39283BA6F18984AA23E8884F83F45C5F5F859797B31B2B9C84A1E5B9DE9D35BFF25C6B76152E422F9C5DCC3D847F5801ED09D5AF
310
41441327A25FF15487F9EB725FB666F048A4701E9A827292E6F97569A32DF61DEC01C0BB8DCBBCCC684E0B49147C1FD54BF685A0AB18C868E6973949E819523E3DAC463660E68C7D9F55A9D1EFA3BD7A76A16AE1A810F95CE59B82A4D968A376DC2E8B44BBDD86B27B368CDE0ED548C7137DA860591A83706223A12CA712B4
310
7306DBF39C0A20A6DF95C7FAF670C6EED7A61F946493D1D6926782963813403548A78AE470DEF80D2D9CEAA26E4D1C76F60BFE74219A06527D6B82DF641A51616F703CAAC6A7160E08A00BEB4810A0274592A1B36E3675E36E978A0DE80727A0D6DF2D39A75BD27E0D8837276589537B40ABB56D5A41F48F1C6FCD3188C4EB
310
A6929D2FFB89CE995A4D00AE813BDD032DC48B56BD437DFDDC2DD7AED70C2272D63DE9A72068A45A92F0A4BE17A8A06B9366E16707AD80B1FC649459952097E74BB23805982B55E0401150A165964402AA8BDF9F3E7386BB686EDCA780C0D382E5392BF460A6EFB2C6EA1937D3F809B440D5F5435C4C5CF7A9EEFAF54564BD
310
2182DA24162F98680B4E7930C21A0079709CEAEB99A372305ABE0C0D7D6078105A83F6A0296DAEE1068A47DD1C55A9F4C9B2FC69E3EFD44B81028E963DF81B504B0304140006080000B670623B000000000000000000000000350000006662782F45374635344235342D363743322D343832342D383044432D433445464530
310
3536354442422F76657274696365732E62696E504B0304140006080800B670623BF270F1330600000004000000360000006662782F45374635344235342D363743322D343832342D383044432D4334454645303536354442422F747269616E676C65732E62696E636660600000504B0304140006080000B670623B00000000
310
0000000000000000370000006662782F45374635344235342D363743322D343832342D383044432D4334454645303536354442422F617474726962757465732E62696E504B0304140006080800B670623B08DA0BD19000000041010000360000006662782F45374635344235342D363743322D343832342D383044432D4334
310
454645303536354442422F6469726563746F72792E786D6C858F410AC3201045AF22B36F53E9A60B35CBEEBAE80D244E44489C6234F4F835464A48035D0DF398FF9F8AF63D0E6CC63039F212F8F9020C7D47C6792B21C5FE7403D62A1188E2E60C98D7234A5830286103A55745067B9D86B8A3CF9C7F90C11DE607FB144396
310
D7B6A82D282E9A152AD114D5EF2CB866EEE831B8EEA07A7BB5A8D7D61A2BAAEB7FD5F70921FF497D00504B0304140006080800B670623B6378F24DFF000000A00100003B0000006662782F45374635344235342D363743322D343832342D383044432D4334454645303536354442422F7265736F75726365732F636F72652E
310
786D6C8D504B6E833010BD0A9A6D65B0094E42641C85B639412F6099496225D8C89FAAC7AF09546A77DDCC8CDE47F3F4C4F16B7C149FE88371B603565228D06A37187BED20C50BD9437194C23B177FC9A0B06AC40E6618A4B87A97A615D2CE46B431A3D60DB8822A048C50E8473E3A08FA86A32A558A5911EEE5A4F45D5DB1
310
6465A6B34E8A107D0E502C4FE609D26370C96B0CA25A58295232C3AA3143FE692E063D485EF7F5AEE71BD2D2F39634AFFC44DAF7DD9E9CCE6F9CD25DCBFA762BAAD92C4534E34F46ED51451C40D694B6843142EB0FD61C283F34FC85EE0F948A6A96FF31A569F8A729191B37F51A77B105902C0779125254735F793DCBCC7B
310
EE567E03504B010214000A0000080000B670623B3DEE336E79000000790000001B00000000000000000000000000000000006175746F6465736B2D64657369676E2D7061636B6167652E786D6C504B01021400140006080800B670623BD486FD9CA0000000F40000001300000000000000000000000000B20000005B436F6E
310
74656E745F54797065735D2E786D6C504B01021400140006080800B670623BBC1638F5EC0000007C010000080000000000000000000000000083010000636F72652E786D6C504B01021400140006080800B670623B55019EA25F0000007C000000070000000000000000000000000095020000636E782E786D6C504B010214
310
00140006080800B670623B3586FFB671010000D40300000C00000000000000000000000000190300006662782F636F72652E786D6C504B01021400140006080800B670623B4220A0FF7D0000009D0000000B00000000000000000000000000B40400006662782F636E782E786D6C504B01021400140006080800B670623B2F
310
A3FEDE290100001202000031000000000000000000000000005A0500006662782F45374635344235342D363743322D343832342D383044432D4334454645303536354442422F636F72652E786D6C504B01021400140006080800B670623B1B8617914E010000330300003000000000000000000000000000D2060000666278
310
2F45374635344235342D363743322D343832342D383044432D4334454645303536354442422F636E782E786D6C504B01021400140006080800B670623B29652116630500003C10000034000000000000000000000000006E0800006662782F45374635344235342D363743322D343832342D383044432D4334454645303536
310
354442422F6F626A656374732E786D6C504B01021400140006080000B670623B0000000000000000000000003500000000000000000000000000230E00006662782F45374635344235342D363743322D343832342D383044432D4334454645303536354442422F76657274696365732E62696E504B01021400140006080800
310
B670623BF270F13306000000040000003600000000000000000000000000760E00006662782F45374635344235342D363743322D343832342D383044432D4334454645303536354442422F747269616E676C65732E62696E504B01021400140006080000B670623B0000000000000000000000003700000000000000000000
310
000000D00E00006662782F45374635344235342D363743322D343832342D383044432D4334454645303536354442422F617474726962757465732E62696E504B01021400140006080800B670623B08DA0BD190000000410100003600000000000000000000000000250F00006662782F45374635344235342D363743322D34
310
3832342D383044432D4334454645303536354442422F6469726563746F72792E786D6C504B01021400140006080800B670623B6378F24DFF000000A00100003B00000000000000000000000000091000006662782F45374635344235342D363743322D343832342D383044432D4334454645303536354442422F7265736F75
310
726365732F636F72652E786D6C504B0506000000000E000E0080040000611100000000
  0
XRECORD
  5
112
102
{ACAD_REACTORS
330
110
102
}
330
110
100
AcDbXrecord
280
     1
270
     1
271
     1
  0
XRECORD
  5
111
102
{ACAD_REACTORS
330
110
102
}
330
110
100
AcDbXrecord
280
     1
270
     1
271
     1
  0
XRECORD
  5
18A
102
{ACAD_REACTORS
330
110
102
}
330
110
100
AcDbXrecord
280
     1
 70
     0
 90
1778669749
  1
9BF507EE-FAF7-4A99-A33D-4EE51894BC40
310
504B03040A0000080000B670623B3DEE336E79000000790000001B0000006175746F6465736B2D64657369676E2D7061636B6167652E786D6C3C3F786D6C2076657273696F6E3D22312E302220656E636F64696E673D227574662D3822203F3E3C666F726D6174733E3C666F726D61743E687474703A2F2F736368656D612E
310
6175746F6465736B2E636F6D2F64657369676E2D7061636B6167652F323030393C2F666F726D61743E3C2F666F726D6174733E504B0304140006080800B670623BD486FD9CA0000000F4000000130000005B436F6E74656E745F54797065735D2E786D6C7D8EC10E82300C865F65E91D8A1E8C310C0EEA1BF002731658846E
310
D98AC1B77784ABF1D8FE5FBFBF75BBCE937A534CCEB38643598122B6FEE978D0B0485F9C41B54DDD7D022595594E1A469170414C76A4D9A4D207E29CF43ECE46F218070CC6BECC4078ACAA135ACF422C856C0E68EA1BF5669944DDD7BCDE7B1F8E415D77AECB980613C2E4AC91FC167A2B244592486606FC29C8FD7F045B9A
310
EF7053A7E60B504B0304140006080800B670623BCA089DFFEC0000007C01000008000000636F72652E786D6C8D90416E83301045AF62CDB632D8402020E32882F604BD80653BC44AB011B6AB1EBF262152BBEB6A467FFE9B197D76FA9EEFE84BAFDE38DB03CD08206DA553C64E3DC470C1474027CE56E7C22F1B202B66DDC3
310
260367D3EAE2B24BD2D9A06D48AA754AEFA2F05E0740F29E9A1EBCBCEA59642286E4F0B76C11F226269DD15797E0188D42CF2346A57DE662F40ABCAEC77628C6120F654571D50C04B7F5B9C1E3997CD4F550BE3745C3F20DE62C98F9755FAE5A04AD801784B498524C8A4F5A75E4D055873772EC0861F966FF03C545FD138A
310
C686B2D8DF7D621E384D8F3C069CE55B16A93C824A75CB8DFF00504B0304140006080800B670623B55019EA25F0000007C00000007000000636E782E786D6C4DCB3B0E80201045D1AD90E915ED2CF8AC45050C11660C8261F98AB1B07AC9C97D42D718D865D3E909258CFD00CCE24AC6E326A164D74DC0B4128928FF326038
310
472BA13128B1252AC747C6BAB984FC68F0B87FE8960A5C09FE86CFB69FBA01504B0304140006080800B670623B68FC0B7272010000D40300000C0000006662782F636F72652E786D6CC5535B6E833010BC8AE5DF0A6C1E8124328E22D29EA01770C0A128602363A31CBFCB234A53A555FA553EC09AD9F5CE8C31DB5DDA060D
310
D2F4B556190E7C8A9154852E6B5565D8D993B7C668C799D1DA7E29C3488956667884316795D1AE5BA0422B2B950554E9522EA0E87B69312A1A5864B82F3E642B7CE12C54F467BF13C55954D20F7CA0A18EB3DE1A1080E621E31BF3D3F1C2C88C73E65C5D2E6C5DC2B4FA544B8379921C36797888BC3C8A032F4E73EA6D927D
310
EA1DF6F42D49F2E8350D5346C666CE6CDD5ED515460A2B4BCC434A375E1078347C0FE22D5D6DE3D50B5D6F2965642CBF6B725DF96493AB958DC245EEDCD6631E809089F8E61622B2A81703E8219C913144F84C09DF070D8140C8561C9BAB8F3340832CAC363130A576376A108D933095FA747AD0CF0B46E64E983A6D0EAE1F
310
CE089F9EF1FB8E70D44255604258581E9D1D75B259C3125A278D37D80B52DAB4A279CEC62F0EFF44DDC43F9454E8469BFF5244960322CBEF41C6FBC83F01504B0304140006080800B670623B0F71DDB67E0000009D0000000B0000006662782F636E782E786D6C4DCCD10A83201886E15B91FFDCA54DB73F502386BB8F5816
310
32D3703976F9ABD1C18E3E78F87855FB990379BBFCF2296AE02706C4C5471A7C9C349475A408A4352AA7B4FEDD80C47E761A7606A3A69CCA72D0E0C6BE8475D3E0E3F3409428EA6B27A84079A782899AA2EC1A7AE3ECCC2FD858CB2D544655BFD2B67BD87C01504B0304140006080800B670623BE134B4FB28010000120200
310
00310000006662782F38353834323741342D343835462D343034322D383541392D4331303331363839454531452F636F72652E786D6C8D515B6EC32010BC0AE22B55850D0EA424C24451959EA0172086A42831583CAA1CBF503B52FB971F16CDCECC0EACD8DFC71BF836215AEF7A481A0C817183D7D65D7A98D3197108F652
310
04EFD31F1A044E8DA6871586525C82CFD3020DDE25E352419DD76601558C264130DCCAA58771F832A36A544E8511AFCDA486ABBA988634A55D7852C4144A00300FA927949C71DABD1D28A29C7D208A6987383B6CD13BC16BB2E1DBE3911C453B0BA5C8D9EA456E758963CFD684674DAA588A64C747FC2118958C86B2C3788B
310
0841B8FB247487D98EB257CC77188BB6D2FF89F2A49F1465EBD2BA5BE2CEB2082511EDDC9042FB7CBA3DC298FBE4430275DE2A9AE1054ADC60CC08E3A29D89E5F9C5714317C7987C28DFBBBA9E0A97B0D97643A568EB864AF95D5FA9759BF207504B0304140006080800B670623B1B8617914E010000330300003000000066
310
62782F38353834323741342D343835462D343034322D383541392D4331303331363839454531452F636E782E786D6CD593C16EC32010447F0571AD6CE3D489D20813A9877E410FBD62D82434182CC055F3F75D1292E692438FBD206B7698593D61BEFD1E2DF982108D773D6D6B460938E5B571FB9ECE6957AD29D90A1EBC4F
310
77364A9C1CA1A759A682EF839FA72269D8C9D92654AD71C72206887E0E0A22CAF926B15E498B01E0AA19451807D01A34B919F16B070157417138917400F2F6FA41FCF0092A45DEE414C19BDC21783E4BD39D891265658C3D8DEA00A3ACE59CBC8678ACB54CB26EEB6BD7839D7E9348BE70AD9C8321B9BCA7F9A4A26C542347
310
DEE050F09802D22BA6749A800A394DD62899107273365E3C82CFC6A55557BC06C10774B7ABE7AEC3B0F34CF06446280E154026D0542C187BA9DAB6628BF7B6DBB0E5A65B3EB1F58631DE64BBE083F7B65CC218087E22CABB042E51D1F2268F1FE12B3EA24D40D63E9CFE00120194D60B9D5BC67FE6D39CDF37E20AF817881F
310
504B0304140006080800B670623B5933D422630500003B100000340000006662782F38353834323741342D343835462D343034322D383541392D4331303331363839454531452F6F626A656374732E786D6CAD575B6FA33814FE2B887D0642934E9B156594264D158D3A534DD4D13E548A0C38942D60649B4EBABF7E3F8321
310
40924EF6928780CDF1B97EE762EFF32E4B8D37CA45C2F21BD3B547A641F39045491EDF98A5DC5AD7A6F1D9F73863B243661A39C9E88DA9B64DDF8B392B0BBD15D12D295339D85DDEFE618890E6D434C2940871638AF08566C426A5641115AF764424B1E3EDCE76ED9AB0CF36E6A47819302D08A7B984A6D8CFC1C5A89572FB
310
CB91E9F89EA3BEFB9EFAD754E3D3544E654F5F7E920B49F2F040D880CDD89D2CEE2E2EA7D6E56432B6269F2E5CEB7679BBB0DCABF168FE693E9FCEEEA6102C240727AD09A75BD3BF876F78127A4EFDA9D5582B7E4CA590E5390D2BFB6161A5B3E618D182E611E2985001691DAB47FDA5AB7CD3F93C566B2DB2BB7D9E55DD13
310
1D468DEECDB3AB290BFE8409E21C54704115AA6AFF68436BFC8DF65E0B184BF5B74418199194272435D224E084BF9B3E481589EFF5D828747285706581E9BB7B7E5D5D911ABFC6EE312DB7659A2A689A7E85EC0DF04FA5A8344BFEA2FCB834E8845895492EAFB541F2BDA0A63FF59C6AD3F7D4637CA13FD68E34B629891172
310
98597F1D183A57B9B75A98FE9765B05BAB7C3C2EBCE0ACA05C2AF8005A4DE09AA7F29216EB9E15397500C6F47CBE77CA7778FE2BD277AF0AE2C693DD6437D1522427B9D8329E2136F6A8FA19A3E6C56ADF0E5F50CF06D48734EDCEBF22F69C56D97EC138153F804B85E6FABFC7AFEFB32E523BE1F3BD372418E363EDCA7548
310
52949E8724474014288D94610BB57C1BEC4C7F854A89CA8E5324F55B871CBC78CE1BBEE3BFE68D6A5589EF3C730474506FCFA8FCF0659516D0ED04580EEA6425581B77CAE797FF4BCECC16EB2FEB926F49481F746159D06D922712BD730FDEAE42BD40F42C7AA5EF3F198F60E86110D6DD20645A9480B795CF95E3E3A659A8
310
C55E724F408873315335CFFB8584874484344D494E59D94869DB90C26A5B64F49C802CAC1D3ABE18A098D3B7444D123D8A9E5AE8F5214F0AE5B2B6E9B575DA3E61CBD3EA2B4009FA940524DD1305FB6A1FB294F14DF0BEA90BA109ECE1481FDC3FFAE8D60E75141700BE82725371B4873751B2DD960265F788137FACE6DD40
310
B575E4F0A5C99F46629D92131467A41EE11ABD8D4CCC039CA0AFB37C93A08B232B8F0AEFCA1E0A1015DF13FC83322B362463652ECF71D3A8B1A7D1BE65DE1D62C44F22C317D35F574FEB16153BA2D13E543D10A80E74C4A65E78A6B7CBCBD1D5DD9DB59C2DAFACC96C3AB566E3F1C29ADCDD5DBAD7D3C9ED7C822ED74F80A6
310
41755310DE4443F44A9E68373FADF6596BFA0F440AE7BECE2727AE9F4F2B1B53B1E7E00CF0DD1E5C65454A339A4BA2D0FBA05ED2EF0443458F47BDBFCA484CCFE0F2ED7E3DD0013B679C7B5499467F0ECEEADDB9CA85A34CE44B99053949D2C1416DB85DE4B136BB7165FBAC0B7AB3542BED4F8CA182A549847A1319316519
310
95A83A67147B9E5101C47487F2485F1ECE38FD568F839204296D3479219888530154036E6528FBFBC66F98E0D4107563A2D7D9AFF8D389681A08F58D89F22693900A3B407754734FC51C10C010D6D640809EE4718AC1BA3ED4AEDB53CA37283F68805A7E4B72CEB0A4EDEAD5DD8C14059A76AFAA56BA6901E13F32BC51C720
310
12AF41295B5BF61BAD3195181FB506E6B40F4C10AF5AF40EF9F5B159AE5DD1F43C72D635E94310D45C2D49785C5D0B94D3B54AB3C5A38349C0587D338AB48C11CBF339599C02CCA54A70A008A8D03C0B2201D5F9EFCF8F9CE12A9A19CB0410789EB32C63B95ECCF455D658BFE0621A3DA32C5075FB101723D77DAE867E7D0F
310
D90444509B44E2151B4DC2290B065803200FBAA9BE9D392A0603F2D5C2D00D6302A615680F66D2FA166E2079D4C551A54AB758161FCEFD4E450A14704CECFEDF504B0304140006080000B670623B000000000000000000000000350000006662782F38353834323741342D343835462D343034322D383541392D4331303331
310
363839454531452F76657274696365732E62696E504B0304140006080800B670623BF270F1330600000004000000360000006662782F38353834323741342D343835462D343034322D383541392D4331303331363839454531452F747269616E676C65732E62696E636660600000504B0304140006080000B670623B000000
310
000000000000000000370000006662782F38353834323741342D343835462D343034322D383541392D4331303331363839454531452F617474726962757465732E62696E504B0304140006080800B670623B08DA0BD19000000041010000360000006662782F38353834323741342D343835462D343034322D383541392D43
310
31303331363839454531452F6469726563746F72792E786D6C858F410AC3201045AF22B36F53E9A60B35CBEEBAE80D244E44489C6234F4F835464A48035D0DF398FF9F8AF63D0E6CC63039F212F8F9020C7D47C6792B21C5FE7403D62A1188E2E60C98D7234A5830286103A55745067B9D86B8A3CF9C7F90C11DE607FB1443
310
96D7B6A82D282E9A152AD114D5EF2CB866EEE831B8EEA07A7BB5A8D7D61A2BAAEB7FD5F70921FF497D00504B0304140006080800B670623BD9A3B367FE000000A00100003B0000006662782F38353834323741342D343835462D343034322D383541392D4331303331363839454531452F7265736F75726365732F636F7265
310
2E786D6C8D504B6E833010BD0A9A6D65B01D0201194711694FD00B586642AD043BF2A7EAF16B122AB5BB6E6646EFA3797AE2F8B5DC8A4FF4C1383B002B291468B59B8C9D0748F1420E501CA5F0CEC55F3228AC5A708015062966EFD27D83B4B3116DCCA875136EA00A012314FA968F0182FEC045952AC5AC08D7F2AEF455CD
310
58B232D3592745883E07289E4FD609D26370C96B0CA27AB252A464A64D63A6FCD35C0C7A904D73EE467EE664DCD58CD4ED4849D79C5A723ED1B7A61977AF2D6F45B59AA58866F9C9A83DAA8813484E6947182394BFB3BAA7FBBEDEBFD0434FA9A856F91F53BA4FFF342563E38E6F719FB60092E5200F428A6AED2BAF479979
310
AFDDCA6F504B010214000A0000080000B670623B3DEE336E79000000790000001B00000000000000000000000000000000006175746F6465736B2D64657369676E2D7061636B6167652E786D6C504B01021400140006080800B670623BD486FD9CA0000000F40000001300000000000000000000000000B20000005B436F6E
310
74656E745F54797065735D2E786D6C504B01021400140006080800B670623BCA089DFFEC0000007C010000080000000000000000000000000083010000636F72652E786D6C504B01021400140006080800B670623B55019EA25F0000007C000000070000000000000000000000000095020000636E782E786D6C504B010214
310
00140006080800B670623B68FC0B7272010000D40300000C00000000000000000000000000190300006662782F636F72652E786D6C504B01021400140006080800B670623B0F71DDB67E0000009D0000000B00000000000000000000000000B50400006662782F636E782E786D6C504B01021400140006080800B670623BE1
310
34B4FB280100001202000031000000000000000000000000005C0500006662782F38353834323741342D343835462D343034322D383541392D4331303331363839454531452F636F72652E786D6C504B01021400140006080800B670623B1B8617914E010000330300003000000000000000000000000000D3060000666278
310
2F38353834323741342D343835462D343034322D383541392D4331303331363839454531452F636E782E786D6C504B01021400140006080800B670623B5933D422630500003B10000034000000000000000000000000006F0800006662782F38353834323741342D343835462D343034322D383541392D4331303331363839
310
454531452F6F626A656374732E786D6C504B01021400140006080000B670623B0000000000000000000000003500000000000000000000000000240E00006662782F38353834323741342D343835462D343034322D383541392D4331303331363839454531452F76657274696365732E62696E504B01021400140006080800
310
B670623BF270F13306000000040000003600000000000000000000000000770E00006662782F38353834323741342D343835462D343034322D383541392D4331303331363839454531452F747269616E676C65732E62696E504B01021400140006080000B670623B0000000000000000000000003700000000000000000000
310
000000D10E00006662782F38353834323741342D343835462D343034322D383541392D4331303331363839454531452F617474726962757465732E62696E504B01021400140006080800B670623B08DA0BD190000000410100003600000000000000000000000000260F00006662782F38353834323741342D343835462D34
310
3034322D383541392D4331303331363839454531452F6469726563746F72792E786D6C504B01021400140006080800B670623BD9A3B367FE000000A00100003B000000000000000000000000000A1000006662782F38353834323741342D343835462D343034322D383541392D4331303331363839454531452F7265736F75
310
726365732F636F72652E786D6C504B0506000000000E000E0080040000611100000000
  0
XRECORD
  5
113
102
{ACAD_REACTORS
330
110
102
}
330
110
100
AcDbXrecord
280
     1
270
     1
271
     1
  0
XRECORD
  5
114
102
{ACAD_REACTORS
330
110
102
}
330
110
100
AcDbXrecord
280
     1
270
     1
271
     1
  0
XRECORD
  5
2588
102
{ACAD_REACTORS
330
2587
102
}
330
2587
100
AcDbXrecord
280
     1
460
100.0
461
100.0
462
100.0
463
100.0
290
     0
270
     1
464
0.0
293
     0
272
     3
273
     3
  0
XRECORD
  5
2589
102
{ACAD_REACTORS
330
2587
102
}
330
2587
100
AcDbXrecord
280
     1
270
     1
271
     1
  0
XRECORD
  5
258A
102
{ACAD_REACTORS
330
2587
102
}
330
2587
100
AcDbXrecord
280
     1
270
     1
271
     1
  0
XRECORD
  5
258B
102
{ACAD_REACTORS
330
2587
102
}
330
2587
100
AcDbXrecord
280
     1
 70
     0
 90
-736978550
 71
     1
  1
856E659B-F0B4-4271-9D99-654669F3E358
311
504B0304140006080800C774655A3EC371F56F010000B80200004F00000032464332393231412D414235422D343632412D413546312D3044324632373443304242372F4173736574446174612F446566696E6974696F6E4974657261746F7250726F706572746965732E62696EB5524D4FC240101DBF628C31D18BE7FE81A5
311
EDD2164A628C05EA89840877B2D4151AB72D6197A0370E1EFCD73AB31441EFB699CEDB9937B3332FFD0480AFFA410847681BFC5EA17F94A55CE6D9289BCB42C0F93E72008F314AC79E7C112B65A86C90EB4C2A254A59ADF4CDBECA2984C17E4235A8E8026D17D0D461B6BD8D06586F677A4308E279D1B9175A4B73E7F2B4CB
311
63EE3FB087244C5810714461EA33AFC753DE0ABA5E92B4DC27A9ABD53293DA6D87513F0AE384A55E12B080B77C16F7E2984561104571DAEC37C3B66BE6AB625A8A5CB99E5B8F305994B3B11F749AED8E7F8223901ED7E887CB5C17036984AA25A11D6C90F130FA75A00D2FD12CDB1D1929D51F956CCC618E16262F4F917AB6
311
A313B0D9438988B141D3942D680612EA03ED9F059A0C2B6DB8E7875BA5E857B9C55B6BC5CCE4677F524D43031C18C31C72D088D6E815BE0E4C61091204BC221650C2BBF51A59120ACC2A1B218EC2BCC1BA0A59DA765AD85E0631651CDBE91B504B0304140006080800C774655A7961E74FC0010000C8030000450000003246
311
4332393231412D414235422D343632412D413546312D3044324632373443304242372F4173736574446174612F496E7374616E636550726F706572746965732E62696EEB606060F80F0540260323103700495E20ED9E9A975A94991C9C9C919A9BA80214B03035733533B574D275337032D135313237D4B574B1B4D4353335
311
3133B37433763536B5604768046931363471713532B5D435353131D635313332D475727372D13534373670367376B67474B5042A8300CD98FE435F35AED8036926A0480310C3F8601AA2EA833D4812EC522025E0C02000E21A83C1657B101B0FF800530064B8CD5CF9E805E7137B741AA21DA800680F3390D380669E437AF1
311
337B88FD3C10A907206310AA40E109924903836F509907482A106AC12C98ABB0D060BF42E2C8084D1782CB026482620E64697079624972866E487E516931489C6FC324A9B570AB4FF7F064764F7869CF59D260F479CE1AB8F819B71DE6AC8B5EDAFBFD32BA11298B10575BE05F53BDF9A5FD04F7ADA2A766AFB667059A084A
311
1F02403AA028B338D737B52431079244748162C42491F880FCE212230343534E9821BA46A666A4A416460636A0D6062066201C8BA080010118CDC0802598C12A80E2084560112402BB0C28AA1581AAD86FDD6E3FF3EE02243CD1A301A4F5574C703E908EB0EAD705D11A1B1F14FDAE47181F01958789C0E4357E43F5A1C93B
311
40C541E9130400504B0304140006080800C774655AB5A795FFE3790000DE7900006B00000032464332393231412D414235422D343632412D413546312D3044324632373443304242372F5265736F75726365732F38353645363539422D463042342D343237312D394439392D3635343636394633453335382F7468756D626E
311
61696C2F302F67656E657269635F706E6701DE79218689504E470D0A1A0A0000000D49484452000001000000010008030000006BAC58540000000467414D410000B18F0BFC6105000000017352474200AECE1CE900000192504C5445818181B3B3B35A5A5A4848486060605C5C5C6464648383835E5E5E6262624E4E4EAFAF
311
AF4A4A4AB5B5B54C4C4CB1B1B1858585B7B7B7585858ADADAD7C7C7C464646787878ABABAB747474A7A7A7686868707070B9B9B96E6E6E6A6A6A8B8B8B666666545454565656A5A5A5505050A1A1A1BBBBBB8F8F8F9F9F9F4242425252527676764040403E3E3E9B9B9B7A7A7A8989897E7E7E939393979797444444878787
311
3C3C3C727272BDBDBD3A3A3A6C6C6CA9A9A9A3A3A32020209D9D9DBFBFBF8D8D8D9595959191912626269999992222222424241E1E1EC1C1C1282828C3C3C32C2C2C2A2A2A2E2E2E303030C5C5C53232321C1C1C363636383838343434C7C7C71A1A1A0E0E0E121212484A484C4E4C1616160A0A0A4A4C4A787A781414147C
311
7E7C9193915E605E464846838583878987B1B3B18587856668665A5C5A626462818381A7A7A5A3A3A1B1B1AFADAFAD7072705C5E5C9D9D9BABADAB7E817EB7B9B7585A58BBBDBB4C4C4A8D8F8D747674B5B5B3B7B7B59FA19F606260ABABA9A5A5A39B9B99A9A9A78F8F8D6C6C6AC7C7C5451AD12700002000494441547801
311
DCBD89771BD7B5A70B8EE04C702641712605CE034890E220088028C93245451215B713AF388E7DFD9EEDB8DDCE6ABFF4B57D97137BE50FEFEFDBA74049B6AEED74869B7E87404D2814EBB7F76F0F67A8835CEEBFA0E42B854AA5B2BB5B6BCC951A8D52A93657A914FE0BEEE39FFE2FF395B9B9C6CAD2D4C4606F4B7FFF8D1B
311
37EEDCB97587F7CD9B4343BD134BABE7DB48E3FFA7A228ECD6F6574E4786C0FC8B5FFCE2CD5FFCE297BF7CF3CD5FFC92B52FFE58BFF9E69B776E0EF5F79E55CBBBF9FC3F5D3DFFB07F5898ABAF7CDA3B74E74EC0CE20230561BF096E97E05712BFFCC59BC80539DCE83DDD6E54FE61B7747DE17FB8980BBBFB2BBD4337DF48
311
7881AAE6C5ACC6AF25207877B2B527BFF1CB3B77FA47561ABBD7F7FA7FE146A5B6BD74E3164C7F51449AE95DB412200EC539418717E7F2F11B376FF62E95FEAF1442BED0581DBCA1BD2780D23F506AFA16E1A7AD974EF17876F00DD7BCB187A1A97AE51FCED5BF2BC1F2BBE5B3C19BE27B43CF26DE00933658FE129B109C2F
311
FF922CC22C4260FA01BEFB462A77DEBC35F42F600C3F5B0795D2E9E02DAD5E650B4438A92801B65C35CBAB7B1EE5041CE69D3B6F1822DFB873EBD6AD3B6FBC71EBC6C86AE967DFC2DFA4CEBFF1BF54F6276EBC114E2F43FEC60B01A0D440A868B2920E5C4BC10D60931ADCB871F3268B21D3851B08E1D6AD9BFD4BF57F7577
311
909FAB86F29B982571136AF01DF5FE32AC3BD9406CAAF2440A54CF176EDD01FBADA1FEFEFE21FE4C9858DFF4183458A9FD2B6708A5A5A137E0EE1D11A9EC0C7C58B2C73C0AD6B479BD76B7790CF899E287FA5B06FB7B07C9195B7851FA8794031EF1FC5F9406BBFB23375420286399B631E93B08022A785C4DBF9996EC3551
311
874094D71B6F487E80F6837E50F483BDBDBD83232323AC420A18C68DA196EDDADF68A77F938F78FD972BABBDB7B87FB164AC6FC2CB760365821ACB74AED44FFAD7E7431ECD7E08AC421F391D199998989A383D9D98E8E56F84A318C58D9BFD2DAB73FF5222C8EFAEF4DE7AF30D756E5108683DA471E70D0502099A7240F19E
311
4089D3FD203E620F1B47BF43501E85031AE44B4B9F2E4D2D9D4D51D8970983FA861B3706FF950CA170DE82F6B312CC4F42C8966295F7D725ED29882415DC055F36DEA1FE96FEC141493F05FAA9A9A5A595B333DED5B3D5A533F62183323032F46EFF13EA0AAFA5FBF7C8976F8C10F7280A014832593B90004D52341980D907
311
EAEB73411EB2F1EBC9F507F92746C40E7AE0AFAE54292BAB2BAB67CAE0746264A277B06508168C94BF772BE9765F7BF0B548FE1E07F3B5A521340A5CB5297C4B12811B89E82191ECF3E41B3259C529F135E23CF4C7F961FB13537F5A02ECCAEA76B5BA5D3D3FDF3F2FEFEFB3AA22053E5008833428DC6C59FA2F770595F311
311
F235D427F379BB8A121BD901B96076A388DC4C3C61C7933CCCD770FF375A6E0CE9F535FE2534BF5ADD3E3FAFD71BF57AA951B6D4CFEBFB8864758A26154430080B06ABFF557610ECC93726224F155D1471041E0D42F82F4891C926C1355B0831649FF365F46FF05300A7A790BD8ADEEB0D4AA9569A9BDBADCCD56AA55AE377
311
F5F3F3EA2A34983A1DE91D810543138D7F28E57FF4E2B5335A3928B76EA1CB9B00BF158C8F63A2E788826896D0B5E7C461949ECE089144F8EBEFC7FB4D8C9C4E9DAD60F7FBE572B416C2F2423ECF8B86C439E450DA970634ACFDA977629098D0B2FAF313A36B3869E37AF7853378CDA1171FBEBA95DF1E44FD5144A4205886
311
41B0055A79ED91CC0DC41E27064512FB33F1F04D09D0D2DF0203A646A6CECE80DF28356A348CED8C4F1EF137B9319E1BCD29867CA556AA97F7B757567006A447FD375A26CAAFDED9CFDCFB2BB0BEEE8AA5911BC2C7F85DF88A3775389990AA72219D582409210F85A4E66F2987D875C30848023088FDF77E87F96FD7CBA5B9
311
DCCEF4F4C9FC7C676777577B7B7B67E7ECCCE4E8DEE85E81A6D55AA3BC7FBEB242589CE8ED4770E785D7DDE23FF2587EBF57F50B9E820527316488E5C32D50F979BCA58207297E2B6D658702FFCD211840FE43FC9F3A5BAD9E97E6F21B9FCF16BBBB3A3A5A175B5B1787875B5B3B86DFEFFC687A72674F19D46A8DFDF3EACA
311
59E405375ACE76FFA922C817CE86A89BDD92F400F2C55B7462F610459837D3A61ACF50C7471C8F2F2A9D38C3DA2F068007F80EFCDBFBE5DCC674B1D83EBCBEB8BCBCBC3ED0D3D333D0B3DE33BCBEB0D8DA35FBF9F8CECE68AE020BCE61C112A4C1138CD47F9AD13F7DC6AB9CF9CFCFAF9D0E01FFE6CD503F5B91C5218E2899
311
CA15098714848B04FCE5654884ABF0E554F11F6C21D73D5D5AADD64B7B9327DDAD8B0B7D7D6D6D07070763BC0F3E38E8EB4310EBEB8BC3DDB347E3E37B5842B97C4E44A0C630427E5CFDFB71E03F471E12CA9FF70E055AE141042DD81234B879EB4606361D9328149037D7D76A571A7E974FA20AD0323832713AB5BA7ABE3B
311
3E3D3FBC30307070B0B9B645D93C3CDC3CDCA41CFC6AAC2D64D0D579B4B1B397A7C1BDBEBD7D36657A3CD4B2F44F4909F2B9CA597F4245C59DEC354316F0587020D0C661742BC02869435FD12CF195C422DB3C5A3E2305C000CE6B7B27ED8B7D63079B5B5B878787C787C7C7C757C76C51B60ED60EDAFA06D67B965B3B6726
311
77080BB5329E60E9B477847AE2E9EB53E35779FD37EFCD2D0DDD68AA355B6B0D81860502B8B68C801F5C697E9AD62F4B406244CB975560BAC756AAA577675B07C6D03778C17E7C95CAF1B3ABABE3E3ADADE3CDB1B1B6B681014470343EBA979F8B90383545727C63E43549D14FD0F927E5F1FDEFD7263058FE02EBCD1BDCBC
311
A053496BD58E69BC44F9F854D4D979AE9ADB908824382AC1D4014E9756EAF9CE85B6B54DB01F02F8EA5908E0D9D5F1B3E72188C3C3AB67879B07C8A0A767B8B831FE5E7EB754DEAE5261460243FFF07858D8EF0D658BDC563A2C5EF5833C13C90B69248C4DD97842B61DFA7F210A2F6108A0F96B62E2D3B3F3DD939EA47E30
311
ABF5AB2B903F4BE5F9B36757CF65021E616DAC6F60A1FB647274B4B05B2E5341B082D43278F67D8DFDA48AFF9A13F22B34C7586C9992BA6E66CABC190E313E7C811AA57304B421A75B289B9D174CC868C24548823E230B9A5A2DCD2CAFE1F98E61C015CA7E96B083FC59F3ED06EE60F360B3AD6F79787ED278D0A86FAFE00B
311
A9220EAEFE1D5DE1F7855939C3FCC1332426B377F692406E022C010DB437EF009803F0DCFD3B7C94440571D8F2C328F115F47FD324802070BAB43FBA80EFDB92FCA1F7E7CF9FA875CBB327CF9EB08C4DE4815BC4210E2CB7CF1CEDECEDCED5B757490968286899FAF95583BF46F9393CEE6A86D6F618CAAD9BFF0BE22B0424
311
12C5CFB50556815CC5BBE33E9F61ECEC26A9BCB8145FD10590078F9C9E953B513FAE1FE387FAC246E14F9E3CE7F5F8194BD6594140876B6B84C5D6799C61A16434201E5237582AFD75C07EEED9863F463284E2E13425A036BD41061259289B6BDC1ED656FC8B8592C9D00701E27CEA749F0D8EF44EAD8C1F80FFF8F8F9D513
311
191F6803384C800097F24069C407CFAE88136B7DCB3D5D4A60B711F19070D83235F77331FD35E715966889038E2E0B346EAB7936C4162043E1A1F144093695443A570144898BC4079CEF1912809A3035A1D3F361235F90FFF1E3E0FB93C7E2750719F88E7D8E68123883ADB5B18185AE99F1D11C1238A792DC4BEDE8EC6FF5
311
03DF377E0445F68FAF4E08D43082D02170F30131A154206CC559A8D9CFDD762B31273E4947A581E0D9BB71E33FFA07CD02CE2A6BE1EC80167497F2A81CFA3F7EFE58D0CF5D5D170DE4F89070B0BC4040CC17BEAC6B0586C3D3FF0309BC06F44B04A1E13729929B4DF73C44070692C810B08AC3012E8EE9EAE22067796288C1
311
93B2139B970B86F47FAD0F98382B1E035D9C32FD318A4FAFCB274F2E1FA772F94411B0CD42493C23393A685B5FEF3E1ACF554AF5F3552A478383374E6B2FDDFC4F6DFE38F4F4ED7A7FE838F488EA852482F412D3CB07E293D02C9F074F12E84C5AAC423271450572A385449844706475FD38DC3C22486A0639E5F1E38B0CFE
311
93CB4B25910EF309A2224BD8DAD40C682C28341AD69047E8539A6AFC14EC573F7FAD10AE0FE6EB13E87B28E093B513B5803514DE408809BC12A14876DE0A25F643009E9176D9F0C330164285A7444DC8CAF0E9FE41429EE0A2F6A6DE91C0856C501272404A8468822E24C807030B1D33D40D4AFBDBABB411D093D88C86D720
311
5E05FC57EDD1F805FA4CED5920F0CED39157E007CE21757C5DE440ECBCB46CD283E378029B43FB077B4F47E60E9F61E8D01BE017D7E843EB49F50A2028F1E442FCC90C9EE308E4C0C2C94EAE30B75FAD3A0EAFA57FE9EF960F14BE15638840EAF3BA490BB6850EDB38EECAFD21A0C746D0C4234DBD035EFC7EDD121FA585FA
311
B73DB89FE6A03CF833AB0730E5E2F1A36CE3F202A128934B44E396961121E1F2C9F32BFCC0C140CFE22C1CA8E109B182919696BFB98120234F61B59F7BF46EC30CF067B21A33B0FB3E402448EE266CCD93135A8E823DB31F85E677434E608F53F8100BC0098EA2FD6BC01770E0F2F2D1E5452A711C4BB8486248FAD756D852
311
026B6DC90A2AA5C6B69E9068B8F27AFABFFEE8AB36F1D23985D5960014FD711940800B560250D2272CC54FF1D3A660B275AC3881E349689C1616E1E9044129D032313509DE4700BC867C71F128C400159407C761022BA8A040F40A244788808C60B3AD67A17576279F6F946923191921B0545FC2F12AC0EFEFBD7262B69356
311
79FC7F80629160ABFAEC88E8430E76D82A8DE62ACE50BD4A42FBF03B387B37FD321B37E31C3F063D99703F5160E6C9E5A300CF32A91E0A085A29C0FC507F6C21012303C6104B82C1F1E156DB3229D1A855A32A8352C9077AF733A0AFE0FB3EF81FDF2F0F82C21B0EB06998866878B103305E31EC17F4FD43831E570A2118D1
311
667632D4FFFFB125782F96168A833DBE78C3F11F8383A79D49F58F1E3DBC780417AE6581381E8610604888E2913E12492881274822C221AD04CB0B1D273B8542837460898C686864FF6F801E8269F40AD0481DFAF5E6E9C1F3BE391C325004DF0746A4E4448F7B52C0D5EAD39EC46896B888C4210D68E99DFA2820DF7FF850
311
EC407EB55C3EBC5028611409BFCB8889C90F1C52355AEF98B18100094C9D0EF6F64FD47E5CBF3FF5293DDFB4B50DDD54F351446FA1F14580DC3902C085F593CB24ACC917B213BBC11B3F0A61042FD8B24F4FB9C4556D0CB9E1A880DE89934CE9607F18F81FDD950DD0E1D143F41D56110E227C250621FF098838042BC85B5B
311
6BCBCBC31DD37B34966E9FFD9936A2FEFEA9EBA4182E5CD3E17AE35501FCE0707E5525A7DBC64DFD077825BE37CE0BBE1BBEC061410C660B6E49912665E2B3749C7C9F93834022F74CDE6CA5EB501D9CBC04B768292C5CCB84478F3CA83074092C6082169015E5800D5839DC6C1B58EFE83ECA513BDE3EFB8EF1242D2D4B3F
311
D55AFE03D42F8492AF8A3F21444FA2FA9ABBF525EAF84C09F0168527B0138A85D1EC0443C467B28BF844EAF76323BE13D7C11F72FED783837B970FEFDE7D7817E077C17EF7E2A1C2C0FE851FE4C008388C15E818958746129E1009D054B67530D6B3D8DA3D59D82D9D57CF70039FF50FFE0DE94089DB269C3655A4F25B38C4
311
9D0BD48E59F1526887C18FC5272197F85CA72862A593A4843CD25F920487DDF7AA0441A2C0600D062001F103FCEEA3D8560CEC3EBACB01CAE5A51E420349F602191E5F901893142381351CE17047E764BE50DEAF9E4D8C38B6ECFFACEB141E54A6865A88A60133EE9CBB4C256930B0B168C1C3AB59FE1743FB422C7166082E
311
934AFA5EFA3E4BCE0B69362FA7041818B7FDECE1DDFB4D022007CA23E521F0700AAEB5888BBBF08023E128B4045381542FA256B0D04E28A0C3804E233A1BFB476A2F48FD135BAF9843BEDA3264EB42BA499601F16B566E72C7EA35908ABCB9176BBED43204C696AFD3D7B24B08D3AFA44BE243D88A6D9D0B6562B52F741E16
311
10C0EFBBAF2B0829289A640EC4C8A4FF66A24430786CEBE1E1E61AF9507BFB496EAEB64F8F49B4129EBDEC065EC1F8A3F228A3CD0950883B41BEC6D1944AE06147289600A7726313AC69A3F91197F1438BCB743E76F01F6EF1D1C854071670FFFE43FF1EDED702EE5A14C85D0C42DF90B86068800659AC88981855E3E774A7
311
1C0CAC2F76754EE7CC87C808D1E1E0F6CF47FD4224731337BE1E39C5010823EE997B1491BBD99FC8D8EF77482BEB5EB2CF66499A8E0F7511B19B3EFBDACB6507BC78731B1B383D02FFDD7BE8DD9256F7D0BA7B46015941097B80018F700FFA024CC08078F51806100ADBFA163ABA8A3B95B9D2F92AC30BC908ED31FABE0CBE
311
BFFF0279B675868F9AA24E9530B08C174055B7F48E4F58002F3E82F0BDFA003E8B431EB6C4A91E4D9B5FFB791265BA8827BBE5F1BCFA7F789F72F75EC800F8AE43FFAEC42F13009FB905A9A0132015D0068ED7682AC608BA6771038DEDB3B33082891FAB1ABF5614F93238079726B833958796B845B731FCB86316713C1DC5
311
81B1E19B424EE32674093F80776F7E27C6FBFAC85C536CD955B96EDA2A3FBF770FF4BE11845470EB3E42D022000E0FE07D161811020742162444668308801E133A4C163BE68F6826A5523071CA78B2FED51F28F8C70FE4190073A3E5D3259D7A288CD19BDE623F10021BAB0C6E327FD507B2741627727EA00D31856492F9F0
311
09D7F152D930704E642795C1C1B336E0DEBB7F0FDCB79318543B25341F36802D64A981A690B94259607DE0B19D466BF8C1C5E1CEF9A3FC5C639FD6117B4BAEAB453F8EFBDA500A67E8BAF76C8A06566E36EE1184E8329419161F83D843D5DE7D8221163E145F56921C3EE383978072129E290A9B7166E63D26BAB1FCDBF710
311
009E4051842390031845F20077CD079407C575F20364C4910ED2A574BC357630B0BCD8DE39335EB175646A698458F6A346F003A93002E846FFE0C459B8006E506D79BF902908A0AA05CB5E73530E33BA1D3C2EF99C712B7C8B41DF4D2A7830BE8707485FCFAEEB85A09AB6D39BBF7B4F23E00509C20DB04E240822A4B810E0
311
4D8D53D10D504C059ED86BB8697F514777717A8F8144D48A4C89077F7EDB00E2D89DC02A7B975640A282C49A4AA84B70B12BFED8EA6584860DFB7EE23FCB00C6BAF7332FF259FA3C9346508813E372F1DDE425065BB61FDF8300F7EEDDBE8D0C6EDF46F7D8823478590AE23759D60DA6B7A9F125EDE8F4A5D2B37470D0B63C
311
30DCDE3D3D59A8D1501EB1B0A5377517BDD6E301F995E3F955F0F58FAC2E81CE172A8344AC03DC6781939D2484B8FFC15E8F3ACCD3954CE19576B942D0A029188EC7013FE59AE90B71292DE774F1F63D60230180B30A2EDC65291B6211B4081128856001A680015CE000708254891851D4B3BED0FA4D7166B466BFF1D2A924
311
885AD12B387FC0FCE6819AC3AE06A7AA4B715F0927B74D119D4A668FB54B8A8C268D8B038A207D10A7B1E95E42195B695BE0240F7408B311257C23F581E987C180140C584A02B1670CB817CEC0A080F259F1360E58452013200E3EC107AC1DF4FD7B0F6D23F33347F9527D9F51E6138E31AF35F1BDAAEEEBA3D71BB402E2FB
311
47CECEE96B4DB85536772B07C82A34F3E66D0BCEC207FEB9E70643761276F7B50D5EE963CFF80C7AF4A2130F5BF8C4EBFB5F07B709840480DBD8007FB7EF3F90104908BA457D43AA2A6A02C91422285E5AAC143F3313A0CB74D9D164933B86C25587134E8D342B453FC982860D09FD13ABE72055ED020E85D3E312F74C25CB
311
0293D978A1C4001927C80B86FD06349126EC219F0C735C8053D8F5F310817EA01F1B7851F406144C211C6362C27DD51F1E310C0102280ADB891E9B085CC528A2B1369A46BA195B9A2B351862CE43174BA73FB7CBB430A5798F4C54B7333B96C3224A9863AD02B9FBD8E63092191924E77C199D92887DA594B6DCF011285716
311
2FD0949FE6A441F5E62E42FB2105BC405A2301A3424601DC807912CB2C39C604A27908021CDA30C4C8C2019A883B3A8BD393BB3546136EAF561980FB63E9E035FF73B96D09A905ACB2C11D79571C5159026227DDBDB81396EB03F14100BEB66DE1FA9EF82C3ECCBE318119C4269FD014E66361FC8BB0B4EA9A98EF3D8848A0
311
1360430284335004C183CC25BCA82D2302EB03B8419241C64DF4F5ADAF77B533BE786334BFCBB8DA72BDBEFFC36103AFB30608A0B39B58D93F0BF42180841DD26BDC22CF0A770E90240006BAC65197D90920131C7B2EB3CFD3C71C6378A305EE8488FC1FF8D391E2BDDB0F6E3F45E7C8207C419800DB410073A3173942CA8D
311
5242642A74496FF115832A6314D9FA4257577BF7FCF8F8E8CEE8DEDE5EBE76DD3CF892BA7FB8B90F629431B5525E92A15A3A4A6FEA3FDD73136172060959206591F4C927196CF645AA285CF3014630121754261C0D31E1A7E3DA2DBDB54B04703BDE3A4209F02045C4BB0F529A14BED07098A2A1CD47513DA64B512F409BC0
311
1663090796D787173B5AA141B1B39BB470EEBCF1E30F9D263ACC4D05110797CEF7B923B027F089F74D1D06F0A4D8C0CDA6604023FCA45B76C5CDE0BF3845ECBE13E0C0ED73700A8A753C1AC8AEFFF1B407FC8A20F42F0D94019121DE304077A027D4112283BB8FF0072444D68AAD111D6F591BC0061854BBC048EBBE9E81F6
311
A33A95C21BFD13AF3C7E7DCDFFEB0DE8903F77B41DF178E99C289895B0EA8CD640549D68935BA7C5294E0A1D66DA0CC419BD398E6265789CA1241441AC94532A3C19C95340BEFC68703077EFC1D307B71F3C500859C11494838E902203A2BE90EACC5135B80B078804340C920C2300BCC06F7A1C71B875DC572C9BD1D84BD5
311
FB9363CA6BA7D03E5C40FDFC54FC23C9B4B9DDD028787D89219038523BF64E638BB37CC25335937A00DFD32869C5B390C8C32FF25C8C47A7181B4A599A224A9DADB0E0406FEFF9F183B7448F081E3C55024FB33828784AB61704482CD0160C04174F9E33BA9291D58C2F1F1B1B3B5863B0D9F3E51C35C253D54A23E560E2C0
311
CB3A6F7A81382601C2079CAE96B7B1560D20A341E85A928A4E01083256420576C2ED477E2E565FD9223BCC691CF394D3D8E281501E0EE5C1C8159E92585D255CF30CC854C75318006EA4A01028EC853F9407C6053910BE105348324002260254886C156260F9189EE0F8C9A3CBAE9D5A992184568A69D5183A7DB97DB089FD
311
C57AEE54F858FE54F577DBA85309640290F2D220952620750C5811FB772A7876D1E4040FBFC6474D51246D8B3FB378283FB514F8AB3C20B8BF7DBE5DE541C9A5D3D38DDB30E00151E02523081BC89C2214103E0BC1B3D0199A08E002681A2613A2616CEDF0F0F9C5DDC75DA395C25C0309C03DEC8091A4AFD3FEB504AAC663
311
3930556DAC86EE3561941E862C4A75DD6B6BB3A0C59BE153DFA73EDFCBC3CE2188D3D378FC976D0EF9A95B7C8532F527CE3CF539581E0FE501291E9139FFB65EFF5DBD8E0C18DE3077170A64E033FD278F18068028802F156C3809FDEB11B1019C208D020C9BA2870457F0F8E1FDC7EDD393E3B9FC9C4308E9315704233F96
311
0E554802C14716B0B45DAB5EAB5E25AB7830EBB8D25E6CA94E4AA01794FB1EE164FE9F040FE82C940A4BCEF913075D087E85A7237D3CF29C47E4E676777779528C4781761F0BFBC1D3A77880E40C9A2E5109180D5255317890394229F0F082010354082D574F1E3FBAB7D6553C2113DACB97BEB5526C7C6F69F9310A94C46C
311
D89FF8F379AD1AA035FD00FF3F320180F01417A6F255A3A8D86319FE0C0B0E06A0DCD33F79841339C01E5BBE1911AFCFF7C1E0A540BFBDBFCF2372352686D863F83F59CB6865F43104007EE06F52406F680341102048A01BB048823082CBCB0B6AC48C313F3E7CFEF8F2D1FDC3D6F6F9F9D9E98D9D7CAE5EADE2A6512FAD7A
311
B526E17F600C85550DDE9ACFE9D97E694513103BC69F8A2813176032C890C1E9C49FC09C61670FF8705B1D7386260E7C8E7122C7F8208A55139E8C8D4763F7EBF5728DF9C34677364E3A3F9AEFDEC9CD95470788834F9FBEC512379890B38C94205B2557987C4186DF5C0837608DF0F9F3CB87B7EF6E920475752A01460E55
311
6919B2B64296FB9FB70DD5F47232A0F77465BF140CD001F00ADCA175090E2665A14E6329B62660E02A1CB50C6025E3DA252A670B3F0FFAA5EAD94A509FE7036B159E0D1D9F2E76B7AE1FD5A606198D3A747AF450023CBDFD162278B9446688111009B4029B0F2180AE20A542D40610C073B47FEFE1416B2B12200F3C991C2F
311
54EC2491027A816B0A34A9D05C6F437AC23462385DADD75642EDDA738AF1600DBE07EE8437804D2D011A94DF71C2085EDD40266A407FFA1D1C00B0C03927E60338E3B9D8C47D1F8CAED578E06F7CFAA4BB63B175FA7C301B747CB377F45192003CB8FD34B12009224543D8604494011A80C1903CE0518C986208E1C5FDDB8F
311
DA161686873BBABABAE74FA637BEA894A44078C19696F326E057D7F95D061A6B0394A9D5F2DCAAFE4C2388D8A6E9AB7695CB0BDD0A332430F1A9333DA41D1FFB97FA09AE84E738C75C407C260408F8DBD5EDED7DE1570A7BE333C54F16963B46AB0C2B71208EA3D16EF4EEDCD7005241166C005A73C03164792151205C0072
311
88AE337B4D7103741BDE7B7AC913350B348B2D767515674EC6F72A0402BBCB41C81305AFCF05F2758D3ECAC8D26AB97606DB9581A4B7A8FFB068CD5C0604E6849046B70C2B60FF0CDDF93C13822B4E82FA0479A68220E66D9FD775FB3C1A9CDBDB9829B6AF2F77EC9E0678FB20ED8D1B1A1A39D10F9812E20D6281F5673121
311
AACAA9C53424000DAC173F7E18C3052EEE3E78E7F1160F5AAEAFB70E0F7775CFCE4EF384DDEEBEB9C0889D5243BDF557559FEDE5F17AB21E118C4C31A3DF6A96B56AC62180293910ECD6B721047664BCFCC6B2DD3C65CA0F0C823DFEF84083C7ECCDF05898EEF158F4FEF97EB9C123F1B9D1D1A3D9F9AEC5F5CEDA84A3C96C
311
14A55584D62893D6A54D8D2028D05C8B1F124884543F3223B29D208B04910D3FC43F5C52196AEB5B5F5E58E8E82610F08C21BD443801233C0CE8BD1E40F84A1CA86001990048031ABBAB11EF83F9283EA89F181F2A0D9A9F62D94B7F625FD727E6A93F63F200F614F7CF100D4511C07DB45FC5F0CB4CA359ABE4774631FDAE
311
85E599EA0878A3C33D5AD6430CF4C055EE5FDB80629000D7855DED3F436F3B61B3DC7FFACEFD2B1BC6FB0696312CFA477CE87A87070C7998E04FBA78AE3F915A065E819FCF35B410321D9ABB308146A11AD5196CDDD7C477A171C8AFC74B45CBC6F641AB53C8D4ADA5870C02379BC0470CF83DB55F073E29CF5CE5F7A3F8FD
311
62EB7AEB1774C2C6780B9523F9287193FD23DDB79FBEA513B45200E2E0C1B51350163AC19043C600F2C1DBF7DEBA7BB9B5457BC0D840CF325EB0BBABBB786D301437000020004944415472B491ABCCEDAFC0591201CAC8EBFACBF367FE7B6E40E69F551BBBE7123E3C00AC560CE20C62436E8C3C54CC225EE08C0D74CE2614
311
8877689EDD004FB2BFBFFFBB984035373A7954EC5EE8591FE531348654514DB1D1C56411DFA2A7C212BE5ED91278F2851A432244C6822C29C85A8B320ADCBDFDD63BF71FD32648E7D098CD018BC35D7FE89E250EF2AC75F96C15271602687965C844B8807C6E7729D93F22E81D39ABD62A0820C1FE9F11CFA7208125D33E96
311
FD69E83AF6052DD32D49FF0802CD9F9DFD39260389A950887A647CCC99BAB17132DFB5DED35138FB3A060F6295AA5E195BF0BB56495A5A4A8FA440026E46A047D40ED2520A441C302D240F201FB8F7E0EDDB0E12A04D8816215A0579E8FE1B1281E9F19C9900DE79842E2A7CCD48E9876EB01C75DBA0E0C8D44AB5512947A0
311
0BE7CF5DE9E1A6A6BE43CF1A78783DFD5A404E4477336C1ED8B18908B2A847B2AFE9839E891137A6673BBB96FBBA2A4B8E9373B001F08369BA11BE8ABC4302FD2345FD6014A127068427D007BE28B41D9B0D40FFB7EE531FA673C8870A69135B1CEEE8D009C08042A5B4EDA314920B635BF941E7487E45256439DFE9D27629
311
5F87E698389CD49FB394FE19720412DEDDC40E9CE9C6DD605E0B719FADC416CB15AB3A61F9B5B9B9426E54F81D8B03DD950946D432B40CEDAB7BB5AF11213CBA73C9BCCCDAFBCF06127C7980FE6D1DC9B4DF14832D6568FEAEEBA76FBF438300B541064ED33F3AC0B0D10505306FD370AED02859234402F6C3FED006766DDE
311
D2034D90D119057225EEE3DAF787EBF30EC51ACB4F551678BD6728E1944730C095F13E4D81A4DFFBF67C5BEE37E62A85FCCEC6CC6C7BC77A5B477E22223ECA4FCC0F87E2A5E3EB782BDB25B8CFC6736A044DE5A7CDA604526361D650484FE283B77EFBD65D52C1C73C4F48E7D0D81ACF572F2E2280F98FB230508FA906B42D
311
E240ED651B301CEC83DE1790C9FD96B6CBF986BECF3BD332C18EF627A0B6EECD5B152E02088D03D828AFFAD26B05BF671B4F9A09A8CE0CD2707F67F2A4B3BB75B9ADA331C1305BBAC182FB4A79820B7EEAF73199B8404C0B81231CDCBB871B80FC41FF5860E8E108222A1A076C29E6E03B6F3FBD4F1F295DC457573C7ADED6
311
36D6B7B8C88413DDF3B327E1046AA51040B40CB50C7E3F1D2E44DAD34CFA604029BFFBE714DF0C069908027EB275F1F366C132E1A7450B04011CF82B2B647CE754F650FF6E25BF37AAF65B7BDA16CAA791F1D09F6CAB989EC5AB7809BE145FA459E8D3E4B0FB47DAEF093B946FED585B80FE1A0305FD5330FEDB4FDF79FBF6
311
BDE81D8300CF6815E5F9896552412A03F31FCDCC7CB5E32365550CD9365FDCCEC8752E943161D78047336F8AF6539840A1F2E764FDA2970999F205CD2BD1F5CF496571F76EAEFA0E1CF8FD2A55FD06391F9EEF8B9DC9994E72BEBEE1FC928E2F223EBA0FBFBFB4F2DF137BC894B8087643D64ADE6EDED67F7680FAC9060239
311
E845FC94AE93D880F994FBF71FBCF5F66F9F32C292EA900F9C1E6F1105E81C5B5F58A067A448143842008D7275EA3BBA3D2516FDF02FF79260020D6B3C714711F3CFB61BFF56A826E627E82256F7400FB387FEF23C1C1E77FD6A21EBB1B2B35F2F95E7760BE1FA3ABB3A981423477517EEE36FF96F122B942F6FB64D9502BD
311
1B9089162532A2FEFED255028FE653C9F46FA321E0B588B7DE79FBED07C44106CC85133CA65190543004D01D02D8181DDDA5A9C91A7110805B7875B689FC3902200FB192E7DFD936B37B57D9C338BD49E99E181F4E5FCAB2ABC1CA7AAB382CBC7D515457CFABE6FBC63D525E5CDF74B16378B9AD6774A58531912D232DF01B
311
AA913DFB7D3AAFF912984302B84D0500077800D26C60A4742101DE420C610C2E92FA93056022EFBCFD5BB6B38651470CD33BD87630C05831BA864C85997B8754B05167F0706499DC442FCD22592AEC2ABF3FF13F950039BF159FA9B36ABDB2778EFF83F70972B83BFD3F4899E64DD8346AA495CB155A7499F2CE39B0AAE755
311
125EB84FD8CF8D8E4F4E9FB4B72E8F1DBCCB98B31BC4607C2CFF21C8145FB48EA0F2159F86A3098415609554DEFA7B27EF1301033DD06D274BAF6821D220DEF96FA4CBB60B3CA241C021D38E1AA76B4406B4767576166766A6C7F77273F5F395291BBA19F64F2E3095C14F3E60371827741CB27E89543857D6D96BF9A47C6A
311
9A26057840332EB843717AAD171880217B71FCCC0355AED3D4819911F79D0EA8AD6DA31A83E36C5DC2D470295C011302387069158F6C9966022367ECF1D00BA9BB95C389AE7B6105A1FB640689033A7FCCFFEDB762189103A61C3A4FEFE0D6A6B5A19EC5755A443AE78BC5E9235B047890A65919A0D2F96AA3C01CEE913BB3
311
ED239C3E0CD8DDAB99E4348BF3F8B977B6C43DEBEFBD7721A839A63B94C06A10DB87FCBFA3C2932F8C26F88B6D6BB30C3C4E09AFE40FAB52EFAA1EC0316920E031A46D65A0FFE45A673432E907FBCF86717AC04F2CD0EF512D665FF53F05BFCDC43489F150890C60A8E0314E70A06F619D30D841189CA15D3417F3CD50191A
311
E4396543F0C42BCFD696C58DF163F5B46D708BD5FDDA5E5E5FDF9401BC4F7E00E8A17520833D1CBFF495B5D1CE037C664123EEE74737268B5D1D3DBFDA6AAD8C08DF2C0BC7A737E10AAB2A7B958990CEBF556CDBEE823CB09FB344143463C630CFFF585D330CF0320E921744A7918280FEEF981161008E9FBC78C830217A07
311
B7D6985E83F9A79884ABB5AB383B4D7D788F9FB3D867A2112A43F19042B33A108690CF6F472F8661CFAC971478757F6E6F2F7AEB82FEA85E5715941778B278281F28C268AB24BDB470EF3303E09C359E9DF1CF990D8A096106E6A66C8620DDE7D281DF0B2831F20439A30D68386CE13E002F7EDA8D7806162B205D6A19AA1F
311
ABFD6B1B400EC2BFFDD66FDF7E8755B4883C043F43046C1326136680404F1F934EBDDFDD39CB58A98DF1BD7880E0532E671FA1435E9D6EA5E9071000BE8F262E7C4044FD95D5FD526EB40A05A634775F32205C3D779FDC168CD5E56BF982508BF572BDA4F6F57D3304BE9EB18149461B12F760D7485891CA47CFC44909136F
311
BF4931716A2E100123FC6CCAA6A644F25EDF4AC980B14039009BECE8B798BF69A05DC5B6885CD23F8E13A46FF0C0A986D617F001C52241801E87C2974C31411DA3A5D7B6175472763D637D3E57C33B908F867F4A59CFCA7923375E5F027A983E18BD7BD4E6FDDBB2250C1529F4202EFAAF979DFFB1F2612E87EBEFEC58581E
311
DB9AA95AD1D7C1905F7305BF8182D5BBB524D47C4E3B81CD843220DE1E6536497C0962C225F75A2D6A998303B23FC501F0B3F736EE1FF01200FC8C99F5515207C9C40081DF304C0A17D06E26CCBC5B3C47459308178301FA8057C2C0AE9D99B05F038828B08400F2E3251254DD7EB8BC4853B101F99AB48E387457C96951E5
311
DB670648BAB70A7B04FE93EEC5F5B183F9739C98952C6845C380D401B8FC86E70A20744EC720E09D35955D96A9041720196D183AC2CFE6AEA816652D0234883D788BEC8F5DF2615261DB031C2381092401B48D8D2D870FECEA9C3D99DDB036C8A051058030E32190976718C89F031DFBFF2EEA3D88606A8A19BD0AE305BDFD
311
12BA4FF46F1A0002B07137989C748936E9DB2C91F43B07E4E4D16C3779CF5A4FFE8CC981F07C29E34B7C012AF0054FAEA4A6A3D49D3A16D2B3CF220A029003366663053C89B3FB1827080DEC2780076FBFFD8E39810CB0593CC68B5D9009F2D400418028B0BC6CC74067E7C9CC0C2690FBB084AA5254A12AF63543B35EB40D
311
17B693F7E3464D5094C00AA9E04E0E0524F5C35C5EC6BA94B21AAF2440725E2A9FF94FE7A8F0E769EB83FDEB039B631B18BF396F5C13CF89ACC02C387DA56DC3B1CD84B96CFAAA37B55FE723B611062258257D331F186AC93D8AD600B4FEF4AD777E4BF68F2168FF08C081A37AC13446C859964803961928476D78F6841939
311
0D830C1935B5C2A0A22A3AB17D3D6428BF12DC373B8D464E04C0A496BB3B3B75639DCC2500E0F0B15FB6F47B5A7ED0183A87CAE8D535F2EDBD4B3B7FC762DFE65A07C30B2851DB890082ADC07131EEEFA3DB7DD5CD32C0860CA83CD4B7993A175F422A8149B1C1D94C1145059D9C78A8A572A90B7C8B1E3392FF77A80C5022
311
0880FF3669004E90F101740D2B808181455A044904674E7482CC3EC85C4BCE339404C0B0BF6A5611E4F9B8157BAB6DE327EC9BFBA1B4557ECB609C1F45326499EFB90EE78F18227F09E563C9E63D847EDB3B68EB9C39E95AC4F7ADCF7D87F6752BB6912040281E4A0D8A8314E80D60470999B8A51FB1488A66A9F3F81FFA61
311
C83F4FA6969E472288FADFD61B005E0EA4284822E018911828E868614DA0C36E11F3A051070BF2F0840E35F200E2C0C80A776CC9E7E6841C0503D0EDF15ED9AFE527E798D23BEE5F0604E58DFB7099D739BF0BA5D332EF29F1535995BDBD0DE681C4F71DFE6A7AC5A13554AE6910963E9ABC9A0DB5B202225545F5CFACC942
311
B5B93C207352B6E5310BF349AF200175D7DFDF78F6D683B7C87E087FA9B35812C4F8F13452CED610A2207541E6D659A739441F3833CD0C9C3C3DC2B0712F62333C4FA9327C9CA1124904B4FDE0FE21C119776CB0C212AAFBA5CAF80EB43772ADFE77CD9FA8A4144C54C2FB2304C65F62FC3678E4F6C68F30FEE1BE8383CE7D
311
B86F58B1AE0C51F0F055E188D02F00911DDB0991832228B3172B3E623E513FF1734FF414A611A603163F401BEA790FC9FF7FC3FD3DB02DC00184145B850D01D120424DC03C00FCEB7880EEEE939399F1F18DBD4AA54C939899304D913CC2D5CFBC55E50C7FBE4C0E14AEEF53D6843DFF56BE2D554637EA047D3C210E2C6107
311
7875FB5B40E19F43AB7470CAFE1C0D3ED3B3B4778D1DF6D4F837C08747180FE8394F2CA1E0A46B6DA62CE2B2DABEDE0B1924098580FC16B369730E9E90541D3730D47FDE16EE1FFAD3419CDA05ED1F2715C607F2E81893AFC5936303F40EB776F1D808BDE393A3FA401E1C706E154C892860AD74A2949C409E28A8FB3349C7
311
64D13E4D1D3468952B7B1B35001BF41142CAD58D6011C8B78961EACAB66E9AFBC627673B61FFDA4167950A274145BF11EA17BA9AA60815C2C43AE1F648E3772E53C94E6364AF826019E723069A8AA353A3BF7FB5359281700061FF64C28C10B9AF0B70B0B0D30A31CD1CFD22F68C76DA1E44558869257892363C091D313EFA
311
46B57C3BEB252E9C6BF5B4799EC58F1910F469E25AA17B343799DB3E33CF410061F96C6D63FA91B1000CEBB7D2971BDD39A2A76361E000F5DBC1688D47CB812DD60F8001AF25B328D173A9E4BAC18CE9F1F628704330741B2649B92E9714447C68559C6CD2F681919367E4811100750058809D0230C087A89FF3C80C23C4C6
311
0882E481F48D531764BABD5CCECA308DE2F63D3BB50373D630796126803C2D1FBAC148F7592881B395ED7D26B7DD38D7096AF98841CB37592561D9C6565317AFBE9FC4AF7371E060736C7635E0CBA1809FC80F544DBAA1F2F9393D970D44C0615A0C6930E758B9E63AE690F73045F0C8C0731DE9CD80F718E9465238345879
311
9E02C06D328010011C7090D8C5E5336A83D4059953877EA1E1D66FBE994F04608C4C991917230FB61F9AEE183A40AB9108D032449FD1A7283DD25ED15360EF7EA9303EDDC0043403531EDEAB10DFF87F5E2FD56DF0F1B701A9F614DB17FA0E0EDF6FD0B1622A81FA3D1DE5A33F551930335C353A87F9AB05C6045519344824
311
6944A232C5D07636D864CDD7A50D0B4440CDCC465D1C418321F50E1648D500294065D869559EF3C40C8FCC6C323E989AD0F0C73142480B200842802C061008B480A9954AF282052B3AF67350FD0DD30D1F4075AC303A5D490250F5400ACF479656861E4C77AFF327F3EBECA4B57B6B6C8FF62602BF150744656A87DABD7BC6
311
BED50527B2120C001A0B3718C74F0C65CD34F275164D7968148DDF259AB8AD6CA81CDA4E8819509B996A7F642D987A401A2B04018C01E6C169A8700F9DE3B489DB2BC49C9B7B858A4F50D22AE15428FCA4A1EDB20C83492690CFE361CC7F8C8066FFD0D77AEE797977F468A36E0B0DFC87F90EE6348BC748F7CB73B5B9DD5C
311
6EE7AB19ADBF6DF359F1DC2A0F9E44F213F8041F64274C0859A2AB7C37440FEDDD2F95BE44065F22067E3EA0CC3BD8C0D8194EAB291CCEE20B9CD8E02950AD806080047A279F19024C837C848816719AC4A34DF8F0706CED904E8185753A458A27E4C1E37B5F30A104932BE140E0BF4E400160F320B054A8705042FFC47B49
311
40810173F9C9E97240C7FCC3F3813EA239B745DE9F1B1F3FC2F9330374DBD1A7B475923F9A2ED81716D18D1B577DAAB9D1A0458655AD3CA7E211867AE7C702DCACCD291E0F798013DC01BC326087775C0833E04EA3778FBCB8DA4687A0255CA0AD210C15661E4E92001A4449031D1DD27D327334BE830B64DAD90CBF537A45
311
FBD4E94A7A88888E715B7E74FCD040E818BDC1BF5AC609CCCC015DED23877080FCDC47BD8EF3A7B783A17D33F3ADEB6D6BC7AD75EA7C7852C5B6FDADA6AFEFC2D181C03F8C40DD8A4AB5024F0B72E34B57BC1182472DC80946789AFB711DB7F1193C03C893B0345F420246114D3EA71D04FBA731C0DAB0D3CD311B218F0D5A
311
15ECC105D02F3AC32F13600084731A83220040019B03180634B5923D438300B05BAC80881F061095FED5D572A3323ABD83F1D37A2301A8C930AB3F66ADF7CBEFED30BAAD7D78A06DEB6A87F15491F5AB7E25842B6B34BEFC12C8A159F187C64B3CBD2356DE5FBAB98BBE9583F0E3280C0076DA15BF34C15238145742B07080
311
B1EFB83382F9FEF2239D003541041083C5AF9EF3C8944DC2030BC3ADEDDD9D27475800693049E05413BFB3FEB4308731512F13400D06F813368A0101D8D863EB3E75FCCADED124F532AD3F123F131AB46A93DF1ECE7F96CE9EB6C365C6D6A07EEC461FC919FE288AF7AE1A7D012D291EB073735FF26BBB1C99FB706E972192
311
819B7A34BF22424BEA1CC7958AC2E04BFC8E02DB90A4A1DD04811ACDBC181037864672C78F6C0EC3073A40CC49D5E813593B7002763BC6A909D31AC86F3F6E335C9E1C309BC58F16418642E2AF6B290A34FEDC0CFEE08FCA0F56700699CB73B9C99302AA17BD516D7F1FD755A2B32B3FBE7134D3BEC813195BD355020A7DBB
311
541539CD2C06E45F46FC0EE08293E6C0E1972176D9B678340AA1A4823404EF79B1E2347E47C35D0A2260730E0B513025DC0BD1C07E3366E9B9D17F767405FB531070700035618606F0B40C73C974CFD321B0C174A80C0F3AA54945FFEF348F5488895713E89B5C98DA501E06D8D24FF04FF0CD7ECD7BAA755A854EC6A180AD
311
13BE094E8D5D63BFD6DFA5F5D3E4DB1BA18FD8473DC6E17FFC9832B71A2A94D96E808BB53F9192955D62C82E282B05168AA0927D54AB20A20A74800B7CC9655C8B15F62377CA4C91641F9F4D0478F4FEFDCE273A002CC0A725EC165CE3A149F0333E8E9600B2C05A7D15FD831F0938DBE5D0FF13E3C0F0765965A0961C3FA8
311
6DEEB0E28304747BFBA5FCDEE44C23544F7BB7BF7A132DDE34F99E44EC3FEEAE92F667A10F7E90B0E8C6442DF5A5318B0F816311DB2E6DC6F172C363FC800EE09186BB9EC82A24C0117700CD884AA42023B81EA6E0CF8B3056411110D78606EBC5AD5417B45BCC8E61EA01C4006AC233933E35D860BC1B6CB9C9CCCE7840D2
311
E0C1C1FFC11CCE54D59300F2B47D66A10F09D8E24B71B9BDDF98FB62A3B897C53EC88D16D1FFE8C649B17BB8E760EB20B784F52F992544753F2CBF642CD3C9C70D8722C197142C567E74FB431EE248A8F3FC00377F5142144A82FFC28AC2970A780C85A7EE9146FA4B2981F3C93BCB0F3FBCB6DD3DE69C72B6073B99140DE2
311
8B8E919D9D9E7C2F5FA99FC1FFD07E9AC0965CDAEA0A945FADE52C791EA989E8E7A21A355FB37E44405D171B98A6E946DB26AE71DBD01FEF07FD378F5B4B518724481820890E7486E3FCE61A60E096D577701890EE07CA5D7F2B086040749FCEF3F81972E510A86359C9BB579883035887542090614E5C4461705D7CA1CF84
311
DB564838606CF1597E8119790D021080C935A908324EDE9F60A04B7830A33F0670CB08605B8D01BF9A3D435693FAB4FD84EF6754930640C1F9D74B052A7ABBA9F502B39DA3BF6BC7514EA4BEC71D752BFDC198EDA8DFE8F32B3EF811E4576B0A2074B99B070A069F60173E7427BDF285024E35A4418B7A412914F2800F1965
311
C4F1120A2D5D2C64400563D5942044807BE7C738EBF3034C4A6F4D70C04ED1F97673C039FABC4CFF18866E08200BB66BDC9CCDCC3FFD1E43BEFC52C317F0F5E64900FBFCDA4DEE68768FFF46350E0EDADB7B34DBBEDE3776BC55599AF84E312229F931E700D04478D66A0D88D09B2276141AF0F8811C5F8067DC04C0F90929
311
F7F1AC9CCD368488AFB965C97B855A3E2E93AE5B4866502E55991B82D4388614F2C36B8484A5FA06E3EFFA984A6AF17D5C2073299D9F12FD63826F67FC460E54030981684E9FBFC22009A3006962285FDF4FC84B699FB5BEF3736C6072F6844C15EDF25883037DE6BB7AFAD6AE164B367812FA8CFCA6FA25725D99AEC5C6ED
311
EEC64ADDA2BE0056002032E1D7A20A54CF444E360D520A5B69816C0A953CE0434A8A898BF18E2B704588C01BDB2133342F5404FEE698957C200EF54E31BE6DF4E888C9C67F5F3F1B41F922777E7FA6332677C20098C59F762F5DFE4A23F9801A3BB6F8A4F66E0D40EC867E92DEFCE84C714FC7CE8DD3DD3BDBF9C781B1C3B5
311
49FAD2C89D711808CAB100E09700BB85240374A7209212F320CA577222A7020E7824500179FC7096C714884BDFD9499E027ABEB3CB0226CD293CAE6E0C41A6788F396606A073E28CBE5CC67D584D36CA39D37974FE1023253E3FFB007A26F657FFC901D851130DDC2BF54884F20D5D40A0B7E5C7BCC7CC87B84F2ED820192C
311
CE1AABA1FF24ADBE1D03635B5B3B53D4A5F84120125FADC36A0E792D3AD7E255792CD5241A4C84171F1104090017DA493D0A7790A7BDE6DF326180398E4B0DEADA5C2763825E43E05C388E184678C88CE6422606C017F030366981353DF03A753DBF6370879F79889DD0BF75408724DB53C5B0063AB6568D02DC47AE4627B5
311
8D7E367A6000267E7840C23A0940B992DB98ED1C4731B4FB4DCFB6D3EAFB6CAC7646F0335C5031888CD74E2103380260AD47176D703960230370FBBF28813524C17FFFBD6288BB28E4F905ADB4A788B40B4A6201C1878BED224DE9906C4C79EF32EE679B9F5D3B5DFA137327320643909A823F62106CB8F9BFE4BFEAFF0FC7
311
A6393EC7F64A698EFF8ACE31BA05ECE6DAB6DF124118D1D13F892F3D3530602E3F3ED3D59DFB821ECFA3D9AE85B1ADAB9E328DE738BF55D5DFD039445AE76D0194180F57B15BEE5F09C07F952F9A10372BC894CF7DA12CF6507E2A8916E0DF430C519485C55D61EFE209912D8C32866214E121611E22A0B1238DB18E86636A
311
3BFAFD5B4EE02FF1E505F902BDF424D0516907BFC95EF3A76B6B3872769D67E25B548F0DA46E2B93DFDFD5F2B9E9EEE1EE1DCC7FBE6380DFBF38A165CAC73DF912AD76A4690D2B766A3EB4AFA2D05BE543EA20B095FB17AE3F1928D84482049B659E671A4763CFA567C08824913D37F2F92F841FC244085C1681225C04AD6D
311
E1684831682CE0D6096B56101C0D4FB3A1BD3F11FC1105AECF5660BD3FEEDF162B0D9DEC6DB55AF27FC98050BDDEDFF63ED14B01336053A19DE9AEF5F5D9E9D9F9E19ECDADCD497BCC57681922F327EB41FF681E17C1921B04FBAE371AC69E53F98183E91B84897A5DB164158BD1D12FF6F6BEF0E02847727BF2628F9FD48B
311
6FB11DF6928C868B29590A0606F92140D0C08850DAA7DD8A5FE8A50389F61288AEB743E9C801BB67DBE0A7F64F63BC87770FDF57AA73FE1F5A84F8DD3AADDFC32087FBC0A7D645C327B97D65E7A8BBA76DFD9BCEE1B1CDE3F5F7CE4E6DF4013ECD7CB60BD1239E8A4E9A5722AD9C4FAC8F7FF17B214AF8801950430639A08E
311
3ABD05A0D94E253BD5951C885B0CE750309070555FF21F2EF83FF53F4E15038B8D8A244740A5C9CBC120043DA0B323FB1DA0A4EDA268C05A304619505000BE10415DE898809DB6B66896E60AE347ED3D6DC707CB7D5B5BC374A158EDC343D0EA61C217D4878CBBDC1D85686782C3CF4272E7DCFB5E9EF628F5A95AC1AC0C68
311
48F5771329EF8DF2BB79EFEDEC8DBEC72EB7F245287FD4B31008AB38EA4D52F2BF57167159E3004CD8950E217DDD6F699FC763E9D1A0AECC701F7BD4430A3E030374066938F883C01DE40E7DAFD609345E33570F4CE6BE467FBD7F793B5AF2A9D331D86DBA7BF98067918F9FCDD609A0384B523F4413B574B818C6889FAEFC
311
5E7B8F90CEFD62BC2C85B2478D54DD076635BE434FCADE68B3ECF1C8708E27863DBEC352D87BCC7A92A8E135700CDE65BC114026DE5DB68275E656D2C0D4087293D43BB4C9C14EA83C0D806783B40DD7CD4F19EE9F33801F55A3F1FD600017A6CD5DE607783D5F74E34680E7DAB98D99F6E5B5ABC7F7DF19D8278322F6A97F
311
DB2FADE1539BD945DDF868EE2B8B70D9EDAA45D1BB0A5801198CF1DA891540474745BF0317F8A3703E02510AE94B084221F887FE950272D62D4232781054A87C58D015CD45EBF9B70E60820A2056E9D4D619E8494BBFA68B61EBDD8CF52CCBA124BACD4A4077E8420A7F36FCDAF661E577B792A7E1B7E337C7CF1FDEBB3B49
311
F501F3C7366C1730E793F51FA20A9C3D2E9F18E63DC277449054CEADA36DA0807467D45F8A744E1BDED725A033868703F1392BBE221158220588F30574A0B0893D0515B0B7C404AD0E7F40C11D504C49BD7DA39A85A19CD7357DFC966E5D92272FF06D59CA5A6A1C8AE30E52F1247C1F1D78F81887F9F3E387075B170F9F5E
311
EE4A7F5BFC69DF02FD8795FCFFAB472E7C88D563DA514861B85BD41594A75F5E866BE69471110A9F75C8609C7E6BF6C7C727431EE3E9E3773D2378C25226E82C08104A57ED273FE0921D6990E02B006BD038263BA360355E8DC446A380F0BA35FA9945A80CF60DFD54054202F91897C241C147D59F8E0FC67CD0F2BF377A34
311
63F8BBBABCFBD6833C57E214AC3F5AE9C2FDE88852968F20337972C7E04EE5658223008AE82D93BC37D8DDD900BD6B16EF221F0D4149045D740A8A215D4FC186C658E01994B8CCD317465828704BB630DA2243B3B4ADD3EA554A97408454148C04A1A0CAAC2E04033C04073851F54380E0BF2DFFA43FAD3D6B574F2E1E5EF6
311
E5F4FEFBD1CA87C161FCBCF5C7AAE2F726F814027BAE10F79BC3D765D61D1803952210A9AA07F8C6BB2105B61145B324F96014EF223D4A9261080239F03FF6F4DD4975C183B887E081F7A467A25EAA0C94028FEB808637768B07400A8235D4EF33143253198900E079E3FACB0C59B00F827A5785A6FFE2FCF0C0E6F1714F11
311
CDE5140D931D707950631F3DE877F300002000494441540ADFB08704E252AADE1BD4E8DF55796A32B9B6F17737C67702E5C638682737286CB0E0A89B624D5BF28222432848C9AB8C07170C97B814FF492A61072407D638006F7C8400860444C01B1930A522788045633DFA9507267A3A42BA05925BAD705CDD3792FA23C107
311
5C6EE768A673919EB6C3FCFE7629B7310AA794CC9C0D14A1FB88F95C845BF22543F57996E0B26C9E4C2ADF187F979F8A55F11B47BC26594C52588518D25E6C2B1CCED231EA1B748F093E5726A21A54C91EF95789041030C20FD5AD68613432E19A4D0DA2505B6BD843516E10BB00AF9AC315EE9FDB39CC1F9EA59CD88F9CD0
311
71D470C86C4647FDEDDBB1CDAB81DA94034747A779F4CED497CFF817348F69F52E55490840E48840BA72DB71F3E84F6DA2F4717AA928F153DA6E4C7E8E00363CEC9A2E1C8E65F298FC4A52F087FCDEE5CBA38A80CBE11FF7BC2AFF249203FFAB77A128A001B1987BD334AD9B901890A8C2005B6B248196AD09C0025ED84132
311
5B31845032E327C531C839E66DBAB39566B631C2FF0A1DA5A3CC47E665AD8751B47CFE33899DF047C9F3C365E3B11278D49DF939298E09002F6430F9958803309827A7C791048CA070061B7E9A64C557D235F83EE24822E5EAB805F9862F20FC58F483DC0EF02181F572930205107E00E523861895A2811309808F2B6C14B2
311
AA579E893753C155D2F54302007E9FF36AC5FEDBCAD47E182D91A73920CFA5C18E01F8FFF4C3F1FF553BCAD0E58DEF85DD63B91BE38ECE1A9FFC4AD4A1FBA30D462C328C5A0340DFD393D3D3D3C0659195C96990F391EFF4175213BC74C020922D4830FE215E76940962BC0713A3B82784C0CB6623DC40D6E1485BAD454F68
311
92200B225096127FBD82D2B12006BAE2E329C771E25FEBC0DAB3B5395289D56D7A8A89081B34EE06F80F819EFE75C67DEEE95D227E283FE98A7B9F1C97D2D05B4D07A469153C3DA3048EA68FA667A6D90E291C7D7E2D063E4D044964D055F2DBF3E31BB851AE9F78A0A7314F0AD24901F581D74A6929142039C65AF5830D1C
311
809536CDC05E4BA51038F79D713DA930CF18BA3010E385351CF47F74D439BCBC793556A1F99814926AF12835E251C59BEA3C083EC2B2760FEBDF4304C9EB87B35769E1EB24B648542CFA4EBA9EF93CD42F03C08F249A2C98897D8E2225E90077823F4A52171A61219998CED6FA050992B6B0A74A2220ED12123004FB977084
311
208F8E2AFC80F456CB110BCA647A3A0F854085D84FE0052BE31FFE7F925610BAFEC06FC33F9931BF063F39DB3D1BB20EE357F594045F4226131578582CB055A59A073AE0413989D215019B6EB8A21CF154D71164E0D8F4E730C2CD382D098DA5261456A425643686BC8301710F2C50665881399156AA2B4C3191BC55572838
311
4800CE10040F746A3D8A80A5F0E500A93456FEC52833BBB45203DACCA37FE1D3EE4B9BF0EC27ED47D89B8266F11EA2DB8B5A8BB93EAEDF0C06B7AD0402B9EAC6E787365535AF19F15158308A9D9785C1BC1C01377F8C6B4D07B50DAD25649764A91DC9812C7B34CA98184084F7C01055466B48058CD44085AF26648520C85C
311
41C67805462D8425680425559F4440F3ABBE1F3F81B1EC72708767DDC8FFB6465796C8FE310FEABE0C9B242A74137EC3E0427091967023299BE5D6D4D0C6D15747DC2AEA4ECC57C72856E827D33CBD319D70FF854369EB841282F84B7CA4881447ACFCB257E252E00FBB3272120A75B99119840858486615636E0E0334031A
311
AA8C08A62E080053A0AAA4158431EC727A084021D41CF5D630C94184F6FE7432E8F5F9A4FCDF3EA7CF136FC2988093F98ED622E38E4976E1BF0CF49D2889E6DF3566719FE1F9B47A2D3BF89C69155DCF24F88C609EE551160F0415900B4C48FB013D8900A9192A700748002924771A3686A0A580FE4009E00ACC090253E280
311
B90AC15048E047020483A038A60ED232831F2CC90498648690D960C48E439F18F4DDBEB0B6F5AC7B7B89F6230243B4FA160A7B9327F3AD5D937C8BFFE5FF8B3A5E64283BEF8EAB9F71159514CFED62DBC880614AA1F7994CCFAE7D8C87057F451733699B8DF87056E1F0654B5021E38097E4E23221B810DE20559AD183A61C
311
2C88A648DB096081E9801CA00BC1DA0124E08DAAC15FD2936905CA8DA1C40E42B13F1764E0C4015EAD7F8BFEC99A310B1B7C0BCC7746D3C0702759C89EAD57122092122D1F857067684A578F1DAB7EAC400841F493A468113282FFE42316CC74C756B1C880FE78795C692813CF4644480EE9B02991BCA257A71861F00666D9
311
410288487618D120D0E80D7773E2B7DD180E100EC98B221C94BFC4FF531A09B986230F1CD08378A8E4D0FDD7D9B1BC75F5C12EAD7FF83F3ED19EB018620303C217A6A35D826E72ABF2D8E2BB1B783F6E48D2E3F360806E1D192085D022103473A10375B63853EC54F500B5B064DBC20945B88160DCF7E4F83A0200BF6FAEAC
311
88E9F54D22D898E43F378D20B51B5D6B1457000922202800DD401A9266483029C0D6D57ED80D42A0E6E08835F0F3AC73D7FAE6D56185F04FC44472B854EB7D9CBF7134DF3DDC35A9F6B38417DD6F508B37C1A718B0D054124176F7222F62DFB327F34D451799D56216880193254FF782D7DDE26C271BF38C6E422E271CE4AB
311
8823C9510F021126A7A944E00DB4031D013C88EA0746C96D4574069BD5439C4110403B40020C30B07A604F1E41D19C21A93FD9002DFC35F23B1E7B98E95E38387E3603FE7393680410D702FF9ED5A3C5E5CE68B5827D721FA78F3A9A0C08A79722D9C9B418F46C0057BB1640C70AA4A03D29CECF33987596D53CFB27B32C3B
311
E304C540E14BF8464E080918268D254838C91A01F0FFB99154FD8A9C0495EAA6534A6C464440B4A71E16100E7405088122A35F7A511DC003D002E6C8E7E15F6D1D2FD09014139EC11FDC89394621F77B9F88EB5A583C41E2FEDBC8F82334494C0BFA97FF3C3A34ADE60385B60E5A30CF036E5E75370BE3B83AE73B3B7DC0BB
311
337DA0045299ED0C66681E4AE223D01B1BC3BD4C921E2005FEB5114739040758189BA8A320067B62A3995E4720055065AC2B4A8006BF8CFCC907C0063EACE41813C5F017065AD46CFDC6FF1BFEE052932CA3478C8E5A6F25DC8503D40F61FC1B047E4DFFE8E84407C81F1AC7B5C79DA358551CD0D13785A9AEB38D6EB68A0A
311
8087FC6543E7471082873CDCE5CBEA1EFC5CC0579469E225428E9A43D6A6000B4219DE52E8DF00A55F4BF5035960661C2DB88AC1F67C2890A93FC420193C8326409E7B595FBBBA9AE1D1511B3F6D65B09AC10A71C2317201A603E88C56CC68C91279E83F5C147787EFE6C675F00941D23EF092920330982DF38C65EDFCA89D
311
A98E8ADDECCD77CB86D85118F3DD9884820B1128010D02F1060F582871CC8FF42024C02239273A1CC3BF71E770DFB7E96081682803188118B50310BD620234F230B12711B063E0F0490FCDA9248B580D3D3DE944A30CFCF2A1E0F6E59E8FBEA289CCCC943785BB8880ADA9C2FD70F6A13F5418444E3A669273C006C4B4EEEC
311
067827539FFBEA9CFF04D84E7F170480037005AAC8829084329899F90B5E013927F8E646514B4824B01D11F72C012CEACD163B6358A4454A4221D06E68A71062520649BF9E9127D0772D6E5EADED52FF216BC2FC513C7D3C5CC4C8AF009811826AE20203B076A2AA66D8D32E317DEE0EFC000FCE16D9E0BEB17C74AB009256
311
C5D8AD1CBABBDA61402612C675FBD72D07E633B1A42F2421208CE01397560811204306617A5141706105C9F4984C459F2D0F6C392FA05BED808512B0B9A8A9FC6CED89640EA347D31F0DF76D3D9E61E800FE9F7601BE4C9614A1C58E6C839F13A12D0EB426DE6386B82369A9E6A7F1F9146EB578A2EF4289AA109B4F6CEFEC
311
0463E0072A05CC9DEDEDFE08407B173B8AA65399C80B2911252E6290C82CC1B8909140C11B7AE161B42B93905045D017E00CED6D27AAA15F2C2179F1E83D411A7020B9408D202381E7E5DEE5A9E7E5CDE3B186433F488AC81554BEC09BC579018ADD1DCB3D9D70F02B14BF9159A4DA376225FE43DA224FED327941705DA582
311
B2FD1BB5DC0540667B650BECDD1D5DDFB0C7F36DEE2B94F6EE2EE4E426F20A1174C31DF153321A24114C4FFF25E505475F6906D4149B21F1BD9D9DF7B059F8E0FD83323CB97991FE80EE131A9003B81C491B218B1D42C0C0D593D9D548003839DC29A740298B0C23F0CE14BB167BD61989AEF0B985C8FAC8F923A73F319539
311
89F0F6C96CA6C4D0A9A88184BEDBBBDA3BBADE77CD8E2FFEDEEF46184A86671D7DDC51417477BE9F04804F305AC82C2D018A21EA903866A0F959FBD4139916D036635EE03DDB7408BCF0627A03027AD314C09B0A27F0A79490D53839D0DAF1416995CAB24101FA63F75029D57A4CBBA9FB4D120ADB17FB5A999FC9420DFE04
311
FA670430B90FE7F589F7FE8D50A4B5F004CE5F07EB4EA007F8AEAE8E8EF7DB3BE2F81F42166C7246FA9E62D02C8209BA1024414C483498B50229FD923F2414040B2081390AAC353B5283EADA12A30B1080866D746B9ABF5BC107F33C2A015B275480759334B83AB02175EFD0DEC785DFC505E0064F4EBA5A97073A74C5C9FE
311
C97BD25D819E28AEE661FD2732B8BBFB1BF13441B3C1F45E8AC1752BBF80C113DE960E0AC7D9D02C58C80505A19BA0E84B14402601A590A4AE00A825E98C3212342302EE10FC5100681F86834A2804BC409D70270A2091DCE874B16BE0706C974EB3D26EFEDFFCA6C4579AA4DB781708469F055532A7046C6BEB0CF39F3ED2
311
EC4FBCA3D00EA91CA68FD2B87B5C191E0EB2C300F00A1C9881F263571C6CFD83D079D09F176FAD839340CF030F70458F81F09AEE1329505150CA0A00576B56C06D58070B23086F685E44232D9D53DE3FC3731044F286D19F459351863F749F1104198D6E14BBC68E17CAE70D7AFD958E350BEBBC70C9C4DFBA075240DA27D4
311
0AD7DB063A097DD3F041EDB3E4B682A7A12A548F3393DB01945547175879989302521EEB1431B08759B632B174E0F700E774FCA1BB83F95029ED1A084288C8893520E49415E00DA080AE8027C34206D35491D050A4C6B080F6A20889A2FF82379AB6234F6710C05F9080ADF002B9C9F9C583AB220F45D618D7E7F7547FB27C
311
ED8A8B7A7D24EDA4988B0C1C2A1AFB53FDC61BF3DE50D63C560F0120B0372F0839DDDAF13E583B868717C1CB8CC71D1D7F440CC82184803144196EFD58BBE00B7EE77DE8C015942357FB06FC906A5E2B8882CCF9FFE184B0035A5CF186A962A63F84B3AAEE3D5A2C830008807568B6A9F424086D2095A3E262DBF124350082
311
C4B5DF4704A9D2C93553DE47BD6766B69349610716999FA25854F759CA9792599D3837ACF6247CE8597B0F960FA3EC45B61715050260C5844FCCFEC9666BC71F875B17E3BCB4CB151405D7D08F846B4CB952248B4603CC402B609E90F0044A007FA800EC46D07A51232B00E5683C55D5096E1374DA4FCBBDE2C25A5B8D2600
311
8227CA7758033D7D70DF12CAF7F247939F93F1CC63047D63ADA0B7CC8771B234D8095FCDB577B586D1834062035670E204B245EC093FCBE15626C10D210CB38A13F50E10A0D5C0814B0C4B30AA9858516001669002229618F100767AA3D6D2528595FE7A398C2D2300ED0013A0AE60B91644A057327BD3C36BEBF48C91279B
311
45F8BD145494674AFB211A91977CB838DF35DCB3D6D6AA2FB2784B591ED785DFD7DB77747DAC9D2F7674810EFC2895F9ED8007EC7885101679C06F21E4B1C8A6120956F80518D1DAF1717BEBFB5803E20C6F2A11B2E48AFF4AD2810A70054623E341B3D1ACD92DA91150DE631EEB2C28882D092049C0DD38E262A7BD6F9854
311
9930C9D44B7C37028AEA9F8C5628A2BEF5704C0DCB2B428181B1BE766F43014498D2E57791E4C8DA6BD2ABF5003F0C40202E2E32EDFB02852D16C30B7F646B98FDF86C7891690043128B0A0DE6B4EA27F08C30CA34C9D0AA0852A5997F8D11A6EE84E040B20472020256F4AFEBBB74E6705A12083B249089218E6452C8E5A6
311
9717E904A3F5EF3D5D08EC1F4D4E85086B238CFFC11AB9AE972CB775616C6D1DE04DDF073B4DE3747C41FBAE6072901CAD0237100670C5A00C2C3CE063610ED824826C1F6650700E88C00B62468903A0D71D3A390255AD7040048348C56C4647413C2C2561216E0C469203EF06A5B101AD40D0E207F78B124747DB5B4BBB4E
311
88B1C373C114E0470B345156EDDBCE1B4DBDF81DBC400746B0B54E05F693707B89A5E430982C2AC7D10DFF11D5B102B9505034B35D07E8E5F585757F088B390F2D4C85CF7218E8418BB4F25B885053D07D5A908326809F31D6CC6B77CC948413B28664484439D118DBAC27DB5AC40C1AD166F25E6A2F0AE82100C0BF220405
311
323E1FF80DFC518CACA8DE1003F3C9FAE9C7B2D60703A0004F8EAEAD2DE0F5485452D15B77B4B67F4C2403B8D8F9C533558ADE058A9E177A1698F75DC0EB4C800F74C0270178C8579C1FACD025F0560844502D2BBC01E620030CB93636C1041636A693949CD80139FD15BE107F905590A292840F8860706D07E2970A2F15E5
311
B13B87C3143CB2930374CC46A6F9B9D7A5CCCC14E11B9E879A49FBE27ADBD6DA82410FBB94FAA8487D61B51F4BE0A03FD08743C31020D6628ED20305A22C2C2FAFA7ED1E7881C438AA5B9035F20759E243C51F34D0D5F02F11403B9E204CC1686C0B6C9000470561519CBE1B0E4FBEAB37A39EE4B84C05F023858779341991
311
F36D9D9F351E7BB3B5ADF00148D9D05784F9AD8B037D48C01BFA83D4247F03BB768BEEF973A14E610090D4B96B1EEC5C5E66928F28EBEB6CF578B067DD83086081579848E60DFC7684044D8174993C39F886043481F6A2B743B18749E52447CD4D230513032D20D20206E536E15BCF7B7D211634F98FF9986287F33F9A9461
311
5A5A0A7CACF8DF5DCC1AC6EF9AF1945EB78E0A2FED1DA2ACC00EF983F9A012260BD722EF61C9DBCDD8719703ECF839029010CA0B9F100B1D2842153E01A1A3837AB579516A31982FD2908A09100DAE591016CBCD4B011A2F4DE299E1338CE065DC4841BF9895D8C81714800CD08F5AD39601BC929B55D291F6CDCEF2AB40DD
311
5D98F4E6F107C47AEE4A09A079C05316F479DAF4C2BAB83221BCC0CE23FE3D3D4C7BC9AB673D89A3677D6020F6E182332028012FA0FBE0B2668FB85485902A8E7FA0BA2105C213E20BC2169211A4BABA7D693C3F1DA961F203694853137073AD5CD25F1C017DE0477626D7BA55B88F83B5EE513C41D814639FD1BF759171F4
311
577D3CAB0C3DFF68B2D3B1F8478C18F67BEBB2598FA76A4545E9E961BACF657E0791D2373030E0EC9FAEDD17BEA7703A738185D08236C407448A4CB504CBF01FF43859D3115488EA01B55078000DF085911805790DE1B41B6F8CB2889C3834FE02AFE07D85143C6C008438A944EA63E047023A7EF37E13B0903AFEA7BBAB95
311
79330FAFDAACD540022980B65A75FBA17D388F1E6576405CCE7032D95BDA420E7DC0EFA320879E5F8B3B04C1D2D9C1114210C19FCC49DC6A855E12010184DB8968109ED016E4683CD552A36B3AFA13BFC2114068935A7E774CD2C7225642B73325938052D8634ABC18DC9442BF9E0402E85B42F9F3273672DA8E8F1070405D
311
1DC3248487574CD98092B8B956E6AFE1566530B78FAE05B4A0DE51FBAF85DD075C7E11939F80E015A58D1F87E400CFFD2306C4D1D3C634380A201545A92BE01F445800BE12302AB477BD6F62600D211232EB061448A0D2B877BB940D63D059C37E0569A83DE93E214F4BD86209FF6F479C640AFF8AF6D1BFD987D029A94DB7
311
C329B4184D4BB013BF912FB88FEEF913071A8D82B651BC10DB067A7EC52FE1B421883144C00F64FA23A11CF708BF16CA59F18D4C04B8085964B2D8DA4A855187000BE440BC816FFB13374640B0EB1D0998AF38A1AEF503F14302E2811081FC12EA6CD38A63B33035125F40F170C0B0AA45E9FCA38FC6D688D48563B5C4B4B7
311
C359D3C7AE0EFB16ACD5E2FAA47EF8307044B4EBE1C71E84E742D81431FB06B90B600B9C239E277A57C94C427EE10E7826980C0136600D916A06058CBE8604DB4D314FBC014EDAACD0820F14BF75449B70339490FE5A0491221BF95F949DF1235380E969AABDBE2D32EB4403D3FDF17F42F9A0A7C28ED75BE86BDB7C7EC80C
311
76F86B8800F77B305EB88F00A4352E0F8089EF811EA02A3DF08F7DA008F803BE4B4EF5F41E56087099E920708C3D720916444440FDFA013D4E1201414123A09290F5BD7AB729298209C4306D007BB0829FD4EC3A6D7E4F00B67DF38CA0764F832F0448E58439B952CB4F70DF964AFA74CCFDBABBDF273E2FF4F56D3DBFF2A7
311
8D42FFF2755DF307066497F44062AADFC0CC546F6DCCFECECFA232E14F408F05477D311B683A35BC245FCF8A5CD2AF20022C21022266905A5BCC8B20235D6FF04019CC04058AC80023662E25F342063165956320BE50370F2A657BACC817DDA3DDD3EFE04028645780A768FE38DBA88BF2EF3ADADFC7FEACA952E5A77568EC
311
F0C971DF32BF1D24F8486B22A649EC81B1B60315CBEFC026091CA45F858D7D04C1B437079431E63E38F880758842E780A9E03791C0FAAFE10012588C3C592FE35461A6047802BA18686887023A422A49599399893103942CF6DA53A8E387825FA0678B261F139F801E2B17C901D0F5217E07AC2401A87D0480F753FBED44FE
311
949C93A1D042B879FCE499B3D861AEB23F9C1F372F0C24D0B7D6E70FE1AAF60F84BAE642D82F0A9F53E22783915518494FDBC0AFAE7DA282E5050B703570E06319A015E00D693A6BEFFAE493941C3B08C13B96BD20D0115A9565701DC58568A3009DA13E965765C03091F0FF339F7309D44F6E61F837F1B1FF920450EB8FC4
311
8F9B40158BE89C81A597CFB0DAF5F5755D3886DC13D4479599B583758CBF35663AA234F133F91D3BCCFCE0A794367F385C59B19431780F1C099131384056616E15A1563B50021D369C593FB292685A68A8B2A50A0A2085CF05434617E05FC24A6B077B990014421A68401AC4D65788EE25F737EB780D08A6E38F060F2ABD88
311
9E1B889C44852C2FF368C1E3E710D73B6589EA83F7417B341ADA1F639A23D15298F087AD0326410E116C3A1B325218433C71AE62C07C1480F1C045629724A076A4BB8D622D24690486727F56108D07046DAB065000678E04C4F8C342DE27F4AC102D854F2D08D59B4ED0E4F697B0FF62F113646BC5B7F3131D4EA8BF8B265E
311
A3F2026E7061B96F6DF3D993276B2180B8E57067587428579460551049049B074CF8B1066C7E14C705F0B39298C0997C17F701097023BAC31081390196801FB0C2A12380042927503D5A01CA127F9841B460310639C674BC8CDF1A320501448E0068905B07F6E5602F8C1F07786253438CEC51AE61FDB25FF71B09893AC026
311
A9EAE3F30F369F5D5EAEA5801FBAD3C98B38C13EE017B054F81A56F05259DBDA64FE270B1FC4C77200FE276FE814B916E222575ED717A62A92956504605268408CFE13FD61F84252228376060206802B9550F00B9D47E6AF1022538A752CF4FFF1F5931384A9FF8700EDD4FFA2B93FCBFABB3EA6C607FF714B0B8B04EBBE83
311
B52B246092AB018C0D0002FC490849F1E214AE6FC42009D6D86616C835B65DB9862EFC4480C14137603C3089D0A5588FA27E693DD184131BA4E88C35045ACEF1CDE1A82323C20B842F2419604821196EE8185BC834AD44F8E9B7549A32900196E9ECBBE20FFB4706861AACADBBFD9B56A23FFD3AB8BFACC18B1B5AC0ECD7B6
311
AE2E2E9CCD2BE8AF1B1BC3A813B94107E82DE67A42E7CC7D4A6116700B5B2EE3C338A09B840F07C40A64800D7C605AC42B72227C4C7020AB1F20056E26F542717F56534261DE3766AC10A6ED2D006DD03BA9DBA507AE0510A8B385C92363B9154167F1230C40D76AF6F3BE0CA08F8BA2FFBBCEFB09D0986550E0F0EAE2F278
311
0CDF850CB0F88CFC2815FE87BD83909F474F45DD47F1C821DB2107A8817FD45384F57891B65F2543D0C1E20A89B4A8DF806862AC27C60F6A054627FD344250718AC0FA21CDC4E28DBF2650D1B39D8B8A420C348A4F846E2BE824BF8C45E1DB8EEB52F576F47A75FF95F90FCE0FD3A7A08D48D5B9AFBE3EA658E1676FE3372F
311
B57F0AD8D70ED4AEBA3D4C2BE0AAF1C3AD63A6004D12900CFC481A47430C9EACB390038642C8C41B13303166614210592736B8603AD4FAB17189DBB32F3915F0C380795A089A15228460BDE8E52203527D41B5470901B088D84FF8B3FE2BA7F4FD30ACAB3DE0B7E2FF95807AB0010FFDE3A048F7360F9F3FB9380EE537F16F
311
8673131325D3351A3F664022020811A0FE8C019CA17370725CBFF64132025DA1BE2555102212E80A907FB43ED80A991A8AAC183932C19AE17524B06590B6AD286EB99BAD18FF4BD64BAB519202F992A963648ED30E7521F909F090C0213E367A77D8836BEB6F34D92EDA624183070248351F1A079E5D3E7A9EE81F2CE6678F
311
92E299EE312B6C0572C0A7B5EEE07853612403813152C7125E2022A20C18F855DBAFA399817FC97FB6E1CDCA31D348434ACD0012F0D32A5456B4007E6E92D72B1A4E9971223A42C1042819E4049C0C5801300C0013FA48F8944FBAE71DAFC27F1826FA2304ECDF3F6C10FF47D5C7E49748DDD687DE8E91C09394EE0682A4F8
311
4CFD6067EEDF43E67EA46CB2F4070160439245F00343D03BF25D7E2F26FC400A896DBF19FB8D4D0A66DA669C3D608F9CD048A0533621B25690EE19D5D15248E390F042B12C682511B02BFE3E5700E4C9A9B2107A8F45248FA48234FD23005ED1F4EFE80D1320836F04003BF42856D478D1DCA3ABEEE3C68F9F30C3A16E5C23
311
8EA5DE3FF37DACC2F8B7980033F47FAC34421EF0418A045394802CE032D61C70023D788136788613887C0011A4EA316E005718AE191F8D0D841B9C679CD2FC478442D005429166F5A24403B1E6ACF3298F388B6D0BA933D92339D48969A5C11F09B4FF017A9900A4F887010C474717E10F36468032FF33F4AD610517777104
311
CD920C3CD15FC5F3B3A0C75BBCA3B00F2724863C10BCD4A0E00736C7981F2F72E4B001438B99714FCFAF713A2603BC710376A1715FC602022202E06FDEBBC680A3DF1C4C095A12C50B554FE7623B50374FB2129DDEA4C392C9188077658C87F55FF92FFA507FF03FC8DFD3F31BDAB46DD51AEB03F7E1B38B8B87CFF47EA147
311
9C3EBAD5C6B382C221C0F1B358B39D76D9D3142C4A20935F541E492E0EF081BA41B3620A8E172B584EA1485632E22A8221CEDAC6110AFA4B6D43E2B76A18AB240BB24337721C9321D2C033B2D3E2641A55A400A28403C12D1DADE39AD23FC5FC08C47A64DC3FF6DFF76B5235124022D7E6D6D5F3CB870F9F31C96FE477FAFE
311
54100068A3A87FA5908A2C08011CF31309C10025B089FEF9C510522B8DC07C30AA469841723A10C08E27F00F7FBC181C083F2809EC3B2B328E294AEAD5A071B3A95C81D2DE3F930372D022C9C793535B92FDAD5426E90490C3C81D000017C6494441544698C416520C1C40C71FC204B22448FD9303782FBA67089A1A7D4CE3
311
8E89050FEF5F1E078A4DCCFADA058032C34C1CBC2E1202B1F8962B1A8024F0EB7A11F209E96FB369D4B64202FE7BA230AD24C46413536EAE955B341B726C593B5D4630C0BE822480908522B0D85430230352618DCD4F7BA6D568BF4343801480006658EA3EDCBFFA9702B4FDE9022163C43F9B72B58001A23FCE6F0B3FF0E4
311
E1DDFB9801A6FC42FD0132CC1F2224F89933107AD30B6C9131A53818AE944BE25A70810821C38F098411980E46D108F483DC63F49B91B852351604091D60546702F58A3872A1716411B642C7629C267E64E77719F46B0548FD6BFFFC86A38DBFADFCDF700228C124C8664FAA02BFB1F92B09800876FCE4F2D1C3FB4FD0A44E
311
0106A8DB8079751CBF0BD9340066C3D52BC64706467C05B5A54401BE4A1B0132A55EAC1CCCB10D378A3DFEB9812022327745EF2102886A9142C812A1A2C9708027BB55B7006357459F9C2080E0BC34489FC629510F3017B62D5073E2A2C64048A0A42580E413BA9E08274091A398EA80B5BF31C87BF5ECF8F1C5DDFB4F22AA
311
C181F070AAFDDAE5650C4000516440D8806786D874215149E69ABEC43FF0EFC820FEA112B0522003C84BE03FB76623513B6D840820358B084119B0CEC8C00AE888826339A54091F5FCA513AFE147975BB1A86FC50618D9D74502F0C7C8815AA306602FEE3A5E79E0D7DED1B221001118B73182CD439A092FF801105D1AA14E
311
1918EC282F6260869D55108065988BD67F68E5581720A708051F7C8070F582389C682BE53F2AFD85853F2A013D21564028E06E79B7A71E43212180A81541EBC88F451E02385100491AB0C4A3BC5309A95911E66D04C0B448366988ECD204C2FC930F8CEE8FA410EE4C25B58DD1B6EBAD83F6196670F7DE635282C0A56A851A
311
B035831725F0471A10FE52097089C80495804100318405F0DFC2136004B4C40705EC9154315129205EC357930035688F61AC02188250CFA9A980233925F16A117A48CA54DAB6400221976B75D863330942E20EE3B00B08FBB71AA813B0E502FD2B023DF70114E0D7DF2E2EEEDE7B789504200112075478F2FBD6897835C91F
311
0C20782401E801A2F9142700B74805703426023A81CC0BE88B537D0003E0C5181D29EB8D83050964DD2580910A1E7A8138F76253DC01DC2F3824391AD748276C0B0CDF12366625D038603D0003E0266CB42704C8CE7FA7F11B4D59C0BF454A78F8FCF1E50513715D469607031272358F04E0003C90107223A581218F10008B
311
10247CD20D860FF0BF48801040B361808148714764028EAC137E871501EFDD97C89B52107FF1235B0928C562530082573CE137840EFEF82A0BDC602736C595912FBEC69E6A3A26903B3A300C5A098A9E3F1810CDFFBA019D97B4E7A7A075850F2E92569BD960CA7B8304995FD006FC4213BB1448A6F4BFBB3A9F9FC4962D0A
311
1369129B10073771FEDA38B1737B663A71C088D8848027FC3008DAC4E4397A6F76271DFFFCF77D6BD7F1F67DA51E0E08875A6BAFBD6BD7AE52CC04A0B4A2206F650EC412841A48258258E8662C3838FBE21E25172C2A15A4F78D82DCF68A005DCF07047C183E1CE47731BBCCB5469D9169E0D588945BEB637E87802A03D88F
311
B82486210D28FB3B858D13DC7CE75F5E6F3B03C1744D30CC58C7C7A256146853A05243060B850072A7010CA47CFBF9A1E24F414037B8781E8E9F219A774B36481CB43E48A79819D638C8760D672FAC19FB9D3FC5EA9158DBD0159C27860409682E8FF2595652FE189D2CC2D7C023E944158355806FC320087CC74116030CC3
311
76C559C098B93A041C5DDA48AF33827D2327DC761D19C17CC62780D82A170E6CE7415A5E7FE825E053048F88D2AC2A561CA4D4C60098DA28EF1A01382772484698F60C8DD24BF396EA76260542810A625978C03580A9CAB91D10249BE579B0377A3DD15749A45F24C4D81FF3D7D7996F6A1690288008C0FF6CC186DA9D5FC9
311
5BB09B1301004B016E707FDFED306A1BE8FA208828F00BF342186839839F1F6FA338DC5A0200FF383DE92614C03A4508DA18F4D85F9354F7E867AA77A42FF49BBE6757A1A7454448D0BFC3C220714FE43A3D8F1547BE10F0BC5A05985AC3C28829A06FE24CD062700601F4AF12AF99099B08E7071DC4626A97C920C3FF96E1
311
90C9D1FD7CB6163E800D79E5F3F10A9306C02B799E80F1AB380E0571A584C0370A220C3125000B500900D96FEA40409F980E2083E4EDF4D8D2480AE5667222E020BCDAD4EF19682120818FE18EC7FD6AAD67C03F7DF1955E697456F517AC4F24700C30171C67E9168B109A4F60AFA60F98BE30941BF776DBC7C70792A2FBE9
311
8AAA97224F8BEA39B47BFD14A8CD03320DA2B676E3AA397E652E30A42CE2987B7DA1EF7F75242413800A04C0270C62A13372400B435ACD84B8B5009208F5AC73EB149FFF3508E21C2201E0338BE07E50EB47E7FF6D97724A601028C5519073E7978EC88834410450E074DD58AD13A4900103A6444A9CB99103229F0EF8C0C7
311
8161EBC68137240734CDCFC349807851E0EB46CE864D2E405ED341B71A390CF2DE20CF5193189E1901E866D0230409684B193D17E2928534D04240937D3C84477494FC5E0FE0B448E35AFC19007926C1C6A6E622FDB8A12E30993C6710E070397C4B26304C0AE38218D19F01FFB15BAE1C0E7E74DF75F2406E373C414E848F
311
F8E500EFAF3C1029C9C0ADAB2313A7426CA9B2C1B9E30032C84EF31A09A88A386F136E8C2F1D582EA0459207015F10F1F001F0B1B7DF7222011EA2001F00BFD36BAEE0850928B08C077030FE3806C880EAA74BCE0863A952812E6008B3A89199C1EE918AF96AF583F1A073B0A355B9D861AF1460DCFB3BFC6B7EFDC834B097
311
00CBED3510E48DC7129041C991F06BA5006CA6B5B34EE21501374E8DFC910042036111EC9C7CFA1C05D48A7270F7F835BF04A4194DA4CF76CEC66718C84CD020D04C412AC848F03E3C61A1C8D50D0EA6838A00376054D3DF61A0E393E1F8B058A6C994093476D601A4A06F0CFD3C0A6BFA910E75CC10400A80FDA93AC9B5EA
311
4303F6C0D188B559086091CC5910137772E14F2376D03181B5CFE74C0EA38440D0AC256D6C4D104CE05302FCC00B60B9CD4D71E08BD40C144A025E60D4C1F45FE846A2105D717EEA84808A5DD90A168E133640311CF05DD870768683F5D2F1800F485AEBE5CABD8FFA3C0BEB33702493AEB551B1EB035EF5C8E5757FA78321
311
41F88E8578A363802B560007AF93D7D470B478C4D00B412D634C9140C4F9275C00DCE8DFE3C7F8C0AFBC5B2CE82E3C3BDF393D4375D50C43CD1C17E3777CD2C170725B7B42B41DF15BFC344DAD089C1E9118522B4A2C60B794E4E8F33081BB7C8CFCEEA0B2015E49D586429C6C78646180B7710E06018A3082243C275F077F
311
BE412C17DE80D3E6B9462C5204C5D980D1DF84A864401C483CD01B143F4A4868087A0F780F37230200A4FBF6AED325114C367C22512750A5C7C3E32D545CE20A0904183BA10015DCAD89864B3E1EE97EBAE8B204266A48E010511838E2FE413FB116E60880C2D8440AC3880DDA6DF6618C138CF1CB2A09637E18D00F80CB0D
311
C05322E31EADB8081C29410903F06BFCDF5AB46024E4A75828056440503C707856EF0C037623DD4922A400E8A6BD75E4D2800905F18450A00CEE88860C8964C7B3F90F56528BA18F71CFBBBCD2D05797E168FC37DB26DBE0DD2EAEF39686C18440820013C1444055402A541400DD362A0A402F1FE51246404E098249FEE307
311
08C10CA0B54601053159480C00BAA9B1223A773234FE72FD5C3BD81804D8D196FE3D5315A0C981D88D04FA01DFC185CA93F9120E1F480B08063364A0A318F08DF95056E4C91F1150D31B011200383502E079EE43CC18603AE2F88FD139C802A739F208E88D06DC78267C448C27C4113C19B0F51B0E9C1C021CF8F9167C6B1F
311
2E10E461002910105D1042792D1CA303F469714C018C23D72179E165049C40E801CB96CF334562E5807291D1E0C70FE6CAD91656715F0E5C5E70F8D7F83290549B1BAA6F781D25180EBCA93EC84E72A74081CE3020789B3790E1A9E478E658C099BECFF01E530E80EC5FE31204ACFF70AF8177A03059240CD074978A002A87
311
8BF883FEEC81DD684E406CA630ACFDE87292822A11953710F000885D6F68A67ED40CD772B0828359B753F7CE23D9479AB9845771B389D6A77130F8C134EFC83947392029B10E4425440A84AF0E54825228FC1634D369874739C837A9DDC83C20D320C36042610ECDFA750303710224D01202488012CA847424F8D53F78AB6B
311
ECE9B3B35A7F32396AC6B7444566327DBB4DF06FD9616744F4D3A397EB3B0A3FBA8D763702883ED742FE5CD24146D8E353ACCF811C806AE09914D8446E93840FF4D6C963FF32BFB6AB015D1D3B0C9A0968776F021F21404B6260CF84A14F35180CE20B5E85BDA2EC91FD5A7DBA7E5705F4F0F97AF26CE18E3BA07813820240
311
0A62930FA6CC7882F911A92F33E547E64990B0F27323D73B6222863F86425153FA8009361C675554C25382CE148420C8DCC47A20122806CA178A0918C14CBD33440289078A00EC6070184CA9907FD0A1270478E0B325B67C2193694EDB7DD0F3C238447C8A11485562FB4902134E6AC952FD5320A4F7C780882DA9684285CD
311
81D278C0E8FF8DEC9F45D22DC3C2CA99C2728110888799575B6834BF22B0F01EDE72D7F21B672C40F0A972999E2200B7C91403F9BB3D09C01990819238CBAE5E7510D7D57450507E3DB04AAA0A3C280064E0775380C8C16EEA4834346A04BF0CE847B4B3AF760D06D24BBB267C32E2C9257DE5EB748AD101AF1FD33265E2B6
311
74EED8C01A0AC901392211011AC810560F77778E85B13BAFE3E25C95B70919A4862C15928BD8989664AD8638101D009A80F00BDC41AF27602A4BDA0C077E550048E7F1011410F01405045E1C140B4D0E70E0F6E034171C3D6FD12004FCC1FA304312518910356628A4A326EC9ADF5DFFD1B2C0399503F14B4F8E3E0E4E39A0
311
6ABCB56A8014687E86E462BDDE5124615ECDB412B7314F62E6E0C76ADEC0F717B360E741960104CF1706CFA18E0605004B01AE007869B095ED92144A807841EFF2811C047889A04901C809062057192688C92346F97F279449F89B113500BAD282D1DA80A55C27EFFE02C8D4F395003F285B617BBF0831F49B055342DDDD41
311
4378E8888E92C16789F269A27C9A221FAA4A0DFDDB9F935B2ECC04DC51481558A69301E0460B02665AC4DD30C03D480866C3409400051811876014C0F294C542821AB045011A3E3F09001FF304E3A0BED05CC11A811B865001769507FC01ADC611F400CF68C7B093606E30F3C7E0F00C1D10C31951C1E2D7252181DA003458
311
42A19130715C736EC9ECE686A712FDB31E4D3E50AB336E5666D7B212C0113C4A4406029709B43D0228F3FBAF49921B19CA0C82A2D5BC4A2079809240F37D3E10F9637607C3983F0458508A98B8B4EFC92AC13530180CF55359500080061DF59B98BB3FEACEE881DC8127F182A885A86FB12B43C590A4380504E32305E3148B
311
BEEB2D2782029765428092545BA5C2C681FC5F8E869C0EE1034A822FF09A12C94084505AA868080303473F8161F7AA0A6610745E280BE4427FB770106F8800EADABA19F453210435BDB2348471B13B65F2FCB554827632C4C44467333E4127095D22092ED492009930413251B5408345065065E415266E20279A40B3F52037
311
0BE2050C8360E6BB4601C1673B9BFE007EF5200B6483CD195400A783E6DEA0653515B0FCE8E86D1618FC1EFC15C2E727F24F2A2DAB57326D8D0877D4E298894E7A0C3C7D9CE8A0E2D17AA2020FA1097D6372F2A9F955060FDD467AD0426368C24A8340FD0D6687A76316DEF5179ED9042005A2BF02A5DD810A4DEFA4A8F700
311
EFC50FF4FB8C06410F0303C106ADF8852ACC6A2CA9046E9ED070739339857222CC009E206479886EA26227BF7A341A15C351A8404A6C10080A2140FA4B4E8D9B9A11645899332363FD69887F436A660566964250FD752E787B64BCF8E6C8190DF8EA0C854C062D8A5A1346F810414313E606ECA0AC3A01D6928544029D5F42
311
E202C0CB386F880F7842A31287061F32F3CBE09F2950783394F2F2B23D85386C6F51943E99DD10C8A0000BA9569A14805693274BD0E4F4DC3F28E331EEA91C4F33ABE057889BFB92819187840A08E57A276A8BFCB75B0342668C70C565C8059996D209C2800941A21FB82B2F520BC2E6FE6F1A8827043DE17000DACC8193E7
311
8BBB8DF1467978C06F6AFE986123E3A95272CAC122046F4C65C4B88FED2F1CD1D918F7CDBF8903BF1A90057D42F4DC133AF804ACBB58446A0DB78806FC053FA1E45D0AF1112613CC0DD976C5E70AD3282F42725C0D02AC8588DE451B1C01ABF063E7748A3882F0DD484BB78D037F9812240EB88B6034C0AD53E5116D4C6D92
311
0C6A89F084E6D0598AD7EB6930CC7B293E27A666E5CDFE9A3FA52FEB3C97976FDAAE9A60008FCA6B33099CF9880D35D419FC687D424378E3099441E110C5B3C6DC311E6653514A67A530D863326C4D8430E0C28024803B5B069B0E60C10EDB6DF087034171DF01F1F3404B27B1056D8C0E56E7CA6056E7798147BE4C2F01CE
311
D5987E413AC6A724876DE3F599E0601CE7B9CEF3BEB3671E12DCE8AF9631B8031D3F360B6955DC2342B2A0E4632A00264C0DA002220CFEC3E10D9BADC8904D88DC51928593AA16C91DF6FFF82B3234404C7214D0F8608E0052283EFB2B0563F1D072936C4017706010BCF1B16CDE0C1FA9C777E44E1F5259B0C9BBC8794A82
311
A6C182A3AF56B16921405351FDDC91B5BAAA617860E8D76C97C377FE701A4EB4378FA97C2C8E3CC8950886C6FD93AF70A1F5F676B7ED16CBC56AF5D09110EEB8607CC08A795882358280DDB98AFFE7087C6EB593D62F041CDB4018935238E73F1098100D0C8769818F777057F64C703C6530E142FDF5C837AE1CF66C94C488
311
7D3A3726AB990DEA248F73B5D32C8E04F6714B1E67C53FC52040252E605B322407CBF8C7F05453462A295ABF4D95592DDD76AC23512E9A2DF964715C80DD752CA8E263AC36F02C3C28A133EB22AC8D099BDEFDE28C3E8FFEE3815D5D00C17C00511058354D62443C1A546280E43572A9C661A34FA5891F8E7570608C8DF21D
311
F51DF9D2A84D4501F41B8CD4F4C9DEB2F901E810C0E4CEB6EC08DFB06341C864CF8D0EEE779A606545E1E64AAF30A4324C20FDD3BD558BD966BA994FA915CD162B1978642AD01694E533EC190368A68234657085B5F88E27A0805E04B8BB6A00A51646EE3C10A50FF007FF410F1963CA69BE2002F0F902E701AEC995FD41F8
311
3A3F0C3809A3288A083003A6CC2A20E6D703EE48E3777AC07ADD51EB6101603A9FCF17B3D5928F6D742EE7E4CF38AE2B03C5FB39C81D7B2978FAFE85AF3D2710B0582C970F0FEB0E4D1103B8BE2B4D560CA10002FC8F334C891C07B44FE06B2E3ACE5E1E2D1FC32203110ABF9CA0E8381F68EC3C06701328E5A38278A5FCD9
311
44CEA5283DA933DF2A2448BD23F1C5D8BE04CC2DC3B43B3EEC29F8B5FF926D11D3E97EBF7FA1BD1E5E5F5FE6D3D972F548547783146ECD84873F377C5820F7F9FCE5E07378D6CBCB7E036DF7F7104079A05B77C6942D1BA95D47424BFC3DB6411009A42E207871B7EE9B06614BBD20F22F7523FB985F3F7068E37600273A3E
311
D0C1CCC380F6EC4AF01CC1CF95E4848B7BF950AD14C44F10460221E02D21D01DAE800F323704C00035DFE97CB37F797D3D1C0E4FBF35EE1E5E9E0E879FBF3DF6F474780A01FB3DAF01FE0C0798218007C2090A3008BA7682A338F4A8804A06CBFE6A80CEC766F49853F15B2F45FCEA3F8250012841315016E75E797EFEEC4A
311
CA6C79F515CF1738F7C36E2406071051043817C9E8C5888D49D0332E800062FF54FA562BF7446CC0BFDFBF8603D1FEFCC9F7FFB5A7F000430755C2D3F72F2D02A022820897ABDD44594475BDCCA4A10AF34C06B08B4AB58BBFAE30999DC66C7CE903A83CF8EB006EEEAA063430F84B05F0ECF644825F5E95073870E72A0771
311
AB89B080022A0C5A9FAF34C89286257FB7BEA000EC65B59750C68E0815B0D9834B15606328F80709DE09018AC2A7817F83F96DB3D562C10A0A31300230CD4200B87F85808BAF64D04600254047F9C14DE93464009E7F5AABB4FDD6D55142A2C0BF1541FCE19C20C899BF4F76AB54B84CB97F88F48ECC029FD253F0C70DF481
311
6B9AC94BCBD653B1A283C4001A0337955E4AFED3FB790B6B1F5EA0B5514074103A38D84280EE0F5F9BE974EAB2D16AB1EA969684B6E4166CA28264B300474C7308D20013B204A65F82970718D05678B3315D442E1C0A327E2F56556040C005D2FAB1326A68A07507C9E46A3648555A7080F5F50219A00E6222E3E0862CE95B
311
5680930530742F1D041805E69B788161F015944D041182B861A2C17F3AF01CF5BFDF6C343F9171F5B004BF59C016719164B888EA206A02AD05E8464D06B48E4381A0E9345FD171625AC22198F57C003BEA5510F81FF78D31C9B033D0030000000049454E44AE426082504B0304140006080800C774655AF3CB91853C7D0000
311
377D00007800000032464332393231412D414235422D343632412D413546312D3044324632373443304242372F5265736F75726365732F38353645363539422D463042342D343237312D394439392D3635343636394633453335385F506F7374323031352F7468756D626E61696C2F302F745F507269736D2D3235365F706E
311
6701377DC88289504E470D0A1A0A0000000D49484452000001000000010008030000006BAC58540000000467414D410000B18F0BFC6105000000017352474200AECE1CE9000001B0504C54458181815E5E5E6464646868686060607878787474748383838585856262626A6A6A3636367070706E6E6E7676767C7C7C3A3A3A
311
3232327272725C5C5C3434347A7A7A3030306666663838383C3C3C2C2C2C3E3E3E6C6C6CFBFBFB2E2E2E5A5A5A7E7E7E4040408787874242422828282A2A2A4646464E4E4E5858584848488B8B8B8F8F8F5454545656565050504444445252522626268989894C4C4C8D8D8D4A4A4A222222242424F9F9F99393932020201A
311
1A1A1414149191919797971E1E1E1C1C1CFDFDFD181818959595F7F7F79999999B9B9B9F9F9FF5F5F5A1A1A19D9D9D121212EFEFEFF1F1F1A3A3A3ABABABDFDFDF161616A5A5A5E9E9E9EBEBEBB3B3B3EDEDEDE3E3E3E5E5E5A7A7A7101010F3F3F3F3F5F3CBCBCBBDBDBDADADADD9D9D9DDDDDDD7D7D7B9B9B9C9C9C7CDCD
311
CDC5C5C5CFCFCFB7B7B7B1B1B1D1D1D1C1C1C1A9A9A9C3C3C3D3D3D3DBDBDBBBBBBBD5D5D50E0E0E727472767876E7E7E7B5B5B5747674E1E1E1787A78C7C7C77A7C7A7072706E706EBFBFBF686A68666866AFAFAF8587853A3C3A6A6C6A8789875C5E5C8183816264627E817E606260FFFFFF8385837C7C7A898B8950504E
311
1FB2DE6300002000494441547801ECBD895B9BC7B5F8AF7DDF90D08664B48116D086163060961A0B0C310663B3C5C5D8F8DA607CBD25013B24A525E92F4B9FF4F9FECBBFCF995762B149E2DCB6B7ED7D3A80F4EA95D0CC3973F6397346A7FB4FFB0F06FE8381FF60E03F18F80761C0FA0FFADEFF7CED7F30F03FC4C07F48F2
311
7F88B8FFFCDB7F30F01F0CFCBD3160B55A6DD6B4CDC633177FEF6FFF17FE3E013BDD181C1D9D91D66AB526791A9D181848838B7FE171FFED43FB5E674DD7062746275B3393ADD9C999C949017D8667796CF13731D8A8A5FF6F22C16AB33506B5F99E9C19A54D4C0CAAD6680C0E361A13720B9AE06F6272B4F17F0D07565B63
311
42D1FA24F009D88D06339DB621004404C82FAF6A030303838313E062667470E0FF8E54B0D61AA3103CB0037CA3019440ADD379BDC1A0D96CB1585C1697CB6C3107CDC1A057A7B3A56B4213131048EDFF020EACE9C624620ED29E60D6076A48B96432E8F1C7DD8EB0DD6E3099F4F944406F3299EC7A83C1688CBBFC962FBDD0
311
434D6861B0960653FFCECD9A9E9844D869338F74B37ABD1E8BDFFD47BBC99E48E48BB45CAE9ACBE5CA651EAAD56A1E6C98C246A3DFE3F1823A7865E2DF180556DBC028925D11BEA8385DD2EB71B91D4683291148E4F3F972B15A067A813DD7A4D573FC0A32AAA57CC260F49B45670C4C346AFF9E5460B54DB4506FB032848F
311
82D725837E77DC68B0EB4DFA80DE1EC807F279F050AE968B32FF65A184B2C246818B6AB5943019E31EAFCE36D010E4FDDBB5DAE0646B1255A7A43D4A2D68B6F85D0E87D1E188FFC1E17259E2EE70D8610807F48952A2542A31E9E56A911F4183D0443D57AE57F3FA303848A6070607FECDF4A26D10E247EC0DD45076569D37
311
E9B198FD664BD0EBB5597F1A1C9D196C8C4EA479CF6A765BDC06C802AA300512C8059AE0031CD49BB97AB55CD21BFCE6A46D60F0DFC93CB24E884D87692BF05B75562F723FA8B36105CDCE6F6E9E1CEE3D78B0F7FAD9E1E1EAD2D25C6BA6A1D3792C8886B0216C32180CA803BD3E8F802C0919D04AA5B0C3924C37067E331F
311
FC93A8C6DA98999C51B68EB274C4CA690C4C4CCE6D6EEFED1DBF38DADA7FF3F2E1C39DFD573B3B2F77B79EBEDE3BD96C8DA6AD492F1681DBE576C51D6E87E0017A28158B504233572E05FEE8F7A61BB57F1244BF45FE58AD696C7A8C3D249748FEB495A799D9F9EDBD075BFB0F1FBE5A5EDF38B8475B5BBB4BDB585F7EF8F2
311
E8786F7B69614693F549AFD78CA2041560C1AECF97441EA0218B7A8325981EF8D7E703F4FEE4A8987B9873B6F4603ADD6A2D2C1D3E78BEF5E6D53B40BF756B71F1A66AF7EFDF5F5CBCB576EF6063F9E13E38589A6F4135D08C55281D2BD1ECF1BB8D067D005D2972118168F058FFD589C03628062F161F08C0921B1D6CCD6F
311
AE3EDF7AF96A7DE3DEADFB007E8376B5DDB8BC7F1324DC3B58DED9DDDA3BF9EFDB0BA3480E111D69D19B7085D9120F1B028962B12AAAA16477981BFFCA6E927500BD3F3A383820F6FE6063A235BFF4ECF1D1CBE58DBB6B8B376FDCBC7AF5CAB9A661E1C68D9BF76FDD3AD878B7B3FFE2F5E1F6E60266A36637F21DE934DAD3
311
E372840379D4234450D59B5CE9C17F5907C106F58B8B3BD098C08A6FB556965E1F3D79B871F716D003EE39E0CF2EB97F0356585BDB78B4F3E4F9E393A5B9D905CC27B020AE930812EC278B3B6C12B3B95C2E964C0E5DE39F26087E51065BD3687E71F670ED07274757B6B75F6FEDBF3A60EEAFDED000FEDD95DFC92F8DD7F2
311
274D08E1E6CDFB8B6B07EBAFF6778F0F9F2DAD2C2C8004694A978A210C19184D188E688544516F6EFC2B5A4542FE62F6E1C94E88CA5B3DDE7DB871B0785F585E41AA203F7B104CA8FB0A07379105F70EDEED6C3DDD5BDD5EB93D3737374B5B989D1537729029F742057AF4620903DAEE4E377EB349F05B34D9FFE4B30313B3
311
33CADD6D8CCEB416560E5FECBEDA5843EA9D12FE19E8E7AE343A10364014DCBF750F22387A70B8B4B4727B1E1C48831AC4A2449F7A2D71A3DD644AE8030153DC0A6BFC2B356B63B6A5057A26662617FEFBD983AD9D8D3566FF97C13FA3812B576E283E401FBC7CF27CEFD9E6EDDB50C1BC6A828399994181184FD210B61B0C
311
7A531C41F02F8400EB20DC2FF33F3888C9B304F1BFBB8BB6EFC83D181F9EFFB976460510C1BD83F59DDD235107B757E66E2FCCCF8309D0805C44BAA475412CA4380E253FFF580C88B4FB45897701FBD6092C5FC5FE13930BB79F6DBD5C3E80FA4F795F817F1E01E7AE79AF2D09141F2859B8FCF2BF9E1F6EAF6CCECF09F8AA
311
090A44C2220B9266B3D9E172C7DDD64B68E0E3C77C0180BFED85B8FD62FAD1665A2B27C7BBCB503FB32F0D29A74D7F1B4C0156A841BDBCA00C44148A20C02C5A7FB4BFF5E0F06409265800FCF995151EB84616886940AC14138910A26DF05F4312DA4661FF0666DF606B6EFB706B67594CBE9FD5FB6DC1AFF0707AAD5D8030
311
4C43310C1FED1E3DD83B595A59410A0A15ACD040818455E9668075858106B1B5F42534F0B74DE665FFFD6B5445D08BF91FAC0DCE2C6C32FD8FD6C5E86BCFFE7B10FEE24BF917A1819B6060E3D1CBDDE72883CD59A840835FF402D27052560F6616900B73A3B81A1F6B12FD1A109701FE91F7D2ACF10C0E60FB8D2E6CEE3DDF
311
5D3E10B34F214041F4F10FCA1C1004DCC42C148BE0F9DE09604AEBD080F0C4ECEC646B617E6975759B488260E023C7F98FFA98583F0D4CFFDAE8ECE6DED6CEFA419BFCB5E9D41EC5FFD11ABE9038829D973CB79DA3CE1D791727716D6DFDDD9BAD177BDB803C37CBDFBCE20231905AA0601E07EBF5F1F1EB931508EF9F2B07
311
D233023F08185DD87EBDBBB3BE76EB227C0A30CCA1DF4B5B5C5CC4EA3F6DF71771886902B46AEA4AFBC4DABD8D573B4F1F3CDB44FC2FB41616840C4410A0186184F9CDA5C3E3AD274F9E1E2FB506FEA936619AB897387EB87D18FE62F7038F36AB4C35BFC02740DF52EDDE9A0442EEDDBBBBD6BEE05A7B478204EDD6FE2841
311
8257BB47C7AB2B2B9800B3A0605E1881A66CA3951310B0F3EAE1FED355F8EF9F4703C43E80BFD69858B87DF87A77199F77F1DC7C0211D008C40707071BEBD296B5F6EAD1F2BB77CBEF36D6373636788FC0907C6AADD3E4057EC1A347FB2F1E2FADCCE1198A5B805D280898BB3D37BFB97272F27AEBCDF2BBE59DFDC3D63F6F
311
1DD54AF4A2511B80FC6F1FBE78F388F95FFCBD226A54990AF4BC7AF972FFC993275B5BBBBBBB4FB68EB8D83A3A3AE2716BEBC9D6FEFE9B3784C81E3E0429EF96D7099449538F1B0760E6DDF2AB37FFF56275E9B62CADB0ACBA00EB83032517E7892E1EBF59E673EBAF9ECF7CAC2AF87BCB41EB288BD8B5F4C0E8E4CAEAF37D
311
8C3F10206DED60E3E1D6F367B75B0D8BC568300488FEBB3D56B4D7ECDCE6CAE6D2CAE6E6F6F6C9EAE1A104485F1CBDD87AB2BBBBFF7267E7D5231AB810DA587EC7D5C3576F9E1C3D5E5D9A9F01D1A36414C0078202D10A4BDBF0C02B892D1EBC7A3A33F84F5105D64162FB04AF465B2BCF047E6167D15F2F9F9FB474F662B3
311
50C8642A954AB690E531938965327583C193B4A575123399C466C6C403138F1F3F7FFE00343C79296D476BAF765EEEECBED9DD3A3A3ED99C93200BAB082454C008220EE7E757964E90B9EF0EA4CF83E7AD8F8F92FD0F0C829FF9172B310FC027E3E1F6E1D3978F087722B997774F66CD89722693C996AB0193DD6E37C6E371
311
47985560533E574FA552D172DE648A13FBF65B3CD8B2B88E732B4B4BCF2087D7C74F8F5EBC80597677B776C187B4A3A3E3C32502851262C7CD9C9C0405A212D08A9B8F5FEC3EC2E810EFE118BBF0EF4DDFBFFA7D0DECBF1AF26F669EF97FF5EEE060FDE1D6E18CAB9A65A6AB010077592C660F2BFEACF913DFF57888F91BED
311
81623D15CBE48A89BC296030381C661DB90013B3B32BB0C5EADEB3C3D70F1E3C78FEF4E9D1D3A74F5F483B7EFC6C7BA585A6958CA2C1D14945055802B7E79656D103E272DFFCFDE2C6D2C4C0F7BF3AE28FFFC0C760334DE817BF6470667EE939CEEFFAA39DBDDB3A13549F4BD81D7E0B1E1BB90EF2C783A0C0CB0FC9106FFD
311
0E7BA25E4965322C7694F38180C161B10493B6C6E8E802ACBD7972B2BA473B7CFCF801BF7BAF0F57F1081660725B4D87B8257584B525A8001278F6FA6807A71BB57363F1E1D2C4FFB218B001BF30406B76FB0131EF9D27ABA3E652B6504E18E27E8F000CB45F0465DA2D7E9AC5E2F18013F586D9E2FA5322978AA6B29942BD
311
9E2BB1FC69F407BD58B5032D8209C885A5936D10F1ECE4E4E4D9C9365ED0EC64C346E2885527E933A370C2ECECDCC23C62F0C9F2BD35426E376E2C6EE1187CFC0CFFED9F64ED0BAA1C68E0FF3C38DA7FF95F4B938666B652B4BB616CC0E4CF6371F9DD6EC79FECF600CBBF7A9106C6B8C5CF9BD004383054B3A9480A4AC836
311
CBF544C0EE70F98341E89C6C0ACDF25DDADCC4F25BDABC3DD71A1D1D487B5929D19136220147C9299B9DBB7DF2FABF76D6EF29CFE3C6DAF1C4C0DF0ED6477F83756006FEAF8900DC7B7EF4F464D455CE34AB76B7CCFD9740FFD6E5321AFF12C8D70B954A2AEA43264652BE4AA1502D050C6E3F82E1AF41B3FF4FC5AC2FEA8B
311
81844AA6582FEAC361B79FF5D31A933C3143381451C74423FAC4DB94A028AC94B47E031588438851B0F4ECC193E5BBB7EE2B87E360E97FD329B04E12A40401A3B7B71F1F9FB43C896C361F067CF397CCBEE5EBB8D1942F6701AD920F90F4E3329B09E038ECA56A3D1AAB348BFA3FBA3FFF5292A38C898ACFE9F4F97CD14C21
311
4B3E8429EC7079CC1EB24230AE713224610E4CA36EADC9BF0A3759A00288401305ADDBDB785FEFB4D0D3D59B0F3F4A177E8C78FB753AB011FE63D17F60746EE9193ADF54CFB6671FA0BE7618EDA56626962A9B1C165D5A568775447074F2ABF3F81D816AB692C9E98D163342D1E2C857223E670414602B14726402388C2E3F
311
6F911D444A847899B25A08F9B35C1A77BB11AEC207039247373BB774F8FCE5FADDC51BB2EA70F5E6D164EDD786FE5BC097CFFECCE7B10058AB4003CC6E6E6E4E58729966C0C1C844D7F9E3F6402116AB940D9E9FE0910FB25E253FCC62C8A5BEAD140D710F82D2122EC722916E67C4190507D9267A41E8C0EF4926755EABEE
311
1BB208052A726BFC6E924BE2FECF2D220A500883A338857B5B0FF1BFB5E0E3DAF6C4A572F067A0F835649DBD7FEE0BB4CB0161005BAD41F47FE17B53B61920A34B81EF8A1B4A99683467306B71BBB3EFB8789534878BA9682EE0401A98FD8666B4CBD915E98E4453A96CB68E6EB41BDC6E8FCB92F498C9AB20B302912AA955
311
2450A8243A73322954303AB8C0B2EB1B0940A9E0FBD557F3FF3BEB45E9D119529ED22401CC4E58F295A65E0813C90EF8F94CC457B5584905BC08B1BCBA78CB6B096753F580E30B73D0E3C8A7BABB9DCE4824224AA1D0AC622B223ADCCA5A447DFA5DA4D5614EA249581230BABF0631C809965E450ABC22FEAE91C0FDA3D153
311
26B8D8DB87A3F91BEED80880D66CB6F4C4EC44CD9DCB548D7E8B58387E37B3DF152D7910601F50FEA5DD25FDC566CEEE82E1FDF642C4D9D5E5A4C13E953A4972284E72445C244DBADC9251E970848D6172294D7683D1818D893E600AF0C29E620D620AA868E3DDCDC17F20E01D200626914AB4D1D1B421570820CD44EF7F6D
311
0C149CCE9C65B035FA7163B0D60607BEB7040AA530FADFE3C8C5404137BF91281612C98224D0C10A86B8D1118FFF600C3B54DE909EC541F2EB8C71B7070CD8D233B39BAF9F3CBA770B12100CDCDC99FCC733416D664652176A8D74D2D46C06E216541FC2DD5E8FF5561CE9D9F9858F3349AD0324C15A6D4937B9A10E30E80A
311
54221040B7331489C4A229C9132C2512624141F9E24AA904B2443E51CC274C263119CCDE1F31476E3F7BFA661D312824F0BB2BB79EFDC38D01EBCC0CC1683820ED0D6473069724387BFCC64033E44C784789D67C1411A2E889A39324AEF35A12CDBADEEFFDD262AF6313080974397DB10C5653595090205F8C34E2809ECC4A
311
019F4CC2622981751187F374C9C1C995BD2DD621D422DCEF7E7775A7F51BECC18F23D50EE5B79F6B300069FFB69A39512893BE07F55BFCE152ACABE01E98255CD3BA5413BDF7253A6C1922793FA114CDFEB8A99E29C6F92263392528E8EEEE8A44C4786C921755CC17217A7E491C4C544B65AD714FBC4D17C9C48D859317BB
311
EB1A0FB0F6786BF51FEC17DB589221DF396DF5E70B450386FF97E4F0D8EBDDBD65EF041EDAFCC2C760D53A2039449202E4C51492D049AC60B4783DF162260A1F743BBB23988710411346A8E6CBA4049034588259AAF572B349C21419D57850B85D49DDC4ED55484056E2E0014860F43790C0FBF3F211AFF18148DA4DA7CD89
311
66298CD96AFEC2EFD017424EBD75066F766E6EF223104022C544DB4822E9C194CFC6107C8580FF2BB3BB948DF922DDDDDD21EC22672A93CD1648972535084AC84956390983A44E2220AA456564BB2DDE81C1CD076F36C4211004FCEEE6E147F1E047807AE9476AA83EDBF7E42DE99B25B17EBEF460CC66FA5371E4B1C4AA66
311
4FF5F0A5FFAEDD1C981CAD614849EAF4E76E43318BB7E4C30428B982C178A2908A46C1002DE2139558A0A92C417900FE260EB438D1E40A054C3F602B24D393DB5BAFEEDD57C61024B07E660BBC3F868F989CF7FFE5F4B5F6BF44811B62D707FFD22C0AFC9E2FFCC67CAA3FEBC62894D5DB85990FFBF8E00E49B42A779CCC79
311
0B966353C07746BA53CD1C1870E3406678ADAC029F8F101A28A8D7015B72E99B856C335B28549A4D0CC61CFB0AECF8DFC9D1DB2F840494290009BC7E4F117C308053A02EBBF8E54F0FB420009DD763A8970DB8785F9AFD8E52AC2FE36A68F33FF7112218E52D9164D939F0A5C7114E6453103DCDE70CA50AE2369ACA8558D4
311
A72C02142228C8D20A0581B9522F34B3A96C456E64A10B88C06E70986D33272FCEA4C09577AD8F53C49781FF2BF74405A2B882E11C061CD63FF45F8AF665DDAC8A4BA4F2520278EF2B31DFF024C91EFF5EE77D1B47FEC562315F342A28883ABBB36EB3D9AD2FD6B3510481F807E22803315400D008C542364580A18270E055
311
BD2E06A3C11DB4CE1FEEAEAF9D4A81D5F748E0BD21FCE2CBCB09A073572420087054EB81B8047EFCF192AFBFE0694CAA40EDDCECAF3BE4D84F346DEF84C76D4F3433D1181CF0AD3802DD91EE50C5680EBA4CC55C050F91862010C3508BAEA7809C80AB6A59210C9404182002E919FC6F0C62A50A118357F75B7F03067E093D
311
AC83D448D2712572E2FE04BFF4BB03BEE1ECDB4115A956B95CBF6A03C86630E65F76CE981D86443DC3FCD3801503C08901907278C140295788FAC42090BB600049C0CA0218484130990C18A1551005A883843EECD7CDAC1E2DDFD312D23007B727FE31AB85B5591660BC7E5333E140009A3DEE44AA2FF387066B5634C9E723
311
EBFF971BC18DF6FC073DF84E04C863D1A84F222260007801B812F79ADD76E249E806318A0818C108299FA84A899E81019E042760002D89DF640FFBD3737B2FD7D7C42380046E6CB15ED9A1DA5F1ED06F7A170950B326715B3403C0E3B2577ABADD03A380AEC09F9CF935E163955D706C1894D4D7B82151CE123B50EC0F9CA2
311
F842BDB4AC1BD7C81E28175229A1091C240844E983A8821D09092AD40D118E6229E9DD66DBCAF18E4446C416B8B23CD960A8BF09B88FF9707A61229DF4C64B44BF084F9A5D867A6FAF498202AAB1FBF9572D1042791880D87F508F017D974A7DEB63F61100CC7E6FA82B14EA09F5440A2ECC4343A0D8CC40025D1A06A2CE68
311
2C02BBC4840784268410628A0810040993C33BB1FD0263409CC2DF5D59DC5B820B3E06A6CB3F7339EEAC33B89A220054F8CB627114BBFA033F0AFC92D32BC9CDBFC20156B5794CF8DFEC37EA4B10B9D0BFB07EB7C01E62FE7B8406BAAA16AFC240415C83EE2E610327C6820F0A806084636019A8403080BD8C3280067E5C38
311
7C8226504EE1D537CF7656FFEEA9333536B5782D867A5E2C20B3C51188F4D6BDD0FF29FCBF1207B0B2BA89FC478B785C7FD21773CC3FE4CFAFD0BEB49EDEDEFE9EBE91FE5E67C212F44303554503BC8D684050FA2238492A6E04D928C9F0AD928E5804C57CD852FB6F9880D890C405EE6D1F1C2CFD2C062E9BE0CBEE5D240F
311
54C080D50C031808DA8ABD8200C40068CFBE64F85FC60167DFCB52B2EC8295E8A6C38EAA97E5021C5F67A8172AA7F5F5007DCFD0D050FF506FC68E8AC548AA1662E8021529C23B22762CF32F8A41E90DE487A61F709CAB09986069EBD1BDFB5A60E4C5FEFDF5DB1F2C159D8DE6226CBFFE8AFF4CCF8EFEE4C54C0BC4819FD4
311
F57AA8CB4E7E544B950190CCFE5F1181ACE7B0E78BF446C81FC0E06E26BC7F6868786A64ACAFAF6F841FD546FAC6467A2A0842360C25908431251D850B98F65004139108325C2166025C0127C8DA52AEA88FDB661F630EA9D8D0D587DB8B371EB62E8F0E7D141A4E3F747A318892B3184B250981600115BBFAF24805D548DF
311
90BDB1BF600458D32CF6C89EB7AF5C0E532ED605C053C36353E3E363D3E3E3D7AF8FDF191B1F1F9F9A1E1EEB1B1B032543BE9285C53387D2869188462232F39003E6A1884CC50A5082A202092517C396C6DC8397078446E081B5ED57376E6EFD2C137C38E5A7706A6F5D78A9BD6086BDFE44D144080C196EF24D652D944200
311
0502BE6CF399F8F05B4FEF20FF64237CD018C8A5BAFA87FBBABA4251BCBC622115E982F57BA6A740C6F83550313E3C32363DD697D19BD964EB30E5ABF8CA60A03B24AA020C083FA0192103694205621D602457F50EEBE8D2D1A37B8B1221BEFFF4F5FDAB8B7BA762E90240A7C32252FD736FB43F73F6366E90CEF2A7624249
311
406C81A12E3B5B03057AE65EDACF39A1F215B6095289D26653C6D7DBD3D353740FB4C8749A9D48BAEC752C3E5FB407ED373432323C761D14F0333D16CA3ACC5F7CCE0EF33C56B1227905BD528B104148AC2685048D060824D78B26B76DE17077195DC832D1ABD99D1B57D737953D7406C539D02FBBFC850F5A475B69AF2BC1
311
EAAF38C1F18073A49EA4FCC9284D80170CFCFC7FE3FF4EA4BDA64C6F7F6F4F71746F6BFFC9D3BDFF9EF098CA159F0FAD27C28F3632D4070E86A7C7EF5CBF7E6DDC57F27FE5F93A1EB617F18EC51A9016EA0E299581D650AF05059A7AC433C8250CDEC6FCF3971BB7244B7563E1F0E0EAD5E5D1BF973D6423D86D311603AC5D
311
7ADE5AC29521A7BBA1C05708207F6562F49C19781117C03FA833547A7B53C167FBEF3696B7F66AAE72C1D7DDDBDBD7DFDFDFD7C7AF346880C7A1A191E1A9F13BD7C69B091103D88B2554019A005341E63FE40C75F5082E140E3451281681D04020EE9D5825710A26B8B2B63AF1F4FE959BCF2F15CD17C7F7FE92CD65B4A11B
311
586878DD0191004200D5101210D035E825E38976FAADA717DA37C1FFBA70BDDB177CFDF060EDE0D1D3196336D4D3D3CFBC431080D18B050438DCEBE1565F8F2061787ABAAF6CC4DD76C5118415C2036D5B8199EF8610BA7B2102510F9080D20698445956561DB6993D980063E0FE51637EFDC6955B271DA7E0C2A82EBC3803
311
F8E76F5B27276D1E632960440578FCF6D470CC8359A3285F014F02D399E579F16BD28303EE5C77CCF6F4EEE2DAFAD67F5BEA4E3841ECBDAE6E5FAAA27646E754C4876860971883200725313256095042020C9848A889623128A21744F1CFDAFC87C44AC42ED02CE32C0BAB26FFE0DC839D0DD9A5F672E2A7D55B5788919EA3
311
CC33507FEB557A61D0EBD797340270977AFA4C69F4BA3405BFD43BF9997E6C8D6429164B1FDDBBBFF870F5AF555FA8BFA737D4ED8B656501D01066F94F9A5B1A390545FC633110B010FABACA7F345BDEFA4935D02C427116841314B908C9F42A4FA9AD0B7C7C65A11C307A174E0810FEFEC68D770BD6C64B28E14187047E2B
311
CC173E3F389BF61813893F21013C1E436638EB11F8015EC21BDA3EC1CBAD00AB355C883576D76E2EBE5B3544985EA6DE97ADEA59E1943439CB17E43C90F8E02183E82D976C1B3704881276C110BDCD8074874D6C52BA105F111928902BC7014C4044CA4F109B2812157AAAEADDB6D683FD771803F796ACAE93B52B570E16CE
311
68F3024CBFE505168FCEAF470290FCE57197FAFBF53FC9EE287C5B698284C6452BE0940B5C856C639FFCF18DE7EE18C40DF49972224C3C1F902D1E970B316F3084590535B2E2C992A7E0C21FD7170BD807CEA2C9E387098CE8C2148481F80368E19E5E5805C1A198428C020401DA2006068A0E2FC6C0C3BBB76E2C3EAF193D
311
FB37AFDCD89ABC7C6E7E0501A720C8E7D2AD89AFE2127DF37BBEB0FC0909E01798819C040E69F2F4E1F7E1F6E833A6A7B76EDCB8F7C25F604EBB2299FA7761D2A8A4888CE34FFA523557CAE6545003F22D63CDE98DC6AF050D2E87BE9C71168A6E3E4A72210849B1748AFC176F51A1401E95225034D09684191255FCBA85C7
311
2C94DCBFFFA4E1AAB636AE5CB9B5F4B733C140ABF67938AF67551A922CF50E25AC0AE80EF8922D77D97A80A7EE6BBDBB79636D6B30DFCBE4470A7903A91FA4CD19ED65C29B02B32941CD0803CBFE806E372512B92ABE2DA25630142827F42407586002CC21152665FE455BF0A010002F40058A04400134502994ED1EDBD2D1
311
CBF5C59B8F16742513AAF0CAABFF19099C9FD10938C09437B93F6738E1CA70242EA14DC03E6D2C749EFFBC76EDA8E45FAF5DBDB1BC92EBEAEF0D4533E24630B96E53512DFD920DE4274B542A6CC85223FBE5759ECF5D06638205415269E5930EBB2C19C204FA92C4066002091A080E047E4D1A6ABA90C5349A2F952DEBE33A
311
98E0D5BD9BEF566CA69C67FDCA95FB8F3F700B3F1CEC0777CEB3807572D06C4CE88D10AFC515E81D2A92AFF85E3B17866DFF67321C33EEDFBCBA78E48F32D40829536EE6352E09C33953C96ED649692DF2FF541D31927EF849830EF6C77AFCA66A91200FC4E2B6ABB5E7B82190434BA2FE015A21000CF02B02513511033462
311
E860C03231FF7A77E3FEC152CDD3FCEE3524F070F66754D40750FFCC8DDA42DA629711C101F1DC70C8410E8824C9F12BA5CF688D3333A8FD1DE6406AF6DDD5AB6B2709AC1D672C8706258894278487AEB2E8D85FB8B030F9419D30EAA95140AB66F51860FBBCC11FB4BBA49A067E610963000C84B083C454E8E14114C2A939
311
A41010F15552B984D13CB1F9FCE1AD83BDB4AE9AB3BEBB7265F1F072BFF867C0FDF0F6E064D215D04B0AEC171E6364AC105460B7815748F820081BCC97B7EF5DBDB9BE9983F9A3CD046CED72999AF56CC9E4D791F7D75A986B75CCF436C99CA3399060B584C90D70C4098D2005208162DB22164B083BB25F90D01183C20648
311
027E61825CC06D9D5DDDBFB7F6B8E10D14128F85047EB335746E3058CA33A3664720404E067391EF1FD2931CA16A03090D083190307911C55673A9B47BF3C6FDFD64A6A7D719238D00594E7E72255848000020004944415460336FF74B392088BFF501CD9C473CEB67048FB08CEC76093F111C61A9A0420489A68C45719F44
311
0AF05A41AF3D8824240FD3E069AC1C6FDC3DAE59ED95A675F9541168507560EB3C9FEFF7F26B5BABF6D640523772C963CC0E77BB191CECDAFE930B1070E15F83D530CEE8DA0B03438C648B61BFC5652F559A7593DBEC4DA765FE5B172A405C3616ABB596F61AAA7A968A60022A0714F18B951314C27B840484086001CD1A92
311
F957D15330805B989C5CDDB9B735982CDA3379A4C08D9D7332EAC2487FFE851A93263B6A2DABCBCE0294880053D770998C6681DFA650C0234C3038703E09CE53343CB971E3602947943B92D5633E8573ACEF258C1E3399C008BFF90BCB979781AF06662584F23640085E4981623D16C5F8151210044003E8164D0820008404
311
44234662A41799DCE9B9DD83DD516B96CD0B5EA4C0DA6FB205DE1FD0C44C30AE4704B0FDC15FEAEB3721AD6DFF1F694282079A5080B665A7FD8FDEBC61EBE68D83051CE0EE588E450497BD90CD15F1A4C8686173C4E4DC87D6E9FB7DB667C6D61870FFD14321199102241F8B35441367127741D3841A0F280C4004444E33A4
311
6E7826F6D6F75BB65C2E9F0908091CFD52C0EE22197C389409946080AA6EB0403C3BE6B4FCA46A606AD06B8F8280D3FF4BEA735B8B37EE2DD57B91FE124376E7095A92D1E2F204C90D9A6019E9E34D336B3A68200BCF63F903067193CC6A3C0210A02228A20CDA424091805087F8C8D1662EE0B76E3EDC9AB50542FA4A36B9
311
417CE417C5E0E9D82FA2A2FDCA3A93F61B48E777E3ADD843E3393319123F499A14C077A8E0DCA6AD64B8BC75FFC6DA52BD2B14C9140DA4CD1733F542D164777D4D7A271B4C5A0B9798CD177B3E3FA0A49D344229A8646727928A0F32F102BBD203C80040563A50A264284952CC48DC3758669FECCFDADC63F55CCABE75F3CA
311
E2B38F47FAD958B471A41101263D08409107FA87F23F8200F2BB80FD1B8D0F30E3CEEDDB73941F2CDE58DBCBF5877CA92A89DFF666D657A9E6C3C20010C0E82FC27F99DB12376862D06862B7515433062566205200A358893EC18012028A047CD966C2553BDE5F497B8662FF2F969BBB77F5EA9B5FD43A6730ABF0D0F909D0
311
E96AA3C9B83EF08332CCCA63BD0E29012D0460B57DF34D8706CE84ACA5B4BA7673ED4115F11F2B875DEE04191015D49FCAE8B2D5100033E77BBB2C1C7531526B351B10025F1218B0977299A8C445245CA05020B1050D03D8C14A0A8852703AC529322F3D5DB27A7B7B49DC773FBC71F560FE54519D82777AA14624AFD49D8B
311
B775BAC109B351FF5D38FE35965C6A3863D1D908268301C505204278E11401DEC4CABD1BB75EE47B7B23B1DC0F6E378E6C2A5BC8EB71763F170260EFE305B3F4FDCE2E2247BD4AEA5D6C434111600CB1C9064B100EE81F9268A208813304080F28B5E08C567279E3E683CDB4D5399E29F8CA27F7AFDE7F7DCE21F8D95E2F7D
311
63A2E11119E8C69809F44CE575BAEFBFFF5E012FF6BB34EB37B5D390B0C1FBEEFEADE781DE9EEE14CAC8952FB0F647529F010622B7170DB03078098C97DF6A8FC6EA0ACB062C4C01160B594E24260205482455E80012101920AE904602621938A3CDAA71F2F94ACD9AF9A4379729E8DE1122638DE012F8CEDD92F7CFBDEC0C
311
CA3A5343069AB0033FF717FB464C49F531C507C0AFA1A0D661304BE2F9E2E26E98D86DB41288BB03F58C8FF84F3EE088BBDE06D9EA32337B39039CF5DBB96A3FF3040F482E3ED6A03D91CB2A6B30040D00FF109680AC2C6AF0CBA22132102D41BE75A69EF8EBE15C5A57F8F43A6BD0A607F7E1815F95BDC202AADFCE20140E
311
AC334A068A16741746BA8CEC5F101660FAE54F5040DE685BC47AF3B3078BCB696257D166DEE166E38C33E6ACE7123F4872B797F4E8D9F7F3082F74A5F5D7C17CE7D91A34918ECF1EAB7898AC09E513125804018A0434292804C0D22134A078A01BEFAB69D96EA5D3856B7762595F76F2E0EAADD573E6FA87604A6F678339BB
311
221A34EA759BF4B080EB6B476C3AE667CB8B204A6BDF48657C9481C602C9B0EBE1E2BDA5688F33CA2E82B83E1323F12B96CB7F07FF7CC126A0C1D159F9E019A99DEFA703EF25CF7637084008A007582581D391020A7C650B290A90F5112DBB503040C279256758994D5BAB9F5DF39523BE3FEFDCBCBFD5D6D55AA71FD935A3
311
494F041D684110E03285C69AEC56E1661B031A15B08147A3004BF5C1BD5B5B7AFA4FE5EC717D3D9BE9210816C8B3779CDC7608605208E07400E7C7A0AE2F8AFF534C58DD8E2F41802C1797EA24130320A6406FFF904841718864A958E50F20064447D09CBEACBE01C4894F3EED6329BABA7AEBE6AB4B9288CF0FA1D35FE71E
311
CFEAB2810C3411BD218A9B1F19C97F05020405BAEF59F29338865845696400E9A3F9C6F2AD4769676F249A0DC4EDB94C069D152DEA89A49054AE6C8056E7DB3BBD9D3EFF0CF0F2BED562625389D842612D2ED2250BAA6A3D0904F428212804A02840430EC1D74AC9C66A7CE0DAB56BE4D4146636EEBF9BBCD416BA38A2F62B
311
9E4EEF37063C463D14F087AFDDF5A95038C82E26ED5D8D0914116832201C3FBEBB719BC42961004795644E6CF35CF92FE13F92009AC40B9859185500C9C36F69C980E52B48E073C284DA4AA1284264A0F208A10771007CBE6F25D94E0901518E9168C1CB080DD73FFDA437E5F4195FFEFE605B6A919D01F6FE084E213E7D43
311
BBD3485BC2820036EE64A77C46AF9792A78A064E0501C250B480A77C7BF9DE8B00C84F35F5E1522523A97E3176491205171D7826023FECEAB4CFF317DAC7E491B8901721408C90CC3ABE1516D0A4A0F080F8C3AC0D916E05069425A054432463648761FCCEA79FF6C79CDD89D7B76E1D0F9CDA42E7BB39BD56FDBD37367038
311
61450BAACDF0C6E8982FCE2E70618264FBDF1419E86C6264982C4F0E7692DDBD2CD154C37A76D01748ECCA16D923FF35FBA2F8CC44EBE336537446743616A3430AACAA8542524B9D84067189650DB10F5B10B5276BC49230232944D842BC2B8A28ECD2E9DCD73EFBF40EB1B44A6D63717FE29C1EA093B3EFEFF478EEF9141B
311
D6419DCB1EF84EB480BD67AA405DE820FBF88404E05A3E258F9C9C60D59973F3AF9657523D2C7B41004556EA3224BE67AB011428FBA55195330B4228A7CC7ED1EE970E55A7671F687F3D4F6EA3ECC46753A62191AB48EA188640BF2C26C3054201923D44535240920DB110D97953329A6DE6A94F3FF9C4190DF9C2BBB75E2D
311
748CC1D33168106BFD76FA57C3E8DC6273DE20690C94BB37BAE3899EE11C1A39A9F6326A1F6F7FEE271060D7BF58DEB21300CC544A6CA128149BACF3A59A0493FD6C96D67D334042D5792B58A1EF1CCA4F2FCFBDD1FE7AABDF640E7E253C6020BD8864FA6E0151D6D6355B1060B5AC39D2AE889A4100A21F2375BD59179CFE
311
5484407724F7F8607D452B5B7C0ADC6997EAE25CBFDA1BDAE758DC74B3FFDD148EC74B7DC3791C332101E1811FE563EDFF6A5883D5DAFE9B5604E1936A9AECA502DB5A30DC7D754AE4B3A28C1B509B989DD330AF7DF1CF0CA3330FEAA3ED6FB75AEC9EAF080DB2A2220860A998908018C3E2108810400D0A052812102B4121
311
A0BB50B4E8BC23D73EFB6C28D2D59D9D59DFD0A4A006DDA58FEF8D091AE5CE8037AECF07F43F381CE5E19E84078DEC451026933F9E7E3AA9FBBE6135EA9FBD3C32767591B253A6E8658E6AD0F801B1B25EDCC0A00E1D303AAB29C10F312DCC2000F3C78F7CEF39F690FBC1120E21A9597884AC11F97C62EF31FB2203986A0C
311
01EC0085019575281123320EBB6255C78FC9BECF3EFD740CC91031EF6C9C742C56E9EF520CB4EF5F78334D3C8C1D4AAC5E66C77B0CEC59E5D79BFC319954151D1419FCA81B489683CF7757307C62B1EC77A652A91828179B296796D53E165455518099858B0BA86763B8D0DF3919A08D513042D218C9B9B23B310F63495C48
311
C097A442F40042000A90D4594840A4A030083888D55D50C067D73EBDD3DB15F2995EBC7B40A59533F49FF5DAB952B87F0F31565DFAABB89C826032DA33E3BD6136319BBD5F6A72802DDD49FE746C6DAF99730B5B2FC21040CC573791069BC7716992E8CF16718C2074408D4D159A237836BB9D8ECFF529B7CEDD6E5F5AFFE2
311
46F8AAC820FE508C743199E5913E6C4158208437C4BAA0C24054D268440AF6F777C58A6E9D79EA93CF3EB9D64F9CA47CF2EA85541D3BF7ED67FD9EBB79EE521B8A2DE8D097D89F143644A6BBEC7E9607D9288D18504DA79142D26AB79C6CCDA77A9CE4B1971379567D29855D60A18AA4224E06609BAFC4024FD70F3B709D8D
311
A073C53B1F8C009A30E010620BB29ACEEA02A24E142129A5F000332DA6600701588398029274DADF13CD39749EE14F3EF9ECD32178A6527BB935CA62C38576495F9DFE3B23495A838EEFA865AC0FEB9DE3CE306B23442760024D0EC0088208AFA56E7BFDC0181202C8B2B649911C7D807D2F993A3514B00293D47F99989550
311
C8698FED8B33AAEBDCB830C0F6E7AD86EF3C8A02FE10D6CB46020C3EB53A04058821207A506D2648A53473983779C3D73482804F69C32CAB463C4F8F666A9A29A4F5753A96769767DCA16EF0B6106BD2CAAA1024AD370542D33ECAE3C003410FE077884064A2B96458395E28F492D32D2BD485665956BA2BDF56AA94D5E003
311
041029377566069D81AD75753694B3ABF6A8E4C9AA0BCBEA805A1E90548128C9444A0D4001B040AF040424959C26D421E92588C8DEEE4A5C6719430D7E360D5F74DB579FCFD9588EA38B4B7B39D7E185CBB4399EE0908B800104C43087DE7AB005A809D469521DC85F4E3E3B743943B2AD833C8D66339130E5136C072A49F9
311
106FF27B590E996D5DF8DEF32F644C32286D6C4A29745EA88F59E3458C29850013DB088402088DABEC6289892867A08D00769E22044447F6479A0EAB67EC934F3FF9F4BA84899AF3C72BE2B569ADF3AC9041E7A7AFDB43697F4C5E798C790E81C9EBAB3D5319227B7ECB5BF3975214496100471D04188BA38FE7723DDDE479
311
B134E3A3360415B0F15CB37907316D55F1020474F6149EEB8B6EDAAF2EDE3CBDAFDDB6BAD95489EC9174199689D5FA880A8A891014432012F95636D26814802D2CF1A27E67C5A133DE81003EBD3642A4A832F978DEDAB1054FE1938B8B43387BA5AEAC6447E539FE261FA8F68D158C2E17769D940212B8E50F372D68CEDBE7
311
4E8211DCE0083A1917B88219C07E984836416631BE935A105B782F1A76DAF1B9C1D0A5D63F8F108276CD24B8EA5A6054E94132053AA9E69A10400DA07E350C2004A0005860A8AF3BE3B6BAAF7DF2E9679F7DD24F14C56739B9AD9C9673FD757A78EFB94D10F2C40AA5279CA7AC7FB1541F9ACE12155035D0980D00D71A13D3
311
B4CC2D890EF449B8B2B7BF3BCB56E702C534B2F93815A290818A0526DEB36F34E4D387D6DF29F0A78077460A02727FA44BB54458420FB2B756AC3D71873086351650085052106F40520D87BAB271ABE31A14F0C92723A4147699E6160047F5DAC16CA707F5DCB9D9E1466E72AB91F63838EA85EDCBD9E1F12C951B2001BF59
311
F68C8936104498CDF1A26E6E348BFF159151F5F784624D89DF763B0B01D95EA75100C1000568BB1BAD6BD5577B14E7DF387F2DE370E5C26A8D9474A1045B4DA000E50E89100401620B8B10D478002B092908024259B7D5308E08F8E4FA08FE5357A231CA426EBBB7F39D9EEB4D9B0B05B9DCE56523FD369C67EB6E2E57191E
311
6A86E58824C9EF43179C35BD7E60DEE3C30D70E2A30D0DF7F74572EC7E25340C02888549BD13898668F1C0B30168FD767AEF3CB7A951BDE4417EAD567FD620F5662CEE380B64D914C6B036C90A015A4444368FB0098768813204900EA182DF66F8F45308E0D3915EFC874292A5BC9AFAFED3CE14909D07AD6BBAD3C6A83D35
311
6A66F6376741406A64AC40F93B07C99D92CD2738901F8695734FCC84BB43BE68574FDFF0C8C8506FB499652DBFA7BBA0F65779150BB4C34167F0BF77A5BA3BD7B55C76FE74EE8A09752229845040567693296740F480B0C029058001D183C21F4350C05B9B1E02A05DEF8A74F5A6CCC1B40D43A0DDC97BFD9F7BA97DA0FD31
311
10602CE1DC170ABEB1A9823DCC315992E329F07BCC6FC53236C7ABE6D17435D4050790EA3D3234D6D795C9FA48677466134692AB1509B0BD50538367DFDEE135EE7490AE8D427DA4438C8207AB3B1560573132C02DBB0DC5DC1143A08F908078C41A021405600888378010ECEB0D55CDB62AE1005030DCD3DDDD1331E9BC82
311
804E6FAA5F6D3867FDCA4DED55FB716000255790CDCBBEB1B12CD9BD88010D03A0E00B4501E15272C21C632DC449C6FBF0F0D4D4B033C3D688A1DE6EC90DF260C389373C3A7B496D85765FA7C09EEFBB730D72ACC6548242652204C389FF271181884C720F1CA0284045444ED58092908887EE84F79B8A8880CFAE8D1320A1
311
C689DB6CD556474EBFFB14D6D391C89DCEDBC27DB5341450CF162A19E7D058C5CE39580E85012A042A59000BE8F5B65ABC1B25D8D53F32323236353DD4E58C8947D2954D846587911CB1559B991D957956DFDD06B8D369FB9ED6B5BCB878860C9F26E5F00F0A01CA19C0161653504800354008949898D841942D3D3505E18E
311
8829F97DB7500091E15E899616D967AE8252D2D3CFB7CE70E4592A189A1DA8B46C25E51C9E4EE9296314060324780B1B2846F0948C691B8B01BE48A86F646C6C6C6A78B84B52FA581F2F4876AD580D2080B24B1D42D7E057FD28D7F07C8FE7D07F3A44ABCD9429499539C502556CE1484409FA7654B0230304011423C01010
311
2DD0E333EABC5D08005860BC5FFCA754C2A36B2FE376860284AAF7765FDAB5B88CEDBBB2EA158CE7290A9889768F8DC7A4889194F31273401AEAC06CA9BAAD3A44808F8D00ECF6981A1F1B61771BAF4211951E272490647D65F25C4C1CD2D27AB09EB7774E813F7D53CD0114A1C7B5B57CA18420CB63526142C585450D8A3F
311
2CE536342D20142032404CC154DC6A19F9E41A14F0E9785F37FF512145EF3D875846710A6D07E36737B8AA35A86A21E5717DA1E1291FA1A1BF18FE24B59DDCB25AFC5624A1AB64B199B1027CCE1EA4D2F4D4F4C808DDF9BA7AA986A4D78ACCA9A0F064C71992EA21D2D4ECF3DC4605506B57A7773A173A5B18930A27848262
311
A20625302C925EDC61F17A2425A08D0029470102C453E86DBAAC8E29A0070520C0170AC5BE8BEB346780AECEF7D6E9570D4B46D176476400B501AF3B91CDA462911E1040E996006200730004F8592F460918F31EAF3BC662144A1019383E35D58F4620464D553932FE1112F8433A6A3E1113BDD893EAAF3DDBF4C59B1DC2D0
311
46A2214708B258C98370D686D84E209620A1CF360F882588ABE7135B382386804200CEC0506FD19C0E6309630B5E1BEF4371F6F8CA9CD0742A5F2EE94B46D09996CE1024289A2F205F223DD363CE3207812207C2620FF8450CC09876BD5767728200413BBB21A7D8F9194965E5F4CCBCC982BBA00208249A6801910BC81710
311
3B53A190230F724386D219021F29674AD49E150A30E46101A933030F4002507AC70EE858424A0D9246D59D30DB4AD7A100F4E0B52110D0EFCCDA93C880B32F563D9CCD80F6527AD786A1BD262C1EA06045AABB7F6C3C42F11AA26354F2820BC41E2273CE1C3004BD260AFF2097FA86D001635308E00C9B42C22CA730F7D41C
311
C16D4A720C895A9B6B7F3D5FAE4DC1B9E174E6E4DC2D35069B997A9B6CD722DB16535842426C23135B0709D00E099DC900E52B8B3794B27F656B5EBB761D0EF8E47A0F05BAFA432936D60970A714AEBEFEEC81B7A46FDED65020AF519C7E3D6B3CA948FFD078A85995739EF452EC8F9C074800EBA4E4400C20F1B04D64AFD3
311
D8F0F450C85937B22C6336A277A0295652C0C3604BC504DB9DD08F9AE74EEFD271BB59B5C851FB0E9F4AFB0B9584ECB3E0C0524992C848DA34713F85004501C81C094488338025286B23FD3D38C3D6EC7554E0B54FAE5D1F520888E9BDE75840835675AAF5A50DA8732D6F70CDA28FFF2F4D024ECE9EE1F19094702A95582A
311
D4CA1D5AA88969C1E3B3E470C96132D10228C221E291961AA702582D3A8EDC63C738B103A943DBA12E0D52A50154378A2A4E3B960B66407B2DEFDB8C6529DA080780802A5B49D131C839F1F8545C1CAF0304C002882AE483F286FA4375BF55D77DE79A1282D7D9AD12EA0F45BF03011AE2CFBEFD5C47DC94A997BEDBEF73D1
311
B079A89417CB387B47A6FBD9A44C0527168A9435805882BF4B2E73B80002F0C2A1802976FE0E8752A560EB646F89140D397D6D001A48EAA8C42CB44517DA979F76A2DD14484F150397EAEDF647D9676917B3CBC5E98B244DCB2E3A4DD381031515556B635A89158205829D1E67DE620DF6B0095588605C64745FAF130A6843
311
A6BA530F176E9CBE688F91A7019B399C03BDBE9E91F1BE4C1D0C50D90C06179F000EF05A4A6E8F218B3186E9A358607A6CA4379AB06C7202C6EAE4CC0207E5703A20FE80ADD152E911F2D567D0B511A2DDD0265EAEF990108810027FE17AC104BF515B929C69D61CA92320304A380004848400544D11A505140242BD317BD0
311
16671FEE1DB664630A77FBBAFB7B227A8460FBEBD528A497D3A67AD55EA9EEE5817BB59AD951E6EB63C880A1A814FCA48ED9779489FE3308F078921E3D92294660525C90A1213860B82F1429DA96B676769E6F6E1E3EE020CD01A98B6D830734781450AA274D24CB98DA73CD5DD5B93CC95DF56CD3370BA41C2303D52642B2
311
9E580284CD95332819D36487C202A82A31055592404FA8E9F07E535522E0DA9D3BD77BA080FEFED8FB5A80EF3FD7DA107746D01E4BAD168C57A3910CAEDEF870248B1420E82D751E9182C880A427F1B9D198E9A1F4956881E1E16141802F90DCDE5F5E7EF9FAD98BADADE7875A4917CE211125AC3AD59EB54B05A8BAA1B020
311
58577D6BEF8A66B6679A3815D4281757A0C9D61172E510F4D49B504B63A485B153824DF4802F76802409444A7E9181D7A7AFA309EF8C0B029817138690FADA8BDA5EDD12842B6C688FED39A1B02F9B868B52C6A77768FA3A1440F926110352DB546A695056C865B0677A35044094A0A0B73BA54F2E6DADAFEF1C9D1CED3CDA
311
D95A9A49FFF823872DCF74148CEAA88D8BF6B5F44FD7F2DBC180361CABCD9DC8141DE27DC9C99BAC8E121475B2650801206600DEB0E60D56D0D6D4D7D1B224627AB335D935C57EFCEBD7EE7CA221A0DF67D26932E01CC1D149BB4FED49614161A93D201B86402216C9C4424353E3918C54359318A960803ACF5E9DD9C0AEFA
311
0ADE966201DCC1919E7E672A1F5CD95AE7AC89BDA3E5838D574F97E4AC5CF4C0371DE8045CD595F6A4185321407BAD614210C0A7A8B3D82CB25B0111801D942B54520223B1478500952020ABC352694B2C4159220F75D78DC19FE2FD5293010AB836D5138102FAA276ABA4CDB77B56F83DFF40AF6A7C0A7CA52DF8248640F2
311
737D8A787F1773DB2D15BCA85B438D474E8F802DFF9AB4185C067D147B5C8925715061C94AD1DF7AF1EA2E278DC831201B3B8792A0644D4F34A473F5ADAA63D5A35CA92ED5AD8B0F9284A5B3C4AB293DFCF6B5ECA30B506D4FA2C2A273A44109B23AEC232CCE16FA0C46A2C8806E5FC995B49AA6EE5097621C2D30455936D6
311
537D06ABE60DCA18DA78388F6B358EF6F0E4898FF0D8B07AEC5932FF9C443B7AA50238E1A13A85D0492027F5C56A0EBB7E2849381CAE4408B02CDBD5EBCBE4E2837B3B1B7797B79EBE3AB875EFD583B919EA279125233B65046C5AE7493D6B0FA05B50D17E473E23AFFC2E94004118F658B34C5917BF84B0B8C6028A036471
311
140AC06747414000E44B664C96A4B529F549A0813BD7A6245A31D4938AFFD48907B4FBE0E99C38683B02F29EF25B14B5E8289E136E4AF5A2FEE1E91E242DD5FCEA4DE2E47AFB9FDC1EAFCD6B74DB4DB2AD17C903598200F60964CA86E4CAFEFAC1FACBE3371C83B2B1B5A4EAFDD626D8642E78D5E0541856A97602ABD205EA
311
BD36EEB5275BD0ECA888126823A05041D0416E98C2AAA1059533882B94CDF09ECA148AD439BAE32BDF34E53840C1B5F19150341AEAEB2FB8D39226A4F5CBD38526A3921BF2A869276D3228938D1AF0B149BF87221F51540DB5FC9A52C9CF64707B408F319E28F9884CB737FF3334A7AF8C1FBC4269ABBB0F9FEEBEE318989D
311
0794E1D248A0DD7D67AAA5CF7312A03D3AEED2BB1A40DAE2B553BE16E71302084B9E1C4B63420188006507817AF22354F54D90A06480335A72419BDDD3D3180294A3F884100D42BC37674913125360CA637B0204E8F64F1B0732266585A851A66B5E573ED6CDAA07669E137B538880C23D09F286CC249191139E1719A02180
311
E8442486F76E364F1CEEDC3D78B48528B8756FF9789373C56DB601AC4201AC0DFEE9B342BCE8487103046EF519C9C6B482E1324B6C6E45002A289E22675E091C5C61EC400907284398529B084185818CDDC2923DB538A6A6284C7307675022B638C85AD56F85590D0FAA3BEDB28D724187FA53776588D40FD26748FEEA22DE
311
17C2DF000308428E8909FBCDB59941B75F5F8D628C30F5521223C49695AA3D699D9CD9DE5A3E58DF7AF164FDDEADF527DB94A326BEA43617494F6D38A527ED872BC140BBA98F8809604D9B5D0556D981DF1597A2322A24AACC0005BF7080CA91420B342B6A7510A3A80C07E88A63D7A7C7B103682320A0A7AF3BEF1D908591
311
76370A0DED17724B085184AEDC97D1A8499097EC64B51748417712EF200B309589A10A72E53C21DF64BAB5E0F93A518C890CA0013F7540336547BAB53239BFF7726363FFF8F59B83B58D977B2DB6D5C8E61ACE0C9039567FAA23D0C22BF9557F0A1F322CF59A04DC60205BB6FF41C9407652D629C186AE27EA87C8150290ED
311
019222847E6266C410F07D9B0DB8BCBAA0E2005103E37786BA64D126624F5215BEDD95F4DD6E5ACF3CCAA8D4537B10DA0BEB000590EAC015E91F9EEA97D0132C802A2CB10FCA3CD05AB1F813D59406BF60C0F96D2C577235E6B73767575E3C7CF7F0985A8F0720E0B6F44D9E801804C262AAA91EDAE073DD199B360C352354
311
9ECF65D87187EFEDC60E2C5254555B1B45E74883F414078812C866E14F982056365A8256471F55AA342138DD43DA7E5F5FCCAE53DBFC3B40AA919C8E43EE76429472A98D47069AAE7DE92E4ADDFB9EA1E97E093D49E5262181B0313931BF64B1E8AB5976356BADDB194DE5AA96C6ED677B2BF3CF9E3C7CB5B5BDB78F4DF860
311
6E420A32CB092AEAAB5577426574402292EA5C3023AFB829FDCAE75853703473FAB87802EEB83150A5A42AE110F1F83504C88E112D452A9BA9333269A46AE37E172945030308014CA305BBFBFB499838DBDEA6752C5DD28DF6A3FAE73C101985EABEF39986D79FF791FD11A2BC8D44FB9420A4869DDDE84FDF5E4D5B4CB92C
311
3A000450DD094A8915AA61DBCADEF1E1ED9507BB2FB74E365FBDE1C9270000200049444154736AD8F315FA86C3389743AD4E09B7C9F7B721956B3521CA0754DDABB19187526233B05A9225221A60655436216846474F7F484A0AE10BCB5135A9A63081C444729C5AA44B46894E49812E2C219400F5CB7A732E96C745D77F2F
311
004A6B77A946222390A610AF49046EF169B1052DA64C17481C199E26D68BCAA1C6A9E881B87974E9B0C191210582E0C08F4DCE60C88F35585B7B2F5E2FB5968E9F3C3D9C9FDFDB7AF2789E7810DF4EA50405AC02BF2D68641C6A28EA428D407B29C537C38542C2E1FA5AB4A06C9CC3E141029020A29AA44543008800541342
311
500EB092CC2C76E8B9FBA7A6418010C1B5617257427D4ECE7E1057A0DD571B03DA4B6EB7B1A1BA975772216299910E9025526047A6B3674A8C6A55D194428ED5BCDBDBD83E9EA3B218755F047E8682464A15CAFA606BF5E9F3EDD6E4D2EBA7AFE7D30BDBC7274443D4423959FCDA976BA4A60C23D50FB7A533198AEA9E9B2C
311
667BD976A997C538940025160BD8816C8D912C183040AE180440D959E26102B9D8C2D96C39EC675743694CE0BF8E25705D82E2442C7DA6A0ECECD03A50BD2898D59D0E524EC99FD1A9E1C8B37580D078D929960015CF7CDFCA2A548A43B2088B78274F8E37BD0E76F5A28C64FE990CDE221CDE587AFD7A7B5237B3B4FA78DE
311
66E6605A9BCE2F49E3220739354C2156F546372A6941012F83D1902E88201CF7953155495077851034E1B03C21F14ED00F1900FCA203B4FC2856EFB00431530B2C230693E6E894C6014202ECE1A1844FC58112687FBF90B8608297F22C975CF1AC38536D84529F90F7D812426034E0C39AEC22EADD8DC72D18C8D68B817872
311
76F5E99ECE4D66BC8840A646F2F5E4C031876EFE646F750EE3677E69C662E4C021CB9F0D863FF8098C507CA0714EC9D28588FBCEC0643C827469BAA4CE522ED48D7F56CB5014D72B352B145AC2EC44DB08F80A7E44400C1785E308440F64B3450E3DF026ED2C6310A1860C70067A7D506FA8CCBA9020802FD64057F0ABBE14
311
D6D54D850705B57C4EFDF2D4D0790C94D08FA208A743A440D3638C9A3D542DA26ED30B9BA55AA0EE8F5A9F11B794C061226C6E700651CBF6D55F75B3836C3A32998CF95CCE24CC69B551724110DDEE41EB975E94BCD16ECBCCE8D8971134B0E7CCE8FA82781822006D23D5F7E1006097221A204056C5A48250265B973AF4F5
311
0207D7C8F14555601F1E1F977A8DC840E68EC5E1B7D606473A68C06A58502FE486346DFAA5677E946652CF3241E974907A60CC7D68647A5816FE3804A452A806E2C189A5E3E3090F15B223C20330003639DEB2DE60F1DA66660674E6307592FD767DB55CE7700C2AF1E03F620ED550880ACD426CDA284E51A2A6880124CDC9
311
60B0C8E60B89074B3080452196280501E41E00BD68007103442DC9315514E6916005D60967393959A5450A8A08C00C8AB15A9D320425494C034AA656F52BC0F327DCC83D6D38C21D42953212D560DBA02BEF430F600D8FF422E7450F343104BC03F3274F47CDA62C99E19A0EC050CE964B264E914ADA1A358B43CF4110C0CF
311
B100590A6197F5F84F88811ABBEDA41BBE5E1021DDC9B3A27D2E041932246F42AC6029A64448DC6D2A15D83628192034F43F4D7384914854D3E3FBA5D436128020BC7D6898E82414800818EF477C39BB72F1241A48A055806910F3D89901FA141C74C6229F9481A9465E85C790EA727E1BE91B9BC6D845EC022735013EB74E
311
6E3F58F0860BE5945282EA0DC225F849048B74560266012288F5BA54C417315DD43B3C49C1C080980558461AB4DA9804EB320A410D15B8835E43BD90A7EC004B70A204F51455C315C60A00FE76292D21007104997F8E20209187624584EABF2A0C0FE1B9400338C4532203BB2284489427A050DD9E78E9101CA826571AB4EA
311
4A0D45DE50AF1A36B3A3297970FD63D37D31FC3D390686923D0E2F62FE24E82A44B352F113CC701FD2906A091EB83869A1547CBD522D48CC325360A6AAFA387B993856B0A14E6A6877A0D0205DC908D4BD015D5017E744113DC1D0B7A0408241AC0ACAD630E65F4DBF18C1E2076A318A665DCA3321982D5F7ABD8E10E12B68
311
00148C5F1F63237B249462FF88161307A64EB70A38F5A0665EA15F76C34A9347351972991E60F98B5D0712179BC2DA9553C1B08603C6E000C7A5263DF94C36254A502AE1737E62091BD19CE4BFD33AFF1F8BB932A40BCA9829821655B27DA0810136F5B5B3F755770AF64ECF9CB296260EC2511A100CEBCB620753552F47D4
311
9BA83F56A7227F25744400405D8AFAABC4A9D4C1555E923AF1DC8407A6B003C95FEBEE6E1A253D4466594DAAF01C7D0ADCDA696E8213F0AF868069AE9A764BFD438D9AD29206D40D0F7465440BD06DB964B00C2EAC3E9E30DBA9018D7042064AACA01C201E9294250596C52CECA0C37E27C91F62E578886C3900978A45684B
311
73D292B09C1A885CA88991500491500BA1D07251CA3690880402480F130E20188219A42140752842476AAC53649D050BEA35B114EBEE1D1E1A66A95EB4A02602BA235A7E8CEA43E8EC27FA1074A826F286D6061A9468BCCF0DC62682891201568BA32E3C807AED93F2CE84BDEACDBCDE6F6B2D3D9EF11AB1C3C5089259E658
311
C9BC3DEE977D62D4DA4BDB2CA66A813305D9D30EB52A1969779B7F148388126C244BA859E15124B07407777C43F9694B395BCFB3264E76013250B6CD12EFD09420F0AB5DF3CA09120B10E14799FD2AEBB60E6C802FCDF91ED6E8B003A6D08277C6D8CAEF735608126208B79B824AE65F83916741BABC1088056E198F3C6A13
311
C4218FE9A03F4FD23D7A60780C3C50E33A53A043A36EF0F6C982D7958BD531512147A6B85E2CD9FF2C056306382176B4A17319CA8568B497424FE24B23B0A82CF0055C40F6643A485D2134626760696B32692370EB35537AA090A00011CBCFD4AFF2BBC254998690D811A294805880F09C2A2BADD62A009FD50A501B0C7EF1
311
754416A8A6C6245F8760086650E4DB5C5C4A182998382409EE54D00A06DA3FF2BA3D0C385740978957B71001F06CF2F370965DA1620BF543028445880A058C5FA4276E2F05BF48149AB8A9E291489D6B8ABD43010D4ED2656D7450F735BB1C24920D05B1B33F5368C2A9C205E8028204130D6265690954A03721806F741832
311
0E447A890551C9C7F604A5081B9100D67D648BBC7C11B9BF7242A30A518AF2E31CA23C514A32724828657F9FA2FF71B0303EDE8719144925701095D815C0805B835C9BF9360E144E344B40885111823C2BEAE0A5D95D240DC2D74B0A40375D33D7F52A758683B5D6ACCE1B46C48B1BA0C2856881B84B95CC99996CB13A6C7D
311
6B2FCBB67795CE968A56A06D83CB9344192025A8CB6733EB0626441CA01AE4080BAFDFC084560D5F832595904C615129352FCBE22841BE48E61F648A3922B119EDDCA500BAC7FC95F7ADDFD787BD36323CC44AF5344A90D1FA9A768F575C41015E4C0C7916A1D3C6854281CA4B10FB44B02324A0FC77A102FE85D8B0D7628A
311
F5767FDB3D34263EB132859A45BBDDA59B58C0D8AB660AEC96E0B444444095F3635D6FA5681887E32ECCB626D21E538EE3229839EA0A0AEA72794E46093206B4012890C29C52948E7051D0FCD6EA0988FE33B9F01E5956971C618E23420462052A2B48C280A272E127E49F2C54C9693324B07186277B8C03B24629097B24AB
311
8C5F1FEE4130A5F252C44B11B4002DD02924F07C8605C18A002E44801A900F4000DA3DAE6B3A8FB1293CD08B3FC06A7106F38384114C3B0EA0347FA9CF60E88841C26C54F57A8783A09442C0DC1C6503D37E3B35219D622E6395C57025B188700E95778814A0261B2579D87FEB72C9E113B94289634CC831968810C7915161
311
938367D4A207F61606603B0C288B3475C43F27F0E9A5C681ECD1B5B82BA42BA2ADF105A6D083436CE68E66F57080E6090A980A090AF436F80A4E81B68302450D90A830A69449E1275D7B8B29208906435343A2F199482C6F5C951F0766BC41079E3A5ABE499DCC2269544637061F270AC1021CC0324959EA1F08E688C380AE
311
60E60AB207252E995F32CB40CAA933EC0B24259CADDAA420D8DDCA90C42350DBC621004241E819015FFB12997F6AAACB897479E0E7483EAA5EB3B3CAAFEFA754BF4A594509DC99EEEF8EB19D9F5381581795A6585B80D728414840A1449B6FA59510799D8FB6FF43DD18085AC2997EF221413062107F10EA138D17B48EEA48
311
9754FC88B9CFC13F0662582040EA86B5E404B2050EA7081A2929119509E42C9D4C335B666B1DC751ABB453BFE70F926D014150ABA0CE39D446969C403AB634F9451E555555F243E52816BE41D99C5895B2522DEBB4814480C3AD593C8200CCAE68DF70DF3049EBA20621801E2751EC00EC840ED0C00676015F01DE815ED0C0
311
6C032FA24171BD420177442B3216DEC51F705735121819EEC224610A9A90B2F16D7270D41C34C801605975F85389BD55168AC60C4E2220A10010C0F1F1498AF3B3AC234B77E23396393E511F9662AA7129A84B0C2399F4B025880D5A266350E905D491DCB4C40392184443030813417FCA0150F0CB998CC01FE0E45BF61672
311
F44FFFD0F0D018810B757EC13849019514516273123DA340D466570840E1419B7F610502969A94507A12ED2C7320FFA410C0634D8A6A936DA44880351839DF845D9290806EC2627697318EB9213BEC20467CC1C1414E9F687108A11CC3D79A184C5B0C89228BBBEC26138FA16AD7C7C338FA446FD4EE436ACD96F29C29C82A
311
1846D420C77148F410CF962A629A0A90655F2DF2A8D9FF4D0AF142FEC00F0BA863BFCD6643773F12400981A991A9718E32C066CD132322B0A781AC685E03586659694285057961FD467B07A86519437D56AE396294479D3F5EEEEE7192143DCD5A1376593683FB65E2B833C497599F8AC99E7178DB8E3A66ABEC424B205FB8
311
BDB9C2418CB3B39C31A83393E4532A73649A1C9DC6462C6A0BB0E625A69E5B0F76C83EB2BB82498E341F15BDC01C2003FC46A2CE18C1908ED281EA5456E17FA94F4ABA12DC2F1C2067BF22409BACCF6B12605894E090ACD4E6EC96E0976A5A358815A52BD8341A50A4A08C43795F3880791777404904E109759FFD2666973D
311
457DE06E840C4BE0D83DD96CAE1C3039D81BF6B9399E4309621A04283E69B60DCECDAD6C6E2E2DF17B7B9B8BCD4D4EE36C51793269E1005D36D6728662918C3BBBDE6EB29BF47AE692A3E388674B56F5E8E40C06943A725B178C1309CB66B13C801F0CA8B01BAB20ED4C1532D6FEF283C1C41E6D110016BB8F0C851195B40E
311
1B5C9F660771269B707F810810280055185D41DC7600B8A1B18306A5802D7F223194BDA06E0BEF0852929CAE060910181A1B76923F9B2510A5B8C06141CC9AA89AC6B1D124115ABC54CD5B39D97BF0E0F5E3BD077B7B7B87877BCF4E4E4E96B6A1868559CEA3E1E879CE9A9199D38E13C5A030917A4ED5A2D6FCFCFC02A263
311
7206B3C066F37EC1B11C9218266EA0341100B23053C7FA9313592575D96894628558238E0C6913725685B4A9A93B6CDA887132ECE72047C06A832A4FAAA9D76D7C0021B06AB32D824F1A4F4A232894281C501C328614E8EE2155204A81886C25C79CB34EECF23BCCEE7AA690AB06124483289B3BBFF4F8F956BBBD787AFC94
311
DFA3ADAD175B2F9E3E7FB0B7BD3033339886641D0ED22CC26E8406FB7938B58CB4BAA5CD15911993722AAF55F7B943E220B24B4863008980C8D21CEA0FF90FFC6A170FF923E6BFE233E6C983218158440086E0F8747F2F594D789F1EB370C0D964AB2BF51AB04083340117A52F1C204D5E2B8D9086F7418E50842DFD234E2A
311
871B38253ECEBE18FC019225D06726A39F088809F5562EE98D7FF6EB06276F6F3FFEAFFD9DE557B41DAD3D7CF4E8D1BB77CBEFDEEDEC3C393ADE3BD99C9B10EB0FF31713B886BAB8BDB9B9B27AB2BA0ACBCC51769663E99266875E8EA064CD5B31000EB7841C44D8C23F015214987E92F75D962FD8C10C03F4B36985ECB9A1
311
694262D3E3C3E8C002C7CF90CBA5E057B026D5967F25DF0050C1AEA14220D4A69D0BAEC0853CF2C4F9C8EA0D6E7FE1860442241E93362ACB511C8128632157020CB873AC8B8A451EB40DCE1216DF7AB3BC717070A0FD6D1C6CDCBB776FED166DEDEEFAA39DFD272F5E03EBD2D2DCE6CAF6E6EDCDEDD5BDBDC78F9F3F3F3EDE
311
3B8453160667E08020E53B5810272542CE64120750AC28DC2DCC1F495865FF0ABBB85839347FF5D55754FD66130D3C000B8814B833DD178A65EBFA38049054907E2F13ADFD59935C75C007274201CCB2802B14C093029A578224ED1A5A6095305EE68C0FF28287A622E2FA410350238108D94161CAA488FC1297B70DB656B6
311
5F6FED2C1FDCBB2720DF5AD4DAFDFBF76FDEBFBFF8FB5B6BF736D65FBDD9DFDA02DE070F1E1CBFDE7BFE5CE398A3A3E720601EA5D1B0617A99721C3289006C8B000800FA175DC3FE6CC95896BD1B2E2C48AFD7EFE6EC2374806CDC229563780A37A09B8A2E61726C150108945AEB00DE7ED69E04F2F6C40B02BEE910832804
311
E540CBBB699BCB15CE502DB6BB0763030DC3687048AAD540D8E12789A19881041C0E64C0C41CAB623BEF0EEE2E2EDEBFD96E37DAEDEA8D1BF76F2EAEDDBD7BF71DFCB1BBBFBFFFE6CD93FD370F696FF677B78EF75637E7319F6180300240854114FCF87F1800443F495293CD3B3F846523671B7E345437EC2F56D0085BF744
311
09F6847C95BA9E3D1B966447D2755070F69C64F905734B9C43A1730DCA9FB4AB34DA1FB2E71DD1218A2A6A1C325FEAEA8704FAFB5972ACA4D84F050950340403D86D71347D2C641883BA81C9B9DB7B8A02E458F01B72F04DBB710690B41B376EDE5C8419D636D6373636D6D797D7D7E5F1E19B27470F56B76F2F8C52ED81F2
311
7179A200A200311F95FEC380625556C43FBB162000B57787946DAFF9F37046760A71501539E444C3A6AF8F911E5E21A864F663A774265D09002026F2D2BE145C8003E85C8128442FA06A929F7B4A040A6950E65844235BD83925060C806C8947883D5840FB4BD13498809551360C7316F0C2D2E1D1CB871B07B73800AE8D00
311
3907EEAC7193EADBF71587DCBA857CB87770F0EED5FEEED1EBD5A5150E2FAC055D7AE057AB818AFF39915CF43FDE16D60FE20FFA579E84DAC5EC8F57BB54550D91006880E1A969F202B37593CB63F93AD8D1F90229A00AB8D210047229B7F855CCAF5480D0BAA207F54A61031A202C063AD249B72B918209BA7A8670B5B3A8
311
994C131F90908C5E1FB790559BCD1BDCE6F4E0ECE6EA8B270FDF2904C8A1D01F368D246E2214100B8B2062ED60FD9170C0C9FC1C39F65E77B82A3EA0C40165DD5956807036386213D341C11F57F42F7B53399A2D411E2089932201C6C688DB8D8FF477470B100031755965D44055D026352C7033A960D7E01760850C44EA09
311
07689A50BB527691A21054B33F1E2F87FABBC88E1F1A23670A16402B73507A89536330072AD1A6E18F4A0FAE3ED87AF96A8383E1E5F02FAD7120A81C0A2AAD7D4798E3E60D918C8B8BF70E9677B68E5F3F5B5A594000702629C53844008A09200850F25F9C7FB56947F6ACB85DE202FEF5AF1CFF9982FB87D8442222103360
311
7A8A8D83852A65DDCDFE2F65D38A60401EE409C8E587675502850BDE11807964F67916EE5736211E04808B04B0E960013091D6B14E9DA142079B56C646C428A36E1E62401944D451D693231576076DF0C0DED113F400A7402AF801BD03FC190A3471803C8017D6EE6E2CBFD97A8E81B0305333BBC2FA1C8712CA42808A7FAA
311
80B2281CB6EC08F9FF51D85F36EDA000CCFE708ABD236CA5965F6CC0E1E9EB237D5D294EC79590FA8F0A56019D0BD65CE5595D2BC0B9C54F12D0351C68730E0E344610E035735098001EA8A559A5C9477AE4ACA7FEA9904A1913EF06D704D9F4276424F554590EAFCDCC9F3CDEDA7F75770D21D021010DF236FC82119A9288
311
37EE2FDEBA77F06E67F7C5EB93A58551F8DF48A10089012804C8514ACCBF64E822FE7E60BBC69F95F893A8B1328173D4CD194103B28D4802A2C3D7878742D46F40025A5C64CC097C3CA8A69EB9D5468800AF21408480CC7F9B01D4D42B4920AE814604DC23CDC94ABA564E0A38B1483DD2A5529421022D893C1FB738CA3129
311
9CC026A9DB87CF77DF2CCB59B01A0D5C20010D7AA512DA1AE160F9E1FED1F1E1C96D8EF6F4EBF36512C2C40254791702BF44DB987EC22D22FCB51DCC04900999B9CB44EB8787D101E208B228323EDD47091139D780A37CAC14BDD260D440E511884181D4B650BFB2A709E085D8D5FC83022E04111DB8E55D6E2103B96333FF
311
391E8851ACABBB373434E4AB14904DC4C2642705C7A3B85DE166AC69309AD3B5C9F967C7BB220544130A1B9C27009106DAFCA3136FDE4700BC7BF8726B6F758974322F1B44D91A9425A0AF857F38454945FFF289EF64033BF32F1B37D9B6283BF238B903FF14FDD73F2CC130B6AC8C5D67D34694E30C3CD45E42050029200A
311
B4EA4F9EB45772A5D3EEA989874E1406440C2896104C082EC41590268A806B97D1587692A8CF46B9A19148454BCD90E3E19B1C4A4F39F16C847362BCBA5A6BE9F5D1BE604054A190BBA040FDA9173C28FA170100FCAF64FE97E6466D7E5780831609B26A6170E41F0B4A20B8BD5FCD21BB75FEF0B50A234914D8AFF741F87D
311
803FC28A206B42D377A6FAFB39D4C7F13908F00321F30BA802B6D47FE20608510420375593002CF0F1D0E600C50A420F9A5920B681C802A10BAEBCB8F40592D488CFF68F84D8AA924A5141932DD6A8A93CC5B34C19B2658D9EA06D66E5F029C6C0DDB5FB60A0A30A1422DA1C70038B48F1FFFABAD0FFEA36077BBAC2AC2867
311
394F82D03F0A40D2113036D8AF87A72D9BD7A58685883F2500821CD69E41F441F7887F2C202C415683A8E14082B5C50C01B0618BC6D6CD5389AFAA6081037001F4EDDB6AF2751A069426541C00C480CDA53208A17FA01712303B8CA614182041BA6FAC8BC54F5274E4B790E574037654EA2B6402182DC9C6C2E6E3A7CA1AE0
311
B82D91F89D99D7269F1B6DF98F63B07B74FCEC366717B30C5A950DD2ED08803A440C0123EC4FB459497F7286D4A655EF5741B3EB2FD1118C3F20571E104ED0D8F5B1A15E5F9385F52FC82DC3E4D39A8E274501948293C2A89045FB4FBD84133A4D0221820A8DFE957DA404C0F732FF18C5820797311E88F60B0DB0679E09C2
311
22A44101044AF3F1AF5D810C514FBB3BD9682DED1D6FED2F6FDCBD854F00155C6822FDEE2FE2182DBF7AB3F5626F6961C68A494FE010F809818B0120EB3F2C2360FDE1FCFC20ECCFFC4BD214F21F80CC9FDB6343235358FF6A3958D030767D8AEA1154EFC006749334AD2A3EC983C80BF95153CE93DCD3E65FE803C6109893
311
8A07140278A5C8424C2369CC3EF4AF74A18D1273616CCF3E29EACB4A6C370BFFA90264E0AB44B3F81FD0802995AA9748221A985CD93E7CFA04B7680D7D48139A6F3765FEC0FD1B8F1E3E397A7D4246BDD963B01751FF6A03A8447F7C511F6815EF2F00F92BDF4FC1AF568DC5000CA738B717A8550C44B300803F94E2680B4C
311
2087EBC7A0600055A900161C48D3C097AA80AC3E29BC201398F44E13692048906705FBA9441444283A301B8D8666884A255D5DFDA272591681022A10432A55FECB1F5DEE00EBE704B8D951303BB774BCF572797DE30069280E71BB89F1B7B67680F67B29D26F7E42F705C7CC1673920A26934F4286C48F912B049DDAA11F8E
311
2554D38FFDFF95C00FFF8FB112CE5E3D80174A181B9F1EA68C0D479B78CCFE3F3834F0DBF08204D840E0550F6C6B172B4AD00147080290091D149C7BD6665E21443022E4001DE83C46A329264C20AE71AF4FEDD92383832851369BB33BE0824AB45224C911DF7872E9D9F3ADFD87CBEBFF7F53E7FEDBC875DD71BEA498D45B
311
D4922B892097D18B424889AA2C099668ACA045BC48D7482A3B4DEBFD214D0B244E6AB871631779AC1F1BC4300CFFD27FB99FCFF7526E46E27066381CDEF33EF7DC73CFFD9F5FFCFCDD5F00F7BBF83DEFFEFCDDF7DFFFD73FD11FFEF8CBDF7EF0CE5B6FFC9960E904EE97FC46C0D5FEC02FFB3B63DDAE9F13B6D57EF67FD658
311
C2BBB18DD9271B10EFDF1D87B7374FCF76A8A79A65C1BA9B15FA096C01F5095F0A2BC00E118500CF914A614115F1A4B07E011E50C3048AC1F7D210A90005C6C956EAADC163E76E8B01EAA891448CBB62B2F2DEEE51ADB7DC6B23C917D381136BDE7ECE14D28F7F1D1C1023727BFFFD7FF913A2FFDF1FFEE693BFBEF7931FBD
311
B1B6FCD5687A8EF173CA07CE2FFE8FE1AF433A7F8376A43F5D9FA83FB26648045AEC21FF74FB4C036018041CB076F3FDE515F58BA86166C99965320D0110C00999AF8105A8FDB0E9427A5DE48899B8C8B843F241E93C41F33943CC0562EE1A801FE5E0078FC87F9B6CA10618AB3F3017911AAA108F896B8C199D3338B6DC64
311
D639A92BC4CD41C13BEFFDEC779FFCE6D7FF497CF0F7BFFAF7DFFFD3AFFEE3BF3EFCF02F1FFDF69FFFFA9C24FEC55EA33DFA5F823F509FF949E9FDE1FC14E7B7C1445DC49F2716F6D7FD79C5184075FB06EADF252394E23DD7372E5C7C75D6D99BB03AF21F9967BB486E8160C22D101D1CC0006EE0819728A134A27572B95E
311
29E650460007EE73203A80DFFEB4EFBEE5DFB7CF8946B3929E353CD084CC25A1E5DB745A4FCD5C6375B515169819AED383275A60D6DC9BCF9E7DF0BB4F3EF9E5971F7DF4F1C77FF9F297787DFF46BF87249A5EB73A60BC44EE77F823DA2FCE3FA13FA5DF9E7F943FC60FF78F76D3FFF96A04FC2444B36AB56900E683DCCFEE
311
9F5EED6C4F8D826D7EDD5A5C03FE39BC011CCE0103A22252111494433840A0D9308E8113AD202272ECCECC55F74FCA897B3AAC28C28D3352B61F3F261A090760B477899AC3C4BB870D263AB50643661C328849EE68CB5ADF94167DCE78E907EFFDECA7CF9F3D83F46B0C0A351811C38D82F9E17C57944EBA11BD6C8799F0FD
311
29DE0436F57D02FEC2DAAB572C617FD441E06F6FAF6FAEC9096711F34C0EB8BEDA5F3F6A30D4B8D8AB5382F0514A985092594E376E80E2A42A9B1820F5CA338EA8590D7A0096EDEFF6002890BCE6DB93BC3F91F645389E600BEBD563964FA6860EF1B83EEDCEF08D6C30A4BA2C54EB355822CDE8316BA08DDB5D6C1321DA57
311
14F5E2C71657A889D2184CECF6603E1DFD664BDFD73C4CA6E611F86F365F13F7B4E7A3FA83FA51DC8F966BC794F470360013226E59AB1B11202B96425E4BC7868117BF68F5163258C6EF29FD6CC02CEB780C0E44837F0A05A3F2109E135AC52D2202C87DE395EDE13438705704E151BD566F1C327FD1692BFDEB3EB4A7A493
311
315CB6CEE937AF8993D627BB68339040D88414CA71755425A0D160346C32188DA7D30B1280C190C91FE9F994D0B70B91324BDFC08F850A22FC81FF91DEDFC2A7F50B17E946FE670C825F8B0504E0E6FAF20C0FA8B5B9BAF945BDFB3DD0D0DF32A8822D4EA06DE4A26B00001B0149444154BB47103FB4F7102C8000B5858692
311
71EAA20F48752CD00370BA4F9E7AC84BD3C0B6F0BADBFD666831233070B08FE15682D1054BBB1D7031B6DBD26B9C931F046D4D0D411CC8E97110F588E151743ED08330145FFCBE443E511B8EFB3AE41FDB17F83F2DDCAFDD262EDBDEBEBCD5E629FC4E8AB94111CC5E5E5F9D6DED8D884C925455CF4A8D02AC2624302E9B53
311
F023F0CA0A41C2C30EEC545417FC179D198FA18279D443E00F9CCC3B544F820050002ED00AABCD6677B40B069CC3DFBFEC673A07A930050FD6554678EB93E112551E101018434BC9A89A937B64168D87290319F865BE09F93CF811117E951FBCFFC0FC7F1480470BAF56376BC7FBE47F02F6DDED3D7F6C1CCFEEA8E0D42116
311
C310D566AB9E35C22D7425FD8B1000DD2AB800FA520CD00CCC00CD051296B80DEF3A26432CF3C70657B007D83953003E5BFA173200678BDD6E77447794724654B1DF278968DD4A624BB033FA7CFDA26105C256772C6B98DBBBCDEC1578815DDC3D3D1E3F11675CD5EF778459E17F18F5585E96FA8B9F491C1AB6D8AB6E9FBD
311
08C0772FA8904179809BD92DB572F0073B14B627C90894F7286024F442B8B0BAA6E661CFF1DA2AC280CCFB5904C38B5EA858152B57BD20837011748073A8EF262AD8437991F0C0136BCBC4E727F48B908275B253CEFA80C334162BBB08D9DEB8AB06EB358E76932395CBFA392248BACB2D4C7C5A6236027923C9F933EA6FD5
311
BAA2FA58E1CAF64B7FA477B37EB2E12C08CA02647F337B3A7352C4EC8E599DFC184B3AA37718AF0750420582C93783008B1F4AF5EC7998E2E1530BBC72000196E80618E25110130CD05F006EB6E040C0BFE707C5606DB956AB0D9402F4C0B04F1D317248CCE3E8C0F6D496A19E565D35D6AB912B08A8949AF0D3D01DC0F98B
311
CAFC5BF483418F58BE79C8DFC5A811E9CFD210A5FFABE6F11913A1980E0802620200FD864A4137575707BB63E49F3A1B356AC0C3F9D802998037FE6182C00E423615837CC0BE909A9B2AFC0E377ABB685256C44FB823E8671A42D1A4658985B043760B3DD64D1E0CA9E7C2B4E1F50EF359993F683257A132EBBD90C2AB2223
311
D9EF584BEF7551809CA018CCF784F309AAD1E7C73018F24784437DA001FAD5CF0A914CA0BBE8C0F5D8BBD40598DDBDB8C7F7F3E4F6F2F2009DCBED9FF6EAF54D185D38C831C52300199BC029B5039C600552E1022F3C9DA30AF0F3F54D4CC82690F33DEE2B5F4FCDBC7C27E8289E146C004BB87BB2DA629872B0C7AA2F1DD4
311
F93AD3D99845D87185F064B5F63BEB17DF11C760FC788555951DE9F13674407C6782491848B23D8DF8A4CF37879E8962F47A0AF36BAD1737BB27FDCB9B7BC09DDDBC80EAE801AB43582E8F7ED0C1F614F85986836409017A04124248A01252A79D0017394902A73B0436D8BC4DBEAF581E303D0DB0C0CD1C830ABEEC86D4F0
311
15C44B5C793F7F454B06079FF5A05AF570470CA0D42976EDEAE8220146B0C809DD5316288837DBAB574F8E0F99E1E606E8667A992D83DA73B43B3EFF3CE255C0FFB3CA0F415D6E8D77AFEF9176890FE48AFDEC8E3241F03F1181FE29D148C8DEAA13094B438542EA4B4751202EC123474186508443BC06462A844F9C9DC78B
311
7225C2EF4AC1F383148E2BD8E029A2240FA2598E4BB3FFAAD66CB40FFB54B66299C561E7CA699DC0EFDC2EA637210E9D5DAAAB810232E22805D3188CF50400FD68CC402F23BD8C75E2F3E8F4CCFB3CB88CD24754CBA2CBADC9EE19BC7E03ED213EBC0F0266D48701FE7BB2C2E800915AEE5A4C8CCBA58128438745230A3C2B
311
3CCFFE11FC8D2478013CB8E3255698D6B8E8F44CC69AE4558D2F2F0EF3E707CC5CE30EE5440ECA03E11CD90814B4D0DB8D6312545C6668C8A09121631070C082F1788ACCF0EAEF328F84954AF4E979E104B749EF157240C7DD57EDF556BEF882DF2B3F9166A9A401EBDBC9FAFE3D1BC2EFDE1279948A0C0E5ECEC889DD386E
311
53D18CE7BE666D589265246920C4F849313270B8223FCB17F9542A72E4B2C6626CA1A2C7A2AA026A599037C02700418B733938C9E7F2837CC20341BAC844C3B49A78B7475B18838D2572A776ACA68210F0628E6B9F622FEC97C8A2D62D888213C13D04F6EB7A923C4278B16CBBD4C2364CEA13D96F5F6C31D6E1F4176741DE
311
48FF1BF43EA880096E2E9F9E2D5D34BE0632D46CADB5F84ACEE5EB8A710497434E0A3E7832CFC6F1E15D1C8181553A4DDC0702CA46FBD2F9E8D53D571B67BF8C04CB9EB2858CB1483228ADE5372498CB7F20C1D531493A079DDD537262F719AC136EFE0F881DA7D26F7FE968D0FCD6DCD015506B4DCAC261E0D5A780D63975
311
68B34D6475AD95EE68AFA3B387B3030E6E64FA48FE4BF5DFCB17C481CE965CDB7775157FCBCA3EA1B0A45607C0F0BE3CE471451F84F2F297BC5F8481834AC06EF5C2889009E220B1BD95387222659923AE18979282051192516D011A98D504434F5404D4D93F3F1F52B5C55A3716BAE01DF5803EE0D2F6497BDEC105A3A2F2
311
F3489702E6BF2DB5A134593919EF6DD0D991F8D7AA7F459EEA80373356D0B256246180EBFDEDB1C57B1757EADD668FE256806EDAB56D8213181B93D47304785574841DBCC891BC160E68C5FA2A8AFCF3D68237A115EF6C5CE0AFD72B081009DC0400BEA2394005132449DA3CEFA0081E0FCFA97541D4581D48A90B8B5D58F5
311
284BC5B21AA735197BACC2270E9812096FC90AA8983015B54AE9CE76BF9BEEEEECEBF4F8BAA3148A320FDC54088CF29BE1FD5E5FF777295E8C065F697DFB2DC900C02C4762C356C957061B9B0B180760E5B202066A140C7C43EE15017981F24A0F6005107881993FC0E70D0125FECB21A75EF134A939DCB52C93C81D4A33FB
311
3A2B3291F3B9AE47403D83F1E13693DC815D29B0EC194241160F03D8F88C7B54E0A8519A939F2DDA67A5F579F80AD1C04C8C9864C30435A27CFCC1F8FAFC1A401070CFB231FEFD6176FBF4FA6CEB822C6978871F27F80885E11D68CF8E93B052082D6631EBC25BCE4192FCCF1FF3B314984A010DB0F973036876B451E81990
311
EAD69393D7A5A26ABD55EBAAB7EBA834DF1497600E1E40154E87509B04AD6356895DA2E6172870956039A04FD8841C06321928FEBE74CA70379E5FB3D6F0B7FC1996686A332CB2C460279C6F77179D7FFF42777F761BCD5FCAE45A2D9848D0F5CEEEB4F9059A842263947512904023A051823A757312437AB536E007471C46
311
D6E6DF585CACE0410839CDA8D7E8E316D8315065EB32284D5DED2EF554717C4182E4F33F0252304680AC8B716B33B24B89E11D42E583C6E07C28E1BFDFA8860E0F308C031AAEBCDAA100EBEEE1E9F1DE31A58B190CEE30E06C96DB35820FE54B771FA71FD71FC157F1512376F6F2E58C24A0CBAD43C98F10D19EE8BF800F68
311
CB8A02ACAFE707CD851A5CA81FFC5335781D95CB8E230CC862456607052DC092D4BC041D706B356804F820408B0DF8E53C7B2EE7C6DC4CFCAA610270B5313905EC0ED5E59B2BE30BB8002320070030B14316084A61F82C95C490EE15E7E6361C3C4D6E03E0DF31CAE16807A95E7A7ED17EF17B5F8003D95FEEBFDE5F3F617E
311
22F0D066F2930552E5272320DD451A802F0A806B303D83A580CC05A066C75D4188DF040140E236871C50CA3F204171C98ECBE2CB3778D50BBE79CE3B1B4640CFA6C9286675304513ECF7B727A3DA62F57C9DD26F1D0BA092C202124863035E20F712D718D924B18FEC065C7A4A5313EC71BA1B51CE3B43BE187B3400BA1FCA
311
63FDB17D68C55BA6F10F475F01022A03A250D9160D8A2C000C265AC816A42D38E14D2C49F407250B82F468C48386D86F6C56107D1840AAB7DC09596006B266B35A18400917C4067E3B2BD1060B9EB6B9B95A6579AD01B3F7CC01C7C91BE1179E1D6C9D9230B450B7D4948A415D402E27C389A434C2EBDC416ACB65168D82A4
311
AC17E01017111E227D06F9E8F7CDF0FEE07CDC00ED3E1270C7F0C7EDE5018177725319FD7A5D63293C218A030B9C9A13694A2041C8F917311A2BCEFD8E94970BBCD1AB1C6D2E57A2F5001CE0437B7774CEC00413B29892C56981591CE0C692E99FB79C35AAF46588EF8EC623169A62120B318DF694CA2DFB07EBA7AC115459
311
39A110955E01D6E08A52986C3002E3FAFB04F2950D00BFA21CAB637C6CE87EE35CE17E4D5E71FA947E7A0384C2F71FA3FC6937C6B2DBD0BD2CEEEBE6CAAA8923E04280015BA73B00870100532529D0829CF7F8B6BD8200C9AFB283A3516673EE86CE3040017D0E2B6F303B511B391E74C8F7101DEA8F98BF3CB587C3380713
311
594647DBAC8CD92750BDCC7062FDE8F10E6CA02984F145052B477342769BFF6E057CE90FF85A3D24013320E06C98BF196AE146D7B7DDED41C6E5D735DA86214EBF854A4B24CEC445B3F69CAEA68C9149299CE07278CDBFF00A37F33DCEF8C712A303346D9101740A4800EE6FE78CDE961784564400F0400E6083E5033A6774
311
E988724F585F88798C14FE1890CDCC6A4B17DB90BDBF7E3CE9FDE0476F6E8EF6D62D008433D0017231808F840EC02E90E3757D7D80F2074434E03555E09ECE70FE5EBCA4FF771F1460121805BC25F239B1B212CD4635412B9C763980029F850FE8CEE116799C5D3E1223F137B85A7A3780CD1178CA7DBDE58ACABC8E00440F
311
4608B8A07E93F35508C87A688EFCCBFE6ECE5773CA9EB00E46933161FEA3A373D6A3383E6412C188F04E7B704E2DCBB3FEC6DE60798D89A10BE7A7591252E147FB1761C0EE810E1091694E7038AA5F50EF5F30D6A5CE4FE75FCD777373B5B3CB7C5D7B12F80E34533F0CC795AC31BD533462F800C74CDA4B5C36896E37747E
311
9AB7005E72CDF884FF0ABA2F16504D183E50F1B3097CA3D1FEAE30439420B63EE0536A5FD8DBCEDC53FE99F2050608FB5BD98FA4DE2938E01304017EDF20756CE1CD676FBDB15A3D6529029C2337981F55E84C3786F6A1BC437CF87F09F7610522FDF8C018451DC2A7675BC3295394EC48D6691A21066A4DEBBAC48B75084D
311
6860093A3162C4DE0C3BAFE5141C7803C9AEF6C7FC908D03EE4309E203B003F80279D947090609D536739322F3C25F70A0EE1BC104EDF684C0060A704AB918129CA9704BFEE0F96460B803411832BF60BFBF753C5A6198F89D670BD573166C102D1A01EDA146312A1023984D3708051047C0551BD89EEE2F1D4E6A8654805A
311
BEC45B292C0BD7CEDD76F421D1B7F8F43AD9BC7454838CBCB518D45F71C88E1E8F807BD18E8E0800789C404540BF4743A8999703D034B17339E25C9E80F8409F0D3E77630A9FABB221034800F389A81AB18752C426F039150436A03903E88DEE0F7FFC937F7CFE6396323DDF63540034600BC402B90E6E3728007D0087BEC1
311
107E93DD01F29E768FDA35E885E8D3424860F014F70C3500FC20831DAE1C43316243279D5D7A35ECD271C16B15622E8649D2D5F5C8BB5A15C8AF0A04B73E4CCFAF60416B00E4351401A20FDE053A3B9D01A81F003501930953DFC66841162522C9D7A190ADDD21EEBE931B07E323D668305EB27E7AD27CF5F63326D23D7FE7
311
870B355486D9B08A447CC52B7B8E075B1BDB241D0E0F970ED219BE22ED6FECDAC7B4B7DEF557992A8DBF026D945C3A13286EBB2C3D24983B384C3745548819C106212088777A7C261B81083BFBEEE5143A43D9C87A10110F8A4046900D8A1E84253405EEBEA77D644139400B0CA6132A5910EE7355160A403338B0439707F1
311
E0C3116B436C6FE11AEC53DEF0B8565B646EE1073F65CE1073A7FEE1C9EA66370F26E57CD0AD63736AA35D162BBAA24778D55FDA238800A5BEAE23F9ED06BA9519B7B826C6E1204DC8255B4034A0978BEDB2891036E85DBA39409FBE6C0F2C7100E8BDAE1F154E11018900C0087803AA82B2D103E2694A035880F3830D8F82
311
8262FF10739D40E0C712E0072005644D0DD759DA05D23E661ECD648428F0E914B6B706F93E792543B2D96B6B6FBDCD14C1B79861CA3CB13729B3F6068E6C7D74CAF40F95A275CA2959D5AC492DF51198CE6C01D533ADC049AF56C542AD4AB3E15B98574478E8AEDB84A0109E1720016D0D4E902F3882153CF23A3C81151015
311
B2BF57B8CBAF07070A83DA008C8373858086A0030A17B057C8E1812A7EE018A1870952D72B356F2CFEE9D25B0EF891E9DEE68E930B2A0998DC8E4B4C82D1F0FC747CC41A9548C9C9DE0923CBF4A3F088D08C07FDA5217390A8E3DEC5E4D7BED3E450B784843907D8A5055C0083A21179131B94FDB7AB6AAFB511CEC8299A11
311
3ACB0EBEE46FBA4FE18AE80D1409BD5A4262E10AF9401E2AF640090816843FCA00D8DDEC0D2087EC74FC4101A0610EB1856C9434C016923449B63BCBFBA0E198C3BC77CA640F50C03DAC61EA6C60CA23A314D20FA0678068EC5FED6016BDFB80F500F6A84683BB49CB69053FF18D8696455E34BDBA1FEC144C94136D81482A
311
6A7C58C9E53760015E2809FBB36E3E0758E838790684014C86C8471545022690F4252E904FE4886617F0ED71DB2712D5B001AE006F801E3650C9690ADA4CFF66930B4ECE8F98204D257CEA0D1FD0F9A1ABB3C1149EF323CB92AB10B098E313E6843A3AEE5859BFC3080AE3C7E6863123394B99F06B0ABAD08E260C210C48AF
311
F0B7AAECA4028E808DA9B29C4B9853AEB47DD106702DEDB6C56C604AC741D186848A0C60F94190E2694539005C4C4979533BB0450CA212F21C7D40E8AE029005A00464209341AEF00C1C40A509633DF4092EE65CF0780BB78F41ADDBAB2DAA8C50971B4D81B4A013D4196002FFD1811250C205BD272D6C580B5C814D3EA683
311
418E0D5E071FF2CB8376DD8648506334C0522CA2B02912D21E04483A6E100FEC3CF0A3F916E0F9484E68344180EE021CA17A40334408D404B28EB764C703EC0983702C71A84F43E91D00BA4E11C7104875D7767EF849910486CB4C29A6CAF3EC962CC66D72AAA933409F4196C674664330F82249616A53C026710A8572021E
311
E125F2499894EC0DED919DEFB05EE897B6D9BCC2E8C23A3F04765CFB22C07C2E2AC497F7CD1184D470943BBA3542624507C800184CB5A36E953202FFAB4BF9A22FB10BA385D7E439A9658B94014E804079801368FF1430F50A287ACE9208D8347BF5F79754B925ADF6823E031527C884940D7CE1469D9FC00C019BE238CC1A
311
35019D8C1A6CAB13D346635900A653EC2582CC6ED3A07F80534FC1052A6B1AEA0E18819A3D0D663727A36830FBF881BC8A8032A07700D4107E2E08808F92C08CA80C608DA0801FE5E1B0BD4F04F2A20D6817B828BA008B001E98DD0C2F000ED5D4A888BD4E2DCC7D66B41AD6BBB922CBD812BCA484EC994777C1F0B818416A
311
C8BA7673D87CB847BE18972F183E4EAD304751E13347131176FF699D3414C45C40130A3AD0F24ECB04BB5CF0F3C2095CF17EB1106AFA5629B02307719B7037C305EA05810737AA06050369531C78067B1F955F895A403C685D9BD06EFA895A06D8413156CAAD7A8BCFA773030E58067176778D57C420BA2954264A992B46B2
311
258B223DA66AA1796316A1B34E03A8410F30670AA58121890A94A4D83D1A519CA130668C811FF0698CA4E2AAD61641708EF8D162F82D3E0114B4037E57C391215D641821A8E04D4D806320D8021F5CE02DF08BA081BFB0130F92DD7C92A80E4BF0EB72A97A4C52291068F1298C7D78BEC722418F09095C5F33BAF10736A25C
311
74F3EE8872262C82F9C7601C1831DE310193CD52DE24CDC205888225C334A63CD72D70418820830654E3B2075239347CC2BB9F8004DFB91C8C7064B3E7686A362AFAC5013DAE32B80019452F14F2A3240B2A4404FFB11F410496C516C08CDA4A9EEBEFF8787E5F443406DF4431A0C02613F5994E22734DAEAE88FA13E8F9FB
311
CDD8CF9D810F83E63B3BE4D9984C6189AE0B0A15904531E51F55A9ACF9741F0FF00625F35F4DEC46C6CFCFF329929E5B4491240FF89E280134B50849B559A19735DFEC28C43FF64041F02F08910B801DE52843808FB09FF0F33CC077EF9FECE5EF89187F13B28413D0E05A3E2246F496600567E1B344A1394EAC0F0D37C810
311
2FE108B2BFE91CE20F5135D2B4538B86A23149A18AC644B3205AA080120A5219F8D907071A29AFE517A1BAE1AB726EDBA4391FD9226EE73AADF40836AE94D800B1A4C407E4007A1173E8610E2D822621BA12E1C04B1001D8E0E22A00AB680025802F0A408658E6380708681C87E88411D68F4449B030DC35890437818110E3
311
FF0C77BB2408C51F1004A2C85954196D2802F62C552006C821C51AA85EB4BBE85B640D5023EC9AA48026730419B4C24BF42024463E0BAA2492F2A06D0315956543488EF1210B610521365C928081DD04ED036A01C86322C041F84059E06AD1893C14E07D72A097170A2EECB8E1B7E92B65D3031A8FF10C3102145762266AC6
311
8C40844121FA028E229278867348F7C09903AE6AA02B8914E853C779F071FAA48A1A814AD100468A6C0876813D381121D1575CE403694F2BBD81A672A9B24CE0CC88519104FAC842FC106B93F0D9E696D253420FB28058C8500276B2C0CEE355AD4136F210CC88065D7554671812458E89A49A8E21344248761EFFA6474CE7
311
897FC794373AFB1DB20885DF9452FAD7D44EA6CC203E14D813036D6D2D61591502CE21DC0FE83E1E6324A78B0983D71C165EE0588510F350C0E604DC810F94E072500016124C94091CF95533E65825294BC011984A1150C756961EB49D5012C741291E89E64514C8FD0D9C55D122E4F082E8A03DFEA63A217E339454B1011B
311
BCE08413D6B077C33466DA20359C872C9C80CEB8C01D485E115230D5932EAC04D32304181AB85C88C1009888F47B405BD41252DDABF164B9CA89B8104FC28F0E4004D8081E13341419B082A133C366C23C970B3000F045378082202223E89106A374C2ABCF2DE78BE5A022B0CB1FFE1AFB7069A3011B40C6C974C04C41BD46
311
E3A9CEC2359CC21C34669F3029139F48E9379F0CEA1FD9DBC6122A01449D7990CF0209BE427F81062CFEE40449EC2EB007FBE17D9BA1F6B33179AB91245564803D8830844C8C79AE1259DB618E05080F2A6A092500BE1C60C4C52DD2A03A403FEAA2AA5BE47C7180275D7E57D3137240A7F0ACAE02C5302770757A3DF41F4E
311
2E74FE8F481EA45A1250933BCDBC512ED16BA2628D71053A11F12EA8A4A23DE44910DE170641E86530490B12FE9FFB698978F083420AEF8048B2089D213335E481E8424658348BE2C430243B4D2239C80A0248C02628035A0251A262E43FA6010CB8F163801A048B0A24435C6B1FE4063C7939D2E6D1BB21CA21396105CCC3
311
F484F1255CFF788F632A6BD20FB027A0FDA30F2DE51359A1EBF540739EC3D6AC0E8446A1CF93E7904B603E1574210554DEDDA57DCA2A8240B340002367217CF61EF92F2F30034C81885208E05A861631BA6808C503EADB95084EDC17370950358B20A344146A94CF0B1A34C8851EB63CA64C4E501E4006234C060CEC1102EF
311
603C1D30CFA2A8BD874F72372AC0AF4A529F2270BC048DB74838508B13055E42E793BCC90361CFD23B52382B8CA732662616187373E38C5DC1824709A3830E83A8CA04AA307C905D81BD7005F0C3139A4605229D07879CC446610019B0D62CE36E36CE0643B930333E33CA8DC26A2040A71FC6980F3AE84F1375A2DB0CD8C0
311
2EBC88B7DDC24181302A4DA728E4F673A9CEB9D0CED951FF4F754C63D20A8204A152F3FF00C79ED8398E2F0A8F0000000049454E44AE426082504B0304140006080800C774655A28BB58AF800100009E0500003D00000032464332393231412D414235422D343632412D413546312D3044324632373443304242372F536368
311
656D61732F436F6D6D6F6E536368656D612E786D6CBD544D4FC23018BEFB2B96DE15493C78601010A34B880709DEDFB52FD0D8B54BD70DF6EFED3AC0B12E6442E2716BFB3CEFF3D18E26FB440405EA8C2B1992E1C323095052C5B8DC842437EBFB673219DF8DA659866649B798C078B48AE6410122242F2A4994AC7F93815D
311
F85C049C8564CA0A901499DD886B2EB9B1E02448F358701A9235880C49A0119892A20C89D1B9FD768815CAD268CB5E0355B40B1E47F3E37A2020464BED06AA57CE8FCC20C3C3446D46761A2632A8C1283D07031EFF2AE7CCB1BFEEE916E406DFAC8E36FFD99A9D60A6944090EEDC3B670C7DC13DE86B6B2C5C240D6E503BB8
311
5ACD579D513F1B9F9A69DC9CC22AFA80C426D40AF0B21EA168559156B6276F0F726A6BFF04DCD513A87A62CAD41FB24FCB2858B3952E3D852084DA25B9303C15687973CC8E8AAE11DF2836C38C6A9E765E8C1BA1BFB1DC29CDFE518C8B5A7655A4ED7E77291ABEB80DBD82EC866ADE1B8D05AF9E35CF09D7A061F38A986D9E
311
C412B8F0F65E5D81534D9B231D1E5A8FE577A241F3A5FD01504B0304140006080800C774655A1004A04F380500005C1700003E00000032464332393231412D414235422D343632412D413546312D3044324632373443304242372F536368656D61732F47656E65726963536368656D612E786D6CED585B6FDB36147EDFAF20
311
F41EC7F69A2005E214768278069665709ABE0A3445D9DCA80B44CA89F7EB7B0E2FBAC4B2A32643D10E33505411A9C373BEF39D1B2F3F3D27926C79A144964E82D16018109EB22C12E97A12943A3EB9083E5DFD7239558AEB07B6E109BDBA7C5CDC902D959360CE535E0866DF07A7579733AAB85D5AF234E2C51DD5B081CA7A
311
87DEE56E47E2D6689E735AD0947194500A22A249308DB6F82682A3782C52A141BD80E4E54A0A3609622A150F48C16994A57237097451C2DF462738529D3AC5FCFFB5B401988BC78824973CE1A9A628D91CB968BDBAC335B9A4BB379C6ABF5D2474CD7B9F773F7F78C349F055EF13FE2CF856F0A7379CE2BEBCCE6456F8E316
311
A9E66B5E18E4AC77BF5812F5937FDEF0F5BFE3E3C785576D96659253EB54863A87AB5D98ADFEE24C3B8E38FE48BAE2C062631799EDC8BDDD833C6E88585B9287340B23AEA990CA49B1A473421E81F856D06D9125E45E6F001C4F7F85D6DECA8C6A835753A250DA50DF92F743409CBC3BFA4C6EFCE2618D302A0CEDDB264D93
311
950002937BC66489A18D0A345DD650415124BE376A745EA9F0E016108E328D14C979C1302CD6BC0A4191B2C2C49112FFC0DB51401288D6A44C26C1B87A160AB6A11E5BD862514BE8B3DB750607BABFF6F781D6A74EED6EA7AC28FB3BA68C87AC94B2138A99DB41AE7147A71F56659287340123812054CAEC8965690A74E111
311
C5BCA7260158B0963EC50C07E38FEDDFC5C5C70AB6A915F446D44E46C321E46087E23E221E2BC0DA6EB440EE6F44E80CE5AE2E2D2F31AD7AB71B8B139AF730773909401FE0D8DC3FCCFCC3D438DC1176062076C3CB4A9D953ACC72CA84867CDA0361E0910F4EF3B109A07D332211C72556825745A215835F47678059E33706
311
8E3ACB0E2EA2B507175B0818FD1082EB4D26186F85BAD33464988F1420E1B9E43D522F8452A450106B04F01362BFF1B2BF5059B60F687C9F663A54396722163C7231012E7480FE916910E6572B6D8F4A54CBF92C5CD324A163C8508058D3F16A399B13B348C6830FB5FD47257A1B8D2CF08253EE776B3A72D782D895363D96
311
020B6C18D3C86359B3C6D45E728B4B9D716893D091E4D533045F495D2EFEF633FF5A660A520A5790765FE52E12F0AC82685E7FFA0398D65528850A132894DDE9F837B1DE48F8A74D487795A482C7122A6DAE377BDC5DC212A465ECD8B03E7E2E208EC88DD9DA89456CFBC477FB798C74389668AB1A75C820AB7568FCBE0B5F
311
94DC9AFF0D038D9F77E49D45B8278FC7177D0DDCE732FA0BCDDB42720FA90E87115FF76375C5696F368AF83103F6A5911FFF03561EE06AD10ABE933AA9DEC398588888137017449E09C377051FCAEED1E8BC3BFA9CB27DA2CFDBF533459F374FC0C4FDECCBF3E06CDC6874E0710421EEAA6CEDBFEE60EB913607436C3F5BBF
311
713F6F42253B9A4A0FD64C08416FA986EB02254B1846D82E7CE2584EBE31E340E9A8247483F07D5B84AE3A5AE0D4C5B202EE585468BA84105B1F5EC00C16FADB133FB7399F390FCF245CBF9027A137FD26D1D651058D44D9B331A93985CAC2046CB4ED9E0314977128A42C13DB06879A273052525D16BE833B8706BD1269FA
311
69F2B9B109BB55D30D37679986D85848B86F026CF21E74809100180B0D280C36F6015A7DFBD06AEB6F8D503BDCD7DD6DABBBEF54E1FF5EDF0E3AD53C03509B5B816FE9F51BC8026F44DAB82BA989F200C4220B24166C3037854094FD46C5648D9C42F8B07E53687D824917FED3CE56F3FBA68BE3C6853FCD64F4A00BB85831
311
B1243346654A134805AF5CF39A9DFE22C9906A6EAFE8303A5F4AC4FBE637489CB62EA59B9D529255F326CCC28ECB77F812A7D6E63DF957504B0304140006080800C774655A8A56E75334020000A30600004200000032464332393231412D414235422D343632412D413546312D3044324632373443304242372F536368656D
311
61732F507269736D436F6D6D6F6E536368656D612E786D6CB5555D6FDA30147DDFAFB0FC3E5A5035ED8150015D11DA8AA6F4437B8B2ECE4DB0E6D8C8765AF8F773EC7C4009AC7B184FC6F63DE7DC734F92F1EDAE10E415B5E14A467438B8A6042553299779444B9B7DFE4A6F279FC65363D03EB20D1630193F2FEFC82B8888
311
FED4DC147355144A86337A3519CFC060387E7FB2941673D484A7110DF75F023125DB722D388B6806C220251A215552EC236A75E9FE7BB62F15FA210677789A2B9D142A4551DF720D0858A353F700D53108F2B4DF62553B5742057653EA0C182620D6982A4A4008F5C69494C82CA650356B226A9C0922B0C7CE1B4FB06816B3
311
6631F58B9AD35378AE8DE20C7DABC76409AB5498ADA3AF15771B895436315B643CE398B68D04DDA1C475E1915F409401FE7CB977ADF363A52CE9C02B3FCE239978314B72280A18DDD4325DFF7593269E2D883F24A3C14DD76DAF26C12582AE31462DC68FB0ED545C051993F1A3D5CEF03ECB4A2D6B80B6FE395E55C4F74281
311
3D2E91DC28ABD576FF81B146B4B367DA153AE03E31ED85E4BCA01833D4EE093A1E3D2BAD2A2D25D625D1651A77B6D46EFC7F8D5D44DB869705E43EC53DCA02FC0555C1E2239F649A25959CDAD826A4D5769EEF5ADAD5DD3D3D4DCAE1ED35B2DF05C866429DA1B36FF3EF0FD3959FD3FBA81D02783A9FD52E628BC5AF6ABC6D
311
36FA6D954A17E01EFCFF646B80BF60EB69FAB4B260DDABF443B3EDAC8A9BB2FEE435A8FF28A5CC37128DF99896C1E8FAF8371C76E3885583754E607D7E41E1616EDFC0B2CDC95BDF67C08FFDF073F307504B0304140006080800C774655A705234CAB1010000180400004100000032464332393231412D414235422D343632
311
412D413546312D3044324632373443304242372F536368656D61732F507269736D4D6574616C536368656D612E786D6C9D534D6BE33010BDEFAF10BA6FBC1B0ADD839D92642104B6657149AF662A8F53813E8C24B7DB7FBF23C98E9B423FE84DD6F8BD7933EFA9BCFAA7157B44E7A53515FFB9F8C1191A615B698E151F42F7
311
FD17BF5A7D2BD7DE63B8150FA861551EF6BFD923A88AFF75D2EB6B0CA0728917AB72031E5F54B7566B6BE67278EEC7B286804E8282BE4770600446B8D4BD428D264020454CB615DF9F5DEDD0104C70D60FF74A8A8A77A03C72E6105A6BD473C5831BE83B09BC86E08B596531821734746CB637018FE852972CF12E6FE273EC
311
97916390094E3BC14E1A19557F0EFD5ADB2CF3B09F04DE064746A406CA0A5006348DF6C1E4E9CFF335448BA2D8D77CD18D2FF0ADCF2CDB5A65F30E75ECD374942150CA3E096B0C8A802DC4F4F88A7B1A46656F6A0A5B3269371D36D3619D0E0AEE91225663A788638AC7F6C14A81692153B346C4FEBE070A50767DBE688C0D
311
8DEF51C84E62CBD9489A1567C8AACC9C77A0864CFC363C658AA61B696E6C603339ADF71D265FEF36CD11B486E5C52893E61F897CBDD9B15464CBC54534EA1D26250DBD97916379E2F893AF095B64F099DBA7650D8EE299E638210FF54D6C59BC7CE3FF01504B0304140006080800C774655AF702076DC3010000E604000045
311
00000032464332393231412D414235422D343632412D413546312D3044324632373443304242372F536368656D61732F52656E6465724D6174657269616C536368656D612E786D6CA554CB4EC33010BCF31596EFF405481C9AA2A64851255E4A816BB438DBD4926347B15BE0EFF1236982021512B925E39D9D9D59677EF351
311
0A72C05A7325233A1D4D2841C954CE6511D1BDD99E5FD39BC5D97CA9359A0DDB61098BF9CBFA961C4044344599637D0F066B0E22C074BC98C7A0319C58A9B254B2435ED23BC2F388AECB4A6089D280B18D139496815152EDDF046711DD82D048498D902B293E236AEABD7DF74D5D839F69EE1D9F48E1F3BF448FC9E6BF144F
311
351E38BEFF9D662D0D16587B77825FAF2195BF515C395B563BC5197A0AE68DCF363BA831CF7C7C8D7F0DA23D42898037B451BA833673DA92BC82D87F636ACFFB0CEC96F4EA30EF9A0FEAB85D91CAED89348D80E9B178DDC3ACFC71D06F2528A182138DD8672E4DC6DC57CF91467432BA985E4DBE3DB399079353607C0A5CDA
311
0B70D4E65A122FA41BAEEF6C272908D315B076451BD55EB0FF9E092E11ACF8C6B5306028F9D5F15EB95426D31532BEE5D6EC700FBA0C1E94211D7ADC8341143D429D2671564059C2EC72108B4EE3847890CC4697DDF8A708DB01FD7AD8209A41EFC2DCFD7063A504821C7869545188D6C16DF801342CCE6B276363DC8EFA4A
311
FD0E86ED0677C3B77747C7FD3FD617504B0304140006080800C774655AFDABF68976000000BA0000004700000032464332393231412D414235422D343632412D413546312D3044324632373443304242372F4173736574446174612F41737365745461626C654F66436F6E74656E74732E62696E53616060B03035733533B5
311
74D275337032D135313237D4B574B1B4D43533353133B37433763536B51002AACB4D2C492DCA4CCC492C28484D2C4ACC4B4E050A82012F90744FCD03CA26072767A4E626EA02058831363E20BFB8C4C8C0D014BBF94C40635880580088038A328B737D534B127320560000504B0304140006080800C774655AC55C66365600
311
0000680000004100000032464332393231412D414235422D343632412D413546312D3044324632373443304242372F4173736574446174612F53747265616D56657273696F6E5461626C655D8CBD0A80300C06F73E4B29FE6CDD8A2E82A083B8B7F209014925C9FBA3AEAEC7DD2555D896CB85E51C2A1BD834F6A1F56EC449
311
4C4695278364ABB24ABD2146F88CCEBB89D5321FF8F3F43D672A3B44DF3CB6A1710F504B0304140006080800C774655ADE3BA4F4350100009E0400003600000032464332393231412D414235422D343632412D413546312D3044324632373443304242372F4173736574446174612F636E782E786D6CCD94316BC3301085FF
311
8A1174B4653B0984202B9476C9D44243876E17F99C8AC89291CEA5FDF795620F2D299D32643DBEBB7B7AE89DD87EF626FB401FB4B30DAB8A926568956BB53D366CA42E5FB36C2B85778E7E602CB3D063C352994971F46E1CE6528B1D8C26558DB6A7B9781F02D21E0E069FBA0767092D0596290321342CA877ECA180915C8B
311
E154B440505485C7E046AF304E22DDE33C497904C296C9BAAC5779B9C8CBD5BE5A6E16EB4DB57C133C91521C9C3333AFE332EF86BBBA54D35E264BC11320C5E8F54CA5D730F997CAE2A0ADE0919422908FAECC1DF435C40E1806A31550348F3B45487984107AC127580A9E5CF8E5C52376DAEAD4B28BD2809C7F8E02D193C6
311
1BF4E43FB5D7F7666703815578CB8E5C6ABCBE0F2FE75FF43AC5F29C9BDB4BCBA5C62BE4849F4F498C4DBA2CF21B504B0304140006080800C774655A57683D10E7000000600100006700000032464332393231412D414235422D343632412D413546312D3044324632373443304242372F5265736F75726365732F38353645
311
363539422D463042342D343237312D394439392D3635343636394633453335382F7468756D626E61696C2F302F636E782E786D6C4D90CD6EC4200C845F2542EA3181EC8FB45A11F6257AEAA5728937454B300253B56F5F6839EC69ACF127CB33FAF6BDFBE10B53761416314F4A0C182CAD2E6C8B287C1F2F62B8199D88F809
311
1343801D17D16C61F496A8C46EAD7887E29BEB5D787473C380C9D9F7183631580F392F22DB4FDC6182C2B4627E4C2B304CF39430534916EB01763BF603362130AEC21CD4E13CAAE3A8CEAFF3E97ABC5CE7D39B968D34FA83C877DE05C644F1E5A02CD531D47F94960D30BA24D7A9164298A7E7B4AC4BA333A79ABF43FC132B
311
04317A67816B4D922C238F1542D8B5FC878D962D6F95BF32AAB66ECC2F504B0304140006080800C774655AA233C2345D000000800000006500000032464332393231412D414235422D343632412D413546312D3044324632373443304242372F5265736F75726365732F38353645363539422D463042342D343237312D3944
311
39392D3635343636394633453335382F7468756D626E61696C2F636E782E786D6C4D8B490E80201004BF42E6EE76F3C0F216234B883063108CCF170C074F95AE5473F5C4C06E932E4F28601967600677D21E9D8092EDB002539227A2FCCB80E1168D80A6417297A89C5D6963B7129A0D1E8F2EE73AA7B62BBEB8B27DE50B50
311
4B0304140006080800C774655ABE89762363000000880000005B00000032464332393231412D414235422D343632412D413546312D3044324632373443304242372F5265736F75726365732F38353645363539422D463042342D343237312D394439392D3635343636394633453335382F636E782E786D6C4DCC3B0E802010
311
04D0AB90EDFD75167CCE820A4A845D83603CBE602CAC26799919AEEEE0D965E2E908050C6D0FCCE04C8BC355404EB6198129C92351FAD580A10E464065907C8D948F8F166375F655BDC3FDC3B4E530A176BE7057BDC43B2A593FE403504B0304140006080800C774655A6A0FE89CED00000068010000700000003246433239
311
3231412D414235422D343632412D413546312D3044324632373443304242372F5265736F75726365732F38353645363539422D463042342D343237312D394439392D3635343636394633453335385F506F7374323031352F7468756D626E61696C2F302F636E782E786D6C5DD0416EC3201005D0AB58485DDA6027AEA20893
311
2B64D1553711C5131705180B86AABD7DA165517535E8EB69347C79F9F4AEFB80982C86858D83601D0483AB0DDBC232DDFB13EB2E4A4644FAC35817B48785D59829B945CC7B8B56B8EBEC6AEA6C78B4906ED76893EFA7F9F9B6878D75C6E9941696CC3B783DE84CB8427A0CAB263D8C438484391A284BC87A684B4C044DB032
311
358969EEC5A117F3CB783C1F4EE7F1F82A79954ABE21BAE66D2088B83F4DC2607986729390BC022573B44DD58F30F5EF40C90B5032512C3D34485F7B817ADF9D359A4A5D1C0D01F50581F692FF622579FD77193FA594593B52DF504B0304140006080800C774655AA233C2345D000000800000006E00000032464332393231
311
412D414235422D343632412D413546312D3044324632373443304242372F5265736F75726365732F38353645363539422D463042342D343237312D394439392D3635343636394633453335385F506F7374323031352F7468756D626E61696C2F636E782E786D6C4D8B490E80201004BF42E6EE76F3C0F216234B883063108C
311
CF170C074F95AE5473F5C4C06E932E4F28601967600677D21E9D8092EDB002539227A2FCCB80E1168D80A6417297A89C5D6963B7129A0D1E8F2EE73AA7B62BBEB8B27DE50B504B0304140006080800C774655ABE89762363000000880000006400000032464332393231412D414235422D343632412D413546312D30443246
311
32373443304242372F5265736F75726365732F38353645363539422D463042342D343237312D394439392D3635343636394633453335385F506F7374323031352F636E782E786D6C4DCC3B0E80201004D0AB90EDFD75167CCE820A4A845D83603CBE602CAC26799919AEEEE0D965E2E908050C6D0FCCE04C8BC355404EB619
311
8129C92351FAD580A10E464065907C8D948F8F166375F655BDC3FDC3B4E530A176BE7057BDC43B2A593FE403504B0304140006080800C774655A1C09962A8C000000E50000003600000032464332393231412D414235422D343632412D413546312D3044324632373443304242372F5265736F75726365732F636E782E786D
311
6C958EDF0A83201C465F457EF7AEBFBA043588D5F5DE60C4B2884C87E9D8E32F47B0DDEEF6F09DC3C7EBD7AAD153B96DB64640764A012973B7C36C2601C18FB802544BEEACF53F3340A65F95808841F2C9D9F038D0A0C63EE848F56C96035684B694B006776953E2323F67985D18C3949494B2AE680B52ED461295BFC5DBD5
311
6E3E4F33F22D249F477B301E946F504B0304140006080800C774655A324D6889260100004D0500003400000032464332393231412D414235422D343632412D413546312D3044324632373443304242372F536368656D61732F636E782E786D6CCD94BD6EC32014465FC542EAE8DF245214613274E814A96A3B75A3F8264501
311
AE75C155FBF605D783A376AB076F707584BEF321E0C74F6BB20F20AFD1B5AC2E2A968153D8697769D910CEF99E6547C10931CC30963969A16569CC04BF100EFD34EAE02C0793A646BBEB34BC476BD13DAB77B09265CA48EF5BE6C76D2187801DF86BD1C9208BBA20F03890827842D016A61314810CD031D154CD2EAF3679B5
311
7BA9B787CDFE506F5F799948C1DF10CDC46B1780B0BF6B2A8571E962A08A9709107C203D51C9828979BA22F6C1CB4808EE03C51626327CF591947D6FB4922196558EE00F237899646F941FC00169B556E79B788B493F92F6765EE7FA2EFB57C465E54F10A459EBA58FEEB3848BA93F81EB804EF185925EAFFE5F29FF574139
311
FE7CF1F9A78F507C03504B0304140006080800C774655AE3603EBE7A000000C20000002C00000032464332393231412D414235422D343632412D413546312D3044324632373443304242372F636E782E786D6C6DCD410EC2201085E1AB90D9DBEACE05D09878023D01A1D34A8419C380F1F82DA68B9AB8FDFEC93C3D7C5254
311
6FCC12980C9CBA232824CF63A0D9402DD3E10C6AB03A3397DD192872090D3406ABE7CCF5B5D18893ABB1690CF4DCF02282E5EA8A5BB96FFE536F285CB347F95BEFFE81C9ED5AFF9D5B1FB575BB00504B0304140006080800C774655A5CBB09DC7E000000A300000007000000636E782E786D6C4D8C410E83201444AF42FE9E
311
167FB4B60960C4867B988A8614C150697AFC42E3A2AB37799919DE7D5647DE26BE6CF002AA130362FC234CD62F02D23ED32B904EF218C2FE5703E2C7D508281A245F6248DBA126338FC915EBAC7F1E12F58037AC7ADAAB46D1FA823935BAA2EC8E1ADB7A604AB579712E938CDF5F66B9975F504B0304140006080800C77465
311
5A1E7A0675A400000032010000130000005B436F6E74656E745F54797065735D2E786D6C95904B0EC2300C44AF1279DFBAB0400835ED02B8011708C16D239A8F121795DB93D22D20B1B467DE8CE5BA9DED281E1493F14EC2A6AC4090D3FE665C2F61E2AED883689BFAF20C9444F6BA2461600E07C4A407B22A953E90CB4AE7
311
A3559CC7D86350FAAE7AC26D55ED507BC7E4B8E025039AFA449D9A4616E739AFD7DE8C8338AEBEA54A820A61345A713E0B17153F7257E37E705E3371913892B25F02FEA0F1FD83E605504B0304140006080800C774655A3DEE336E64000000790000001B0000006175746F6465736B2D64657369676E2D7061636B6167652E
311
786D6C35CBC10E83200C00D05F21DCA56CA76D41FC96062B120735B69A7DBE268BB7777961F8D5AF396893C2ADB70FE7ADA196782C2DF776D7A97B5933C430F15651E5469C55D70F80A4992A3ADC954792C525AE70A1E4D6AD9816CC044FEFDF01FE3FDE907802504B0304140006080800C774655AB4355B73F90000009601
311
00003700000032464332393231412D414235422D343632412D413546312D3044324632373443304242372F4173736574446174612F636F72652E786D6C8550CB6E833010FC15B47703E6D192C83822D07E414FBD59B643AD041BF951E5F363072AB5A79E76353B33BB3BE4745F6ED9B7B44E19DD03CE4BC8A4E646283DF710
311
FC0575909D28B1C6F85F34C8345B640F09064A666BC2BA43DC682F7542B51172079973D243C66FB1E9C1F12FB9B09C051F19EE9AAF8C5FD92C739C6F3C4A425062972A11DDD445490BB4EAC669781B2BF48287336A86B64487E6B542ED349EC701E3C37BD790228929F16AF9D9CEAD645E8AA82FAB1695352ADB0FDC1CEBEE
311
889B4F52242625CEDBF8F3BE347D077448574FCC33526CD33FAE6115FFBB06A57D5DEDAE9BC201C5F1C8E7809222A514CB33C25853A2F401504B0304140006080800C774655A82175A56F40000008E0100006800000032464332393231412D414235422D343632412D413546312D3044324632373443304242372F5265736F
311
75726365732F38353645363539422D463042342D343237312D394439392D3635343636394633453335382F7468756D626E61696C2F302F636F72652E786D6C8550CB6EC32010FC156BEFD8E047EB4498C871DA2FE8A93704C44589C1E251F5F30BB12BB5A79E76353B33BB3BF4F4B5DC8B4FE5BCB666005262289411566A33
311
0F10C315F5509C1875D6865F34280C5FD4001906466767E3BA43C29AA04C468D956A07B9F72A4021EEA919C08B0FB5F092C79018FE56AE5CDCF8AC4A526E3C4663D472976A99DCF4552B07ACEEA7CBF832D5E8898C67D48E1D4687F6B946DD653A4F232187D7BEA55516331AF4F2B35D38C58392498FEB0EE106E1EE8DB4C7
311
A63F92F69D5699C9A80F2EFDBC2FCDDF01C3B4DAD03F6E7195FFBB456D4253EF6E9BC20323E9B8C780D12AA793CA23BA547392EC1B504B0304140006080800C774655AD4FB6A71FA000000960100006600000032464332393231412D414235422D343632412D413546312D3044324632373443304242372F5265736F757263
311
65732F38353645363539422D463042342D343237312D394439392D3635343636394633453335382F7468756D626E61696C2F636F72652E786D6C8550CB6E833010FC15B47703E6D192C83822A4FD829E7A736D8758011BF951F5F36B072AB5A79E76353B33BB3BE4F4B5CCD9A7B44E19DD03CE4BC8A4E646283DF510FC1575
311
909D28B1C6F85F34C8345B640F09064A266BC2BA43DC682F7542B51172079973D243C6E7D8F4E0F84D2E2C67C14786BBE72BE37736C91CE71B8F921094D8A54A44377555D202ADBAF132BC8C157AC2C31935435BA243F35CA1F6329EC701E3C36BD790228929F16AF9D9CEAD645E8AA82FAB1695352ADB37DC1CEBEE889B77
311
52242625CEDBF8F3BE347D07D4DFC2F2A1999A49B14DFFB88655FCEF1A94F675B5BB6E0A0714C7231F034A8A94522C8F08634D89D26F504B0304140006080800C774655A28F6CE4C0E010000B10100005C00000032464332393231412D414235422D343632412D413546312D3044324632373443304242372F5265736F7572
311
6365732F38353645363539422D463042342D343237312D394439392D3635343636394633453335382F636F72652E786D6C8590CD6E842014855FC5B04745C1910932F1677C82AEBA23CA5832231881A68F5F98B149BBEAEA92C3397CDCC32E5FEB23F994BB55463700A53948A49ECCACF4D200EF6EB006C985B3DD18F7CB06
311
122D56D9802803CE96DDF8ED9026A39DD451D566968728AC950E24D3231C1A60A70FB98A5478171CF69E6E62BA8B45A6287DF938F35ECD4754CDE13575537207BCA8FBA1BDF605AC50DB41DC921C527C2A2019FAAE6F11A2638D5916C39C39B5FED0A75D0A27E790CF0B02F312E6E40DE173599F117E6759747266DD1E763E
311
A0713BC06B525D2B423B38E61D86B8382148074A61457055D1B1BC96A466D92BF807E8B7F97FA057DA95C5017C252CE028FCFF79C159160B0CE3D96E98B16CFE0D504B0304140006080800C774655A82175A56F40000008E0100007100000032464332393231412D414235422D343632412D413546312D3044324632373443
311
304242372F5265736F75726365732F38353645363539422D463042342D343237312D394439392D3635343636394633453335385F506F7374323031352F7468756D626E61696C2F302F636F72652E786D6C8550CB6EC32010FC156BEFD8E047EB4498C871DA2FE8A93704C44589C1E251F5F30BB12BB5A79E76353B33BB3BF4
311
F4B5DC8B4FE5BCB666005262289411566A330F10C315F5509C1875D6865F34280C5FD4001906466767E3BA43C29AA04C468D956A07B9F72A4021EEA919C08B0FB5F092C79018FE56AE5CDCF8AC4A526E3C4663D472976A99DCF4552B07ACEEA7CBF832D5E8898C67D48E1D4687F6B946DD653A4F232187D7BEA55516331AF4
311
F2B35D38C58392498FEB0EE106E1EE8DB4C7A63F92F69D5699C9A80F2EFDBC2FCDDF01C3B4DAD03F6E7195FFBB456D4253EF6E9BC20323E9B8C780D12AA793CA23BA547392EC1B504B0304140006080800C774655AD4FB6A71FA000000960100006F00000032464332393231412D414235422D343632412D413546312D3044
311
324632373443304242372F5265736F75726365732F38353645363539422D463042342D343237312D394439392D3635343636394633453335385F506F7374323031352F7468756D626E61696C2F636F72652E786D6C8550CB6E833010FC15B47703E6D192C83822A4FD829E7A736D8758011BF951F5F36B072AB5A79E76353B
311
33BB3BE4F4B5CCD9A7B44E19DD03CE4BC8A4E646283DF510FC1575909D28B1C6F85F34C8345B640F09064A266BC2BA43DC682F7542B51172079973D243C6E7D8F4E0F84D2E2C67C14786BBE72BE37736C91CE71B8F921094D8A54A44377555D202ADBAF132BC8C157AC2C31935435BA243F35CA1F6329EC701E3C36BD79022
311
8929F16AF9D9CEAD645E8AA82FAB1695352ADB37DC1CEBEE889B7752242625CEDBF8F3BE347D07D4DFC2F2A1999A49B14DFFB88655FCEF1A94F675B5BB6E0A0714C7231F034A8A94522C8F08634D89D26F504B0304140006080800C774655A1A280E8316010000BA0100006500000032464332393231412D414235422D3436
311
32412D413546312D3044324632373443304242372F5265736F75726365732F38353645363539422D463042342D343237312D394439392D3635343636394633453335385F506F7374323031352F636F72652E786D6C8550B16EC32014FC158B1D1B303826C244B693CC1D3A75A92C9BB828314406AA7E7E2171A576EAF49EEE
311
DDBDD39D387C2DB7EC53AD4E5BD3009C23902933DA499BB901C15F600DB28314ABB5FE170D6466585403120CA498571BEE1B345AE39549A8B193DAC0C139E54136DEE2D200377EA865C887E023C35DF3FB305E8759E5387FF2A408414F9B544FF19BBE68B50249EAFED89E7A022BDC7690B60C414E7704B263DFF52DC6FC5C
311
535124B1145E2F3FEEE3AA06AFA6A84784415442C45E31DD97F51ED3375124A614CEAF31F3669AD20159B3EA5431DEC133EA28A46487213F720E2B46AB8A9FCB53C9EAF717EB3C419889E2F9E18F73B84FFF3B076D7C4936E7A7C201896390C7418A223519C7A3E63853EBF21B504B0304140006080800C774655A20693C2E
311
FB000000960100003700000032464332393231412D414235422D343632412D413546312D3044324632373443304242372F5265736F75726365732F636F72652E786D6C8550CB6E833010FC15B47703E6D192C83822A4FD80AAA7DE2CB32156828DFCA8FAF9B5132AB5A79E76353B33BB3BECF0B5DCB24FB44E19DD03CD4BC8
311
504B33293DF710FC9974901D38B3C6F85F34C8B458B087040367B33561DD2069B4479D506D26DC40E11C7AC8E42D363D3879C145E422F8C870D77C15F22A66CC69FEE07116829A36A99AA29B3A2BB4C0AB6E3C0D2F63459EE87024CDD09664D73C57A43D8DC771A074F7DA35AC4862CEBC5A7EB64B8BC2E314F565D592B226
311
65FB4E9B7DDDED69F3C18AC4E4CC791B7FDE96A6EF80BFA133C14A74AC784CFFB88675FADF3528EDEB6A737D281C701A8FBC0F382B524AB1DC238C3525CABF01504B0304140006080800C774655A72D68FE2F8000000940100003500000032464332393231412D414235422D343632412D413546312D304432463237344330
311
4242372F536368656D61732F636F72652E786D6C8550CB6E833010FC15B47703E6D192C83822A4FD81F6D49B653BC44AB0911F553FBF3650A93DF5B4ABD999D9DD21A7AFF9917D4AEB94D13DE0BC844C6A6E84D2530FC15F5107D989126B8CFF45834CB359F69060A064B2262C3BC48DF65227541B21779039273D64FC119B
311
1E1CBFC999E52CF8C870F77C61FCCE2699E37CE351128212BB5489E8A6AE4A5AA055375E8697B1424F7838A366684B74689E2BD45EC6F338607C78ED1A522431255ECD3FDBB995CC4B11F565D5A2B24665FB8E9B63DD1D71F3418AC4A4C4791B7FDE97A6EF80BEAD773A526CB33F9E6111FF7B06A57D5DED9E9BC201C5F1C4
311
75404991328A650D30D69427FD06504B0304140006080800C774655A85457C5901010000D80100002D00000032464332393231412D414235422D343632412D413546312D3044324632373443304242372F636F72652E786D6C9551CB6EC32010FC15B4773FC076934698284EE52FE8A9376A360E4A0C9681AA9F5FA85DB5BD
311
B52756C3CCC0CCF2E3FB74276FB8386D4D0B342F81A019ACD2666C21F84BB60772147CB1D6FFA0013172C216120C828F8B0DF3060DD67834093556E1064AE7D00319EE7168C10D579C642E838F0C77CB6739DCE48839CD579EE05E4F5FD26141E9518160256BB2B2CACAE699D6876A7FA0F50B2F1253F0A08DAFD8F6184EAF
311
A8889D7D8C04A2A978B15E475AD06A2369153FA92F1A97E8DC9FD923A3A7ECD4355D563FB038353DCDCA27D6B35D7D2EBB6E174DA25870E79758CD66924AF8AB7C15FE8A1666F5CF68ABC281A0DFA18AD4B3E0C5E712E29976223E00504B0304140006080800C774655A5354C3C007010000B201000008000000636F72652E
311
786D6C8D50CB6EC32010FC15C41DDBF8D13A1126729CF60B7AEA8D0271506CB07844EDDF17122AB5B79E16CD63675872F85C177093D629A307888B0A02A9B9114ACF030CFE8C7A080E945863FC2F19049AAD7280098694CCD6842D43DC682F7542B5113283CC39E921E04B7C0CD0F18B5C59C1828F0A772D36C6AF6C96052E
311
1E3A4ABC5A7FACDC4AE6A580B4AEEA0E550DAABA37DCEE9B7E8FDB7752262525212891A39488E9EAACA48D967E3A8D2F538D9EF07844EDD85568D73ED7A83B4DC769C478F7DAB7A44C664A9CB7F1CF7949ECE98163B7944BCA0745C987314B16C4520218BD7C415A9132117F4A874DFCA3B4D2BEA9F3C287C3418A63A13B11
311
83D305E3B89F37CE746DFA0D504B01021400140006080800C774655A3EC371F56F010000B80200004F000000000000000000000000000000000032464332393231412D414235422D343632412D413546312D3044324632373443304242372F4173736574446174612F446566696E6974696F6E4974657261746F7250726F70
311
6572746965732E62696E504B01021400140006080800C774655A7961E74FC0010000C80300004500000000000000000000000000DC01000032464332393231412D414235422D343632412D413546312D3044324632373443304242372F4173736574446174612F496E7374616E636550726F706572746965732E62696E504B
311
01021400140006080800C774655AB5A795FFE3790000DE7900006B00000000000000000000000000FF03000032464332393231412D414235422D343632412D413546312D3044324632373443304242372F5265736F75726365732F38353645363539422D463042342D343237312D394439392D363534363639463345333538
311
2F7468756D626E61696C2F302F67656E657269635F706E67504B01021400140006080800C774655AF3CB91853C7D0000377D000078000000000000000000000000006B7E000032464332393231412D414235422D343632412D413546312D3044324632373443304242372F5265736F75726365732F38353645363539422D46
311
3042342D343237312D394439392D3635343636394633453335385F506F7374323031352F7468756D626E61696C2F302F745F507269736D2D3235365F706E67504B01021400140006080800C774655A28BB58AF800100009E0500003D000000000000000000000000003DFC000032464332393231412D414235422D34363241
311
2D413546312D3044324632373443304242372F536368656D61732F436F6D6D6F6E536368656D612E786D6C504B01021400140006080800C774655A1004A04F380500005C1700003E0000000000000000000000000018FE000032464332393231412D414235422D343632412D413546312D3044324632373443304242372F53
311
6368656D61732F47656E65726963536368656D612E786D6C504B01021400140006080800C774655A8A56E75334020000A30600004200000000000000000000000000AC03010032464332393231412D414235422D343632412D413546312D3044324632373443304242372F536368656D61732F507269736D436F6D6D6F6E53
311
6368656D612E786D6C504B01021400140006080800C774655A705234CAB10100001804000041000000000000000000000000004006010032464332393231412D414235422D343632412D413546312D3044324632373443304242372F536368656D61732F507269736D4D6574616C536368656D612E786D6C504B0102140014
311
0006080800C774655AF702076DC3010000E604000045000000000000000000000000005008010032464332393231412D414235422D343632412D413546312D3044324632373443304242372F536368656D61732F52656E6465724D6174657269616C536368656D612E786D6C504B01021400140006080800C774655AFDABF6
311
8976000000BA0000004700000000000000000000000000760A010032464332393231412D414235422D343632412D413546312D3044324632373443304242372F4173736574446174612F41737365745461626C654F66436F6E74656E74732E62696E504B01021400140006080800C774655AC55C6636560000006800000041
311
00000000000000000000000000510B010032464332393231412D414235422D343632412D413546312D3044324632373443304242372F4173736574446174612F53747265616D56657273696F6E5461626C65504B01021400140006080800C774655ADE3BA4F4350100009E0400003600000000000000000000000000060C01
311
0032464332393231412D414235422D343632412D413546312D3044324632373443304242372F4173736574446174612F636E782E786D6C504B01021400140006080800C774655A57683D10E70000006001000067000000000000000000000000008F0D010032464332393231412D414235422D343632412D413546312D3044
311
324632373443304242372F5265736F75726365732F38353645363539422D463042342D343237312D394439392D3635343636394633453335382F7468756D626E61696C2F302F636E782E786D6C504B01021400140006080800C774655AA233C2345D000000800000006500000000000000000000000000FB0E010032464332
311
393231412D414235422D343632412D413546312D3044324632373443304242372F5265736F75726365732F38353645363539422D463042342D343237312D394439392D3635343636394633453335382F7468756D626E61696C2F636E782E786D6C504B01021400140006080800C774655ABE89762363000000880000005B00
311
000000000000000000000000DB0F010032464332393231412D414235422D343632412D413546312D3044324632373443304242372F5265736F75726365732F38353645363539422D463042342D343237312D394439392D3635343636394633453335382F636E782E786D6C504B01021400140006080800C774655A6A0FE89C
311
ED000000680100007000000000000000000000000000B710010032464332393231412D414235422D343632412D413546312D3044324632373443304242372F5265736F75726365732F38353645363539422D463042342D343237312D394439392D3635343636394633453335385F506F7374323031352F7468756D626E6169
311
6C2F302F636E782E786D6C504B01021400140006080800C774655AA233C2345D000000800000006E000000000000000000000000003212010032464332393231412D414235422D343632412D413546312D3044324632373443304242372F5265736F75726365732F38353645363539422D463042342D343237312D39443939
311
2D3635343636394633453335385F506F7374323031352F7468756D626E61696C2F636E782E786D6C504B01021400140006080800C774655ABE897623630000008800000064000000000000000000000000001B13010032464332393231412D414235422D343632412D413546312D3044324632373443304242372F5265736F
311
75726365732F38353645363539422D463042342D343237312D394439392D3635343636394633453335385F506F7374323031352F636E782E786D6C504B01021400140006080800C774655A1C09962A8C000000E500000036000000000000000000000000000014010032464332393231412D414235422D343632412D413546
311
312D3044324632373443304242372F5265736F75726365732F636E782E786D6C504B01021400140006080800C774655A324D6889260100004D0500003400000000000000000000000000E014010032464332393231412D414235422D343632412D413546312D3044324632373443304242372F536368656D61732F636E782E
311
786D6C504B01021400140006080800C774655AE3603EBE7A000000C20000002C000000000000000000000000005816010032464332393231412D414235422D343632412D413546312D3044324632373443304242372F636E782E786D6C504B01021400140006080800C774655A5CBB09DC7E000000A3000000070000000000
311
00000000000000001C170100636E782E786D6C504B01021400140006080800C774655A1E7A0675A4000000320100001300000000000000000000000000BF1701005B436F6E74656E745F54797065735D2E786D6C504B01021400140006080800C774655A3DEE336E64000000790000001B0000000000000000000000000094
311
1801006175746F6465736B2D64657369676E2D7061636B6167652E786D6C504B01021400140006080800C774655AB4355B73F90000009601000037000000000000000000000000003119010032464332393231412D414235422D343632412D413546312D3044324632373443304242372F4173736574446174612F636F7265
311
2E786D6C504B01021400140006080800C774655A82175A56F40000008E01000068000000000000000000000000007F1A010032464332393231412D414235422D343632412D413546312D3044324632373443304242372F5265736F75726365732F38353645363539422D463042342D343237312D394439392D363534363639
311
4633453335382F7468756D626E61696C2F302F636F72652E786D6C504B01021400140006080800C774655AD4FB6A71FA000000960100006600000000000000000000000000F91B010032464332393231412D414235422D343632412D413546312D3044324632373443304242372F5265736F75726365732F38353645363539
311
422D463042342D343237312D394439392D3635343636394633453335382F7468756D626E61696C2F636F72652E786D6C504B01021400140006080800C774655A28F6CE4C0E010000B10100005C00000000000000000000000000771D010032464332393231412D414235422D343632412D413546312D304432463237344330
311
4242372F5265736F75726365732F38353645363539422D463042342D343237312D394439392D3635343636394633453335382F636F72652E786D6C504B01021400140006080800C774655A82175A56F40000008E0100007100000000000000000000000000FF1E010032464332393231412D414235422D343632412D413546
311
312D3044324632373443304242372F5265736F75726365732F38353645363539422D463042342D343237312D394439392D3635343636394633453335385F506F7374323031352F7468756D626E61696C2F302F636F72652E786D6C504B01021400140006080800C774655AD4FB6A71FA000000960100006F00000000000000
311
0000000000008220010032464332393231412D414235422D343632412D413546312D3044324632373443304242372F5265736F75726365732F38353645363539422D463042342D343237312D394439392D3635343636394633453335385F506F7374323031352F7468756D626E61696C2F636F72652E786D6C504B01021400
311
140006080800C774655A1A280E8316010000BA01000065000000000000000000000000000922010032464332393231412D414235422D343632412D413546312D3044324632373443304242372F5265736F75726365732F38353645363539422D463042342D343237312D394439392D3635343636394633453335385F506F73
311
74323031352F636F72652E786D6C504B01021400140006080800C774655A20693C2EFB000000960100003700000000000000000000000000A223010032464332393231412D414235422D343632412D413546312D3044324632373443304242372F5265736F75726365732F636F72652E786D6C504B01021400140006080800
311
C774655A72D68FE2F8000000940100003500000000000000000000000000F224010032464332393231412D414235422D343632412D413546312D3044324632373443304242372F536368656D61732F636F72652E786D6C504B01021400140006080800C774655A85457C5901010000D80100002D0000000000000000000000
311
00003D26010032464332393231412D414235422D343632412D413546312D3044324632373443304242372F636F72652E786D6C504B01021400140006080800C774655A5354C3C007010000B2010000080000000000000000000000000089270100636F72652E786D6C504B050600000000230023003D100000B62801000000
310
504B0304140006080800C774655A000000000000000000000000370000006662782F35374434454131332D464530382D343238372D414332452D3033433441423130383039382F617474726962757465732E62696E504B0304140006080800C774655A000000000000000000000000350000006662782F3537443445413133
310
2D464530382D343238372D414332452D3033433441423130383039382F76657274696365732E62696E504B0304140006080800C774655AF270F1330600000004000000360000006662782F35374434454131332D464530382D343238372D414332452D3033433441423130383039382F747269616E676C65732E62696E6366
310
60600000504B0304140006080800C774655AB5A795FFE3790000DE790000420000006662782F35374434454131332D464530382D343238372D414332452D3033433441423130383039382F7265736F75726365732F322F305F67656E657269632E706E6701DE79218689504E470D0A1A0A0000000D49484452000001000000
310
010008030000006BAC58540000000467414D410000B18F0BFC6105000000017352474200AECE1CE900000192504C5445818181B3B3B35A5A5A4848486060605C5C5C6464648383835E5E5E6262624E4E4EAFAFAF4A4A4AB5B5B54C4C4CB1B1B1858585B7B7B7585858ADADAD7C7C7C464646787878ABABAB747474A7A7A768
310
6868707070B9B9B96E6E6E6A6A6A8B8B8B666666545454565656A5A5A5505050A1A1A1BBBBBB8F8F8F9F9F9F4242425252527676764040403E3E3E9B9B9B7A7A7A8989897E7E7E9393939797974444448787873C3C3C727272BDBDBD3A3A3A6C6C6CA9A9A9A3A3A32020209D9D9DBFBFBF8D8D8D9595959191912626269999
310
992222222424241E1E1EC1C1C1282828C3C3C32C2C2C2A2A2A2E2E2E303030C5C5C53232321C1C1C363636383838343434C7C7C71A1A1A0E0E0E121212484A484C4E4C1616160A0A0A4A4C4A787A781414147C7E7C9193915E605E464846838583878987B1B3B18587856668665A5C5A626462818381A7A7A5A3A3A1B1B1AF
310
ADAFAD7072705C5E5C9D9D9BABADAB7E817EB7B9B7585A58BBBDBB4C4C4A8D8F8D747674B5B5B3B7B7B59FA19F606260ABABA9A5A5A39B9B99A9A9A78F8F8D6C6C6AC7C7C5451AD12700002000494441547801DCBD89771BD7B5A70B8EE04C702641712605CE034890E220088028C93245451215B713AF388E7DFD9EEDB8DD
310
CE6ABFF4B57D97137BE50FEFEFDBA74049B6AEED74869B7E87404D2814EBB7F76F0F67A8835CEEBFA0E42B854AA5B2BB5B6BCC951A8D52A93657A914FE0BEEE39FFE2FF395B9B9C6CAD2D4C4606F4B7FFF8D1B37EEDCB97587F7CD9B4343BD134BABE7DB48E3FFA7A228ECD6F6574E4786C0FC8B5FFCE2CD5FFCE297BF7CF3
310
CD5FFC92B52FFE58BFF9E69B776E0EF5F79E55CBBBF9FC3F5D3DFFB07F5898ABAF7CDA3B74E74EC0CE20230561BF096E97E05712BFFCC59BC80539DCE83DDD6E54FE61B7747DE17FB8980BBBFB2BBD4337DF487881AAE6C5ACC6AF25207877B2B527BFF1CB3B77FA47561ABBD7F7FA7FE146A5B6BD74E3164C7F51449AE95D
310
B412200EC539418717E7F2F11B376FF62E95FEAF1442BED0581DBCA1BD2780D23F506AFA16E1A7AD974EF17876F00DD7BCB187A1A97AE51FCED5BF2BC1F2BBE5B3C19BE27B43CF26DE00933658FE129B109C2FFF922CC22C4260FA01BEFB462A77DEBC35F42F600C3F5B0795D2E9E02DAD5E650B4438A92801B65C35CBAB7B
310
1EE5041CE69D3B6F1822DFB873EBD6AD3B6FBC71EBC6C86AE967DFC2DFA4CEBFF1BF54F6276EBC114E2F43FEC60B01A0D440A868B2920E5C4BC10D60931ADCB871F3268B21D3851B08E1D6AD9BFD4BF57F7577909FAB86F29B982571136AF01DF5FE32AC3BD9406CAAF2440A54CF176EDD01FBADA1FEFEFE21FE4C9858DFF4
310
183458A9FD2B6708A5A5A137E0EE1D11A9EC0C7C58B2C73C0AD6B479BD76B7790CF899E287FA5B06FB7B07C9195B7851FA8794031EF1FC5F9406BBFB23375420286399B631E93B08022A785C4DBF9996EC3551874094D71B6F487E80F6837E50F483BDBDBD83232323AC420A18C68DA196EDDADF68A77F938F78FD972BABBD
310
B7B87FB164AC6FC2CB760365821ACB74AED44FFAD7E7431ECD7E08AC421F391D199998989A383D9D98E8E56F84A318C58D9BFD2DAB73FF5222C8EFAEF4DE7AF30D756E5108683DA471E70D0502099A7240F19E4089D3FD203E620F1B47BF43501E85031AE44B4B9F2E4D2D9D4D51D8970983FA861B3706FF950CA170DE82F6
310
B312CC4F42C8966295F7D725ED29882415DC055F36DEA1FE96FEC141493F05FAA9A9A5A595B333DED5B3D5A533F62183323032F46EFF13EA0AAFA5FBF7C8976F8C10F7280A014832593B90004D52341980D907EAEB73411EB2F1EBC9F507F92746C40E7AE0AFAE54292BAB2BAB67CAE0746264A277B06508168C94BF772BE9
310
765F7BF0B548FE1E07F3B5A521340A5CB5297C4B12811B89E82191ECF3E41B3259C529F135E23CF4C7F961FB13537F5A02ECCAEA76B5BA5D3D3FDF3F2FEFEFB3AA22053E5008833428DC6C59FA2F770595F311F235D427F379BB8A121BD901B96076A388DC4C3C61C7933CCCD770FF375A6E0CE9F535FE2534BF5ADD3E3FAF
310
D71BF57AA951B6D4CFEBFB8864758A26154430080B06ABFF557610ECC93726224F155D1471041E0D42F82F4891C926C1355B0831649FF365F46FF05300A7A790BD8ADEEB0D4AA9569A9BDBADCCD56AA55AE377F5F3F3EA2A34983A1DE91D810543138D7F28E57FF4E2B5335A3928B76EA1CB9B00BF158C8F63A2E788826896
310
D0B5E7C461949ECE089144F8EBEFC7FB4D8C9C4E9DAD60F7FBE572B416C2F2423ECF8B86C439E450DA970634ACFDA977629098D0B2FAF313A36B3869E37AF7853378CDA1171FBEBA95DF1E44FD5144A420588641B0055A79ED91CC0DC41E27064512FB33F1F04D09D0D2DF0203A646A6CECE80DF28356A348CED8C4F1EF137
310
B9319E1BCD29867CA556AA97F7B757567006A447FD375A26CAAFDED9CFDCFB2BB0BEEE8AA5911BC2C7F85DF88A3775389990AA72219D582409210F85A4E66F2987D875C30848023088FDF77E87F96FD7CBA5B9DCCEF4F4C9FC7C676777577B7B7B67E7ECCCE4E8DEE85E81A6D55AA3BC7FBEB242589CE8ED4770E785D7DDE2
310
3FF2587EBF57F50B9E820527316488E5C32D50F979BCA58207297E2B6D658702FFCD211840FE43FC9F3A5BAD9E97E6F21B9FCF16BBBB3A3A5A175B5B1787875B5B3B86DFEFFC687A72674F19D46A8DFDF3EACA59E405375ACE76FFA922C817CE86A89BDD92F400F2C55B7462F610459837D3A61ACF50C7471C8F2F2A9D38C3
310
DA2F068007F80EFCDBFBE5DCC674B1D83EBCBEB8BCBCBC3ED0D3D333D0B3DE33BCBEB0D8DA35FBF9F8CECE68AE020BCE61C112A4C1138CD47F9AD13F7DC6AB9CF9CFCFAF9D0E01FFE6CD503F5B91C5218E2899CA15098714848B04FCE5654884ABF0E554F11F6C21D73D5D5AADD64B7B9327DDAD8B0B7D7D6D6D07070763BC
310
0F3E38E8EB4310EBEB8BC3DDB347E3E37B5842B97C4E44A0C630427E5CFDFB71E03F471E12CA9FF70E055AE141042DD81234B879EB4606361D9328149037D7D76A571A7E974FA20AD0323832713AB5BA7ABE3B3E3D3FBC30307070B0B9B645D93C3CDC3CDCA41CFC6AAC2D64D0D579B4B1B397A7C1BDBEBD7D36657A3CD4B2
310
F44F4909F2B9CA597F4245C59DEC354316F0587020D0C661742BC02869435FD12CF195C422DB3C5A3E2305C000CE6B7B27ED8B7D63079B5B5B878787C787C7C7C757C76C51B60ED60EDAFA06D67B965B3B672677080BB5329E60E9B477847AE2E9EB53E35779FD37EFCD2D0DDD68AA355B6B0D81860502B8B68C801F5C697E
310
9AD62F4B406244CB975560BAC756AAA577675B07C6D03778C17E7C95CAF1B3ABABE3E3ADADE3CDB1B1B6B681014470343EBA979F8B90383545727C63E43549D14FD0F927E5F1FDEFD7263058FE02EBCD1BDCBCA053496BD58E69BC44F9F854D4D979AE9ADB908824382AC1D4014E9756EAF9CE85B6B54DB01F02F8EA5908E0
310
D9D5F1B3E72188C3C3AB67879B07C8A0A767B8B831FE5E7EB754DEAE5261460243FFF07858D8EF0D658BDC563A2C5EF5833C13C90B69248C4DD97842B61DFA7F210A2F6108A0F96B62E2D3B3F3DD939EA47E30ABF5AB2B903F4BE5F9B36757CF65021E616DAC6F60A1FB647274B4B05B2E5341B082D43278F67D8DFDA48AFF
310
9A13F22B34C7586C9992BA6E66CABC190E313E7C811AA57304B421A75B289B9D174CC868C24548823E230B9A5A2DCD2CAFE1F98E61C015CA7E96B083FC59F3ED06EE60F360B3AD6F79787ED278D0A86FAFE00BA9220EAEFE1D5DE1F7855939C3FCC1332426B377F692406E022C010DB437EF009803F0DCFD3B7C94440571D8
310
F2C328F115F47FD324802070BAB43FBA80EFDB92FCA1F7E7CF9FA875CBB327CF9EB08C4DE4815BC4210E2CB7CF1CEDECEDCED5B757490968286899FAF95583BF46F9393CEE6A86D6F618CAAD9BFF0BE22B042412C5CFB50556815CC5BBE33E9F61ECEC26A9BCB8145FD10590078F9C9E953B513FAE1FE387FAC246E14F9E3C
310
E7F5F8194BD6594140876B6B84C5D6799C61A16434201E5237582AFD75C07EEED9863F463284E2E13425A036BD41061259289B6BDC1ED656FC8B8592C9D00701E27CEA749F0D8EF44EAD8C1F80FFF8F8F9D513191F6803384C800097F24069C407CFAE88136B7DCB3D5D4A60B711F19070D83235F77331FD35E71596688903
310
8E2E0B346EAB7936C4162043E1A1F144093695443A570144898BC4079CEF1912809A3035A1D3F361235F90FFF1E3E0FB93C7E2750719F88E7D8E68123883ADB5B18185AE99F1D11C1238A792DC4BEDE8EC6FF503DF377E0445F68FAF4E08D43082D02170F30131A154206CC559A8D9CFDD762B31273E4947A581E0D9BB71E3
310
3FFA07CD02CE2A6BE1EC80167497F2A81CFA3F7EFE58D0CF5D5D170DE4F89070B0BC4040CC17BEAC6B0586C3D3FF0309BC06F44B04A1E13729929B4DF73C44070692C810B08AC3012E8EE9EAE22067796288C193B2139B970B86F47FAD0F98382B1E035D9C32FD318A4FAFCB274F2E1FA772F94411B0CD42493C23393A685B
310
5FEF3E1ACF554AF5F3552A478383374E6B2FDDFC4F6DFE38F4F4ED7A7FE838F488EA852482F412D3CB07E293D02C9F074F12E84C5AAC423271450572A385449844706475FD38DC3C22486A0639E5F1E38B0CFE93CB4B25910EF309A2224BD8DAD40C682C28341AD69047E8539A6AFC14EC573F7FAD10AE0FE6EB13E87B28E0
310
93B513B5803514DE408809BC12A14876DE0A25F643009E9176D9F0C330164285A7444DC8CAF0E9FE41429EE0A2F6A6DE91C0856C501272404A8468822E24C807030B1D33D40D4AFBDBABB411D093D88C86D7205E05FC57EDD1F805FA4CED5920F0CED39157E007CE21757C5DE440ECBCB46CD283E378029B43FB077B4F47E6
310
0E9F61E8D01BE017D7E843EB49F50A2028F1E442FCC90C9EE308E4C0C2C94EAE30B75FAD3A0EAFA57FE9EF960F14BE15638840EAF3BA490BB6850EDB38EECAFD21A0C746D0C4234DBD035EFC7EDD121FA585FAB73DB89FE6A03CF833AB0730E5E2F1A36CE3F202A128934B44E396961121E1F2C9F32BFCC0C140CFE22C1CA8
310
E109B182919696BFB98120234F61B59F7BF46EC30CF067B21A33B0FB3E402448EE266CCD93135A8E823DB31F85E677434E608F53F8100BC0098EA2FD6BC01770E0F2F2D1E5452A711C4BB8486248FAD756D852026B6DC90A2AA5C6B69E9068B8F27AFABFFEE8AB36F1D23985D5960014FD711940800B560250D2272CC54FF1
310
D3A660B275AC3881E349689C1616E1E9044129D032313509DE4700BC867C71F128C400159407C761022BA8A040F40A244788808C60B3AD67A17576279F6F946923191921B0545FC2F12AC0EFEFBD7262B6935679FC7F80629160ABFAEC88E8430E76D82A8DE62ACE50BD4A42FBF03B387B37FD321B37E31C3F063D99703F51
310
60E6C9E5A300CF32A91E0A085A29C0FC507F6C21012303C6104B82C1F1E156DB3229D1A855A32A8352C9077AF733A0AFE0FB3EF81FDF2F0F82C21B0EB06998866878B103305E31EC17F4FD43831E570A2118D1667632D4FFFFB125782F96168A833DBE78C3F11F8383A79D49F58F1E3DBC780417AE6581381E8610604888E2
310
913E12492881274822C221AD04CB0B1D273B8542837460898C686864FF6F801E8269F40AD0481DFAF5E6E9C1F3BE391C325004DF0746A4E4448F7B52C0D5EAD39EC46896B888C4210D68E99DFA2820DF7FF850EC407EB55C3EBC5028611409BFCB8889C90F1C52355AEF98B18100094C9D0EF6F64FD47E5CBF3FF5293DDFB4
310
B50DDD54F351446FA1F14580DC3902C085F593CB24ACC917B213BBC11B3F0A61042FD8B24F4FB9C4556D0CB9E1A880DE89934CE9607F18F81FDD950DD0E1D143F41D56110E227C250621FF098838042BC85B5B6BCBCBC31DD37B34966E9FFD9936A2FEFEA9EBA4182E5CD3E17AE35501FCE0707E5525A7DBC64DFD077825BE
310
37CE0BBE1BBEC061410C660B6E49912665E2B3749C7C9F93834022F74CDE6CA5EB501D9CBC04B768292C5CCB84478F3CA83074092C6082169015E5800D5839DC6C1B58EFE83ECA513BDE3EFB8EF1242D2D4B3FD55AFE03D42F8492AF8A3F21444FA2FA9ABBF525EAF84C09F0168527B0138A85D1EC0443C467B28BF844EAF7
310
6323BE13D7C11F72FED783837B970FEFDE7D7817E077C17EF7E2A1C2C0FE851FE4C008388C15E818958746129E1009D054B67530D6B3D8DA3D59D82D9D57CF70039FF50FFE0DE94089DB269C3655A4F25B38C49D0BD48E59F1526887C18FC5272197F85CA72862A593A4843CD25F920487DDF7AA0441A2C0600D062001F103
310
FCEEA3D8560CEC3EBACB01CAE5A51E420349F602191E5F901893142381351CE17047E764BE50DEAF9E4D8C38B6ECFFACEB141E54A6865A88A60133EE9CBB4C256930B0B168C1C3AB59FE1743FB422C7166082E934AFA5EFA3E4BCE0B69362FA7041818B7FDECE1DDFB4D022007CA23E521F0700AAEB5888BBBF08023E128B4
310
045381542FA256B0D04E28A0C3804E233A1BFB476A2F48FD135BAF9843BEDA3264EB42BA499601F16B566E72C7EA35908ABCB9176BBED43204C696AFD3D7B24B08D3AFA44BE243D88A6D9D0B6562B52F741E1610C0EFBBAF2B0829289A640EC4C8A4FF66A24430786CEBE1E1E61AF9507BFB496EAEB64F8F49B4129EBDEC06
310
5EC1F8A3F228A3CD0950883B41BEC6D1944AE06147289600A7726313AC69A3F91197F1438BCB743E76F01F6EF1D1C854071670FFFE43FF1EDED702EE5A14C85D0C42DF90B86068800659AC88981855E3E774A71C0CAC2F76754EE7CC87C808D1E1E0F6CF47FD4224731337BE1E39C5010823EE997B1491BBD99FC8D8EF7748
310
2BEB5EB2CF66499A8E0F7511B19B3EFBDACB6507BC78731B1B383D02FFDD7BE8DD9256F7D0BA7B46015941097B80018F700FFA024CC08078F51806100ADBFA163ABA8A3B95B9D2F92AC30BC908ED31FABE0CBEBFFF0279B675868F9AA24E9530B08C174055B7F48E4F58002F3E82F0BDFA003E8B431EB6C4A91E4D9B5FFB79
310
1265BA8827BBE5F1BCFA7F789F72F75EC800F8AE43FFAEC42F13009FB905A9A0132015D0068ED7682AC608BA6771038DEDB3B33082891FAB1ABF5614F93238079726B833958796B845B731FCB86316713C1DC581B1E19B424EE32674093F80776F7E27C6FBFAC85C536CD955B96EDA2A3FBF770FF4BE11845470EB3E42D022
310
000E0FE07D161811020742162444668308801E133A4C163BE68F6826A5523071CA78B2FED51F28F8C70FE4190073A3E5D3259D7A288CD19BDE623F10021BAB0C6E327FD507B2741627727EA00D31856492F9F009D7F152D930704E642795C1C1B336E0DEBB7F0FDCB79318543B25341F36802D64A981A690B94259607DE0B1
310
9D466BF8C1C5E1CEF9A3FC5C639FD6117B4BAEAB453F8EFBDA500A67E8BAF76C8A06566E36EE1184E8329419161F83D843D5DE7D8221163E145F56921C3EE383978072129E290A9B7166E63D26BAB1FCDBF710009E4051842390031845F20077CD079407C575F20364C4910ED2A574BC357630B0BCD8DE39335EB175646A69
310
8458F6A346F003A93002E846FFE0C459B8006E506D79BF902908A0AA05CB5E73530E33BA1D3C2EF99C712B7C8B41DF4D2A7830BE8707485FCFAEEB85A09AB6D39BBF7B4F23E00509C20DB04E240822A4B810E04D8D53D10D504C059ED86BB8697F514777717A8F8144D48A4C89077F7EDB00E2D89DC02A7B975640A282C49A
310
4AA84B70B12BFED8EA6584860DFB7EE23FCB00C6BAF7332FF259FA3C9346508813E372F1DDE425065BB61FDF8300F7EEDDBE8D0C6EDF46F7D8823478590AE23759D60DA6B7A9F125EDE8F4A5D2B37470D0B63C30DCDE3D3D59A8D1501EB1B0A5377517BDD6E301F995E3F955F0F58FAC2E81CE172A8344AC03DC6781939D24
310
84B8FFC15E8F3ACCD3954CE19576B942D0A029188EC7013FE59AE90B71292DE774F1F63D60230180B30A2EDC65291B6211B4081128856001A680015CE000708254891851D4B3BED0FA4D7166B466BFF1D2A924885AD12B387FC0FCE6819AC3AE06A7AA4B715F0927B74D119D4A668FB54B8A8C268D8B038A207D10A7B1E95E
310
42195B695BE0240F7408B311257C23F581E987C180140C584A02B1670CB817CEC0A080F259F1360E58452013200E3EC107AC1DF4FD7B0F6D23F33347F9527D9F51E6138E31AF35F1BDAAEEEBA3D71BB402E2FB47CECEE96B4DB85536772B07C82A34F3E66D0BCEC207FEB9E70643761276F7B50D5EE963CFF80C7AF4A2130F
310
5BF8C4EBFB5F07B709840480DBD8007FB7EF3F90104908BA457D43AA2A6A02C91422285E5AAC143F3313A0CB74D9D164933B86C25587134E8D342B453FC982860D09FD13ABE72055ED020E85D3E312F74C25CB0293D978A1C4001927C80B86FD06349126EC219F0C735C8053D8F5F310817EA01F1B7851F406144C211C6362
310
C27DD51F1E310C0102280ADB891E9B085CC528A2B1369A46BA195B9A2B351862CE43174BA73FB7CBB430A5798F4C54B7333B96C3224A9863AD02B9FBD8E63092191924E77C199D92887DA594B6DCF0112857162FD0949FE6A441F5E62E42FB2105BC405A2301A3424601DC807912CB2C39C604A27908021CDA30C4C8C2019A
310
883B3A8BD393BB3546136EAF561980FB63E9E035FF73B96D09A905ACB2C11D79571C5159026227DDBDB81396EB03F14100BEB66DE1FA9EF82C3ECCBE318119C4269FD014E66361FC8BB0B4EA9A98EF3D8848A01360430284335004C183CC25BCA82D2302EB03B8419241C64DF4F5ADAF77B533BE786334BFCBB8DA72BDBEFF
310
C36103AFB30608A0B39B58D93F0BF42180841DD26BDC22CF0A770E90240006BAC65197D90920131C7B2EB3CFD3C71C6378A305EE8488FC1FF8D391E2BDDB0F6E3F45E7C8207C419800DB410073A3173942CA8D5242642A74496FF115832A6314D9FA4257577BF7FCF8F8E8CEE8DEDE5EBE76DD3CF892BA7FB8B90F629431B5
310
525E92A15A3A4A6FEA3FDD73136172060959206591F4C927196CF645AA285CF3014630121754261C0D31E1A7E3DA2DBDB54B04703BDE3A4209F02045C4BB0F529A14BED07098A2A1CD47513DA64B512F409BC01663090796D787173B5AA141B1B39BB470EEBCF1E30F9D263ACC4D05110797CEF7B923B027F089F74D1D06F0
310
A4D8C0CDA6604023FCA45B76C5CDE0BF3845ECBE13E0C0ED73700A8A753C1AC8AEFFF1B407FC8A20F42F0D94019121DE304077A027D4112283BB8FF0072444D68AAD111D6F591BC0061854BBC048EBBE9E81F6A33A95C21BFD13AF3C7E7DCDFFEB0DE8903F77B41DF178E99C289895B0EA8CD640549D68935BA7C5294E0A1D
310
66DA0CC419BD398E6265789CA1241441AC94532A3C19C95340BEFC68703077EFC1D307B71F3C500859C11494838E902203A2BE90EACC5135B80B078804340C920C2300BCC06F7A1C71B875DC572C9BD1D84BD5FB9363CA6BA7D03E5C40FDFC54FC23C9B4B9DDD028787D89219038523BF64E638BB37CC25335937A00DFD328
310
69C5B390C8C32FF25C8C47A7181B4A599A224A9DADB0E0406FEFF9F183B7448F081E3C55024FB33828784AB61704482CD0160C04174F9E33BA9291D58C2F1F1B1B3B5863B0D9F3E51C35C253D54A23E560E2C0CB3A6F7A81382601C2079CAE96B7B1560D20A341E85A928A4E01083256420576C2ED477E2E565FD9223BCC69
310
1CF394D3D8E281501E0EE5C1C8159E92585D255CF30CC854C75318006EA4A01028EC853F9407C6053910BE105348324002260254886C156260F9189EE0F8C9A3CBAE9D5A992184568A69D5183A7DB97DB089FDC57AEE54F858FE54F577DBA85309640290F2D220952620750C5811FB772A7876D1E4040FBFC6474D51246D8B
310
3FB378283FB514F8AB3C20B8BF7DBE5DE541C9A5D3D38DDB30E00151E02523081BC89C2214103E0BC1B3D0199A08E002681A2613A2616CEDF0F0F9C5DDC75DA395C25C0309C03DEC8091A4AFD3FEB504AAC6633930556DAC86EE3561941E862C4A75DD6B6BB3A0C59BE153DFA73EDFCBC3CE2188D3D378FC976D0EF9A95B7C
310
8532F527CE3CF539581E0FE501291E9139FFB65EFF5DBD8E0C18DE3077170A64E033FD278F18068028802F156C3809FDEB11B1019C208D020C9BA2870457F0F8E1FDC7EDD393E3B9FC9C4308E9315704233F960E554802C14716B0B45DAB5EAB5E25AB7830EBB8D25E6CA94E4AA01794FB1EE164FE9F040FE82C940A4BCEF9
310
13075D087E85A7237D3CF29C47E4E676777779528C4781761F0BFBC1D3A77880E40C9A2E5109180D5255317890394229F0F082010354082D574F1E3FBAB7D6553C2113DACB97BEB5526C7C6F69F9310A94C46CD89FF8F379AD1AA035FD00FF3F320180F01417A6F255A3A8D86319FE0C0B0E06A0DCD33F79841339C01E5BBE
310
1911AFCFF7C1E0A540BFBDBFCF2372352686D863F83F59CB6865F43104007EE06F52406F680341102048A01BB048823082CBCB0B6AC48C313F3E7CFEF8F2D1FDC3D6F6F9F9D9E98D9D7CAE5EADE2A6512FAD7AB526E17F600C85550DDE9ACFE9D97E694513103BC69F8A2813176032C890C1E9C49FC09C61670FF8705B1D73
310
86260E7C8E7122C7F8208A55139E8C8D4763F7EBF5728DF9C34677364E3A3F9AEFDEC9CD95470788834F9FBEC512379890B38C94205B2557987C4186DF5C0837608DF0F9F3CB87B7EF6E920475752A01460E556919B2B64296FB9FB70DD5F47232A0F77465BF140CD001F00ADCA175090E2665A14E6329B62660E02A1CB50C
310
6025E3DA252A670B3F0FFAA5EAD94A509FE7036B159E0D1D9F2E76B7AE1FD5A606198D3A747AF450023CBDFD162278B9446688111009B4029B0F2180AE20A542D40610C073B47FEFE1416B2B12200F3C991C2F54EC2491027A816B0A34A9D05C6F437AC23462385DADD75642EDDA738AF1600DBE07EE8437804D2D011A94DF
310
71C2085EDD40266A407FFA1D1C00B0C03927E60338E3B9D8C47D1F8CAED578E06F7CFAA4BB63B175FA7C301B747CB377F45192003CB8FD34B12009224543D8604494011A80C1903CE0518C986208E1C5FDDB8FDA161686873BBABABAE74FA637BEA894A44078C19696F326E057D7F95D061A6B0394A9D5F2DCAAFE4C2388D8
310
A6E9AB7695CB0BDD0A332430F1A9333DA41D1FFB97FA09AE84E738C75C407C260408F8DBD5EDED7DE1570A7BE333C54F16963B46AB0C2B71208EA3D16EF4EEDCD7005241166C005A73C03164792151205C007288AE337B4D7103741BDE7B7AC913350B348B2D767515674EC6F72A0402BBCB41C81305AFCF05F2758D3ECAC8
310
D26AB97606DB9581A4B7A8FFB068CD5C0604E6849046B70C2B60FF0CDDF93C13822B4E82FA0479A68220E66D9FD775FB3C1A9CDBDB9829B6AF2F77EC9E0678FB20ED8D1B1A1A39D10F9812E20D6281F5673121AACAA9C53424000DAC173F7E18C3052EEE3E78E7F1160F5AAEAFB70E0F7775CFCE4EF384DDEEBEB9C0889D52
310
43BDF557559FEDE5F17AB21E118C4C31A3DF6A96B56AC62180293910ECD6B721047664BCFCC6B2DD3C65CA0F0C823DFEF84083C7ECCDF05898EEF158F4FEF97EB9C123F1B9D1D1A3D9F9AEC5F5CEDA84A3C96C14A55584D62893D6A54D8D2028D05C8B1F124884543F3223B29D208B04910D3FC43F5C52196AEB5B5F5E58E8
310
E82610F08C21BD443801233C0CE8BD1E40F84A1CA86001990048031ABBAB11EF83F9283EA89F181F2A0D9A9F62D94B7F625FD727E6A93F63F200F614F7CF100D4511C07DB45FC5F0CB4CA359ABE4774631FDAE85E599EA0878A3C33D5AD6430CF4C055EE5FDB80629000D7855DED3F436F3B61B3DC7FFACEFD2B1BC6FB0696
310
312CFA477CE87A87070C7998E04FBA78AE3F915A065E819FCF35B410321D9ABB308146A11AD5196CDDD7C477A171C8AFC74B45CBC6F641AB53C8D4ADA5870C02379BC0470CF83DB55F073E29CF5CE5F7A3F8FD62EB7AEB1774C2C6780B9523F9287193FD23DDB79FBEA513B45200E2E0C1B51350163AC19043C600F2C1DBF7
310
DEBA7BB9B5457BC0D840CF325EB0BBABBB786D301437000020004944415472B491ABCCEDAFC0591201CAC8EBFACBF367FE7B6E40E69F551BBBE7123E3C00AC560CE20C62436E8C3C54CC225EE08C0D74CE26148877689EDD004FB2BFBFFFBB984035373A7954EC5EE8591FE531348654514DB1D1C56411DFA2A7C212BE5ED9
310
1278F2851A432244C6822C29C85A8B320ADCBDFDD63BF71FD32648E7D098CD018BC35D7FE89E250EF2AC75F96C15271602687965C844B8807C6E7729D93F22E81D39ABD62A0820C1FE9F11CFA7208125D33E96FD69E83AF6052DD32D49FF0802CD9F9DFD39260389A950887A647CCC99BAB17132DFB5DED35138FB3A060F62
310
95AA5E195BF0BB56495A5A4A8FA440026E46A047D40ED2520A441C302D240F201FB8F7E0EDDB0E12A04D8816215A0579E8FE1B1281E9F19C9900DE79842E2A7CCD48E9876EB01C75DBA0E0C8D44AB5512947A00BE7CF5DE9E1A6A6BE43CF1A78783DFD5A404E4477336C1ED8B18908B2A847B2AFE9839E891137A6673BBB96
310
FBBA2A4B8E9373B001F08369BA11BE8ABC4302FD2345FD6014A127068427D007BE28B41D9B0D40FFB7EE531FA673C8870A69135B1CEEE8D009C08042A5B4EDA314920B635BF941E7487E45256439DFE9D276295F87E698389CD49FB394FE19720412DEDDC40E9CE9C6DD605E0B719FADC416CB15AB3A61F9B5B9B9426E54F8
310
1D8B03DD950946D432B40CEDAB7BB5AF11213CBA73C9BCCCDAFBCF06127C7980FE6D1DC9B4DF14832D6568FEAEEBA76FBF438300B541064ED33F3AC0B0D10505306FD370AED02859234402F6C3FED006766DDED2034D90D119057225EEE3DAF787EBF30EC51ACB4F551678BD6728E1944730C095F13E4D81A4DFFBF67C5BEE
310
37E62A85FCCEC6CC6C7BC77A5B477E22223ECA4FCC0F87E2A5E3EB782BDB25B8CFC6736A044DE5A7CDA604526361D650484FE283B77EFBD65D52C1C73C4F48E7D0D81ACF572F2E2280F98FB230508FA906B42DE240ED651B301CEC83DE1790C9FD96B6CBF986BECF3BD332C18EF627A0B6EECD5B152E02088D03D828AFFAD2
310
6B05BF671B4F9A09A8CE0CD2707F67F2A4B3BB75B9ADA331C1305BBAC182FB4A79820B7EEAF73199B8404C0B81231CDCBB871B80FC41FF5860E8E108222A1A076C29E6E03B6F3FBD4F1F295DC457573C7ADED636D6B7B8C88413DDF3B327E1046AA51040B40CB50C7E3F1D2E44DAD34CFA604029BFFBE714DF0C069908027E
310
B275F1F366C132E1A7450B04011CF82B2B647CE754F650FF6E25BF37AAF65B7BDA16CAA791F1D09F6CAB989EC5AB7809BE145FA459E8D3E4B0FB47DAEF093B946FED585B80FE1A0305FD5330FEDB4FDF79FBF6BDE81D8300CF6815E5F9896552412A03F31FCDCC7CB5E32365550CD9365FDCCEC8752E943161D78047336F8A
310
F6539840A1F2E764FDA2970999F205CD2BD1F5CF496571F76EAEFA0E1CF8FD2A55FD06391F9EEF8B9DC9994E72BEBEE1FC928E2F223EBA0FBFBFB4F2DF137BC894B8087643D64ADE6EDED67F7680FAC9060239E845FC94AE93D880F994FBF71FBCF5F66F9F32C292EA900F9C1E6F1105E81C5B5F58A067A448143842008D72
310
75EA3BBA3D2516FDF02FF79260020D6B3C714711F3CFB61BFF56A826E627E82256F7400FB387FEF23C1C1E77FD6A21EBB1B2B35F2F95E7760BE1FA3ABB3A981423477517EEE36FF96F122B942F6FB64D9502BD1B9089162532A2FEFED255028FE653C9F46FA321E0B588B7DE79FBED07C44106CC85133CA65190543004D01D
310
02D8181DDDA5A9C91A7110805B7875B689FC3902200FB192E7DFD936B37B57D9C338BD49E99E181F4E5FCAB2ABC1CA7AAB382CBC7D515457CFABE6FBC63D525E5CDF74B16378B9AD6774A58531912D232DF01BAA913DFB7D3AAFF912984302B84D0500077800D26C60A4742101DE420C610C2E92FA93056022EFBCFD5BB6B3
310
8651470CD33BD87630C05831BA864C85997B8754B05167F0706499DC442FCD22592AEC2ABF3FF13F950039BF159FA9B36ABDB2778EFF83F70972B83BFD3F4899E64DD8346AA495CB155A7499F2CE39B0AAE755125EB84FD8CF8D8E4F4E9FB4B72E8F1DBCCB98B31BC4607C2CFF21C8145FB48EA0F2159F86A3098415609554
310
DEFA7B27EF1301033DD06D274BAF6821D220DEF96FA4CBB60B3CA241C021D38E1AA76B4406B4767576166766A6C7F77273F5F395291BBA19F64F2E3095C14F3E60371827741CB27E89543857D6D96BF9A47C6A9A26057840332EB843717AAD171880217B71FCCC0355AED3D4819911F79D0EA8AD6DA31A83E36C5DC2D47029
310
5C011302387069158F6C9966022367ECF1D00BA9BB95C389AE7B6105A1FB640689033A7FCCFFEDB762189103A61C3A4FEFE0D6A6B5A19EC5755A443AE78BC5E9235B047890A65919A0D2F96AA3C01CEE913BB3ED239C3E0CD8DDAB99E4348BF3F8B977B6C43DEBEFBD7721A839A63B94C06A10DB87FCBFA3C2932F8C26F88B
310
6D6BB30C3C4E09AFE40FAB52EFAA1EC0316920E031A46D65A0FFE45A673432E907FBCF86717AC04F2CD0EF512D665FF53F05BFCDC43489F150890C60A8E0314E70A06F619D30D841189CA15D3417F3CD50191AE4396543F0C42BCFD696C58DF163F5B46D708BD5FDDA5E5E5FDF9401BC4F7E00E8A17520833D1CBFF495B5D1
310
CE037C664123EEE74737268B5D1D3DBFDA6AAD8C08DF2C0BC7A737E10AAB2A7B958990CEBF556CDBEE823CB09FB344143463C630CFFF585D330CF0320E921744A7918280FEEF981161008E9FBC78C830217A07B7D6985E83F9A79884ABB5AB383B4D7D788F9FB3D867A2112A43F19042B33A108690CF6F472F8661CFAC9714
310
78757F6E6F2F7AEB82FEA85E5715941778B278281F28C268AB24BDB470EF3303E09C359E9DF1CF990D8A096106E6A66C8620DDE7D281DF0B2831F20439A30D68386CE13E002F7EDA8D7806162B205D6A19AA1FABFD6B1B400EC2BFFDD66FDF7E8755B4883C043F43046C1326136680404F1F934EBDDFDD39CB58A98DF1BD78
310
80E0532E671FA1435E9D6EA5E9071000BE8F262E7C4044FD95D5FD526EB40A05A634775F32205C3D779FDC168CD5E56BF982508BF572BDA4F6F57D3304BE9EB18149461B12F760D7485891CA47CFC44909136FBF4931716A2E100123FC6CCAA6A644F25EDF4AC980B14039009BECE8B798BF69A05DC5B6885CD23F8E13A46F
310
F0C0A986D617F001C52241801E87C2974C31411DA3A5D7B6175472763D637D3E57C33B908F867F4A59CFCA7923375E5F027A983E18BD7BD4E6FDDBB2250C1529F4202EFAAF979DFFB1F2612E87EBEFEC58581EDB9AA95AD1D7C1905F7305BF8182D5BBB524D47C4E3B81CD843220DE1E6536497C0962C225F75A2D6A998303
310
B23FC501F0B3F736EE1FF01200FC8C99F5515207C9C40081DF304C0A17D06E26CCBC5B3C47459308178301FA8057C2C0AE9D99B05F038828B08400F2E3251254DD7EB8BC4853B101F99AB48E387457C96951E5DB670648BAB70A7B04FE93EEC5F5B183F9739C98952C6845C380D401B8FC86E70A20744EC720E09D35955D96
310
A9041720196D183AC2CFE6AEA816652D0234883D788BEC8F5DF2615261DB031C2381092401B48D8D2D870FECEA9C3D99DDB036C8A051058030E32190976718C89F031DFBFF2EEA3D88606A8A19BD0AE305BDFD12BA4FF46F1A0002B07137989C748936E9DB2C91F43B07E4E4D16C3779CF5A4FFE8CC981F07C29E34B7C012A
310
F0054FAEA4A6A3D49D3A16D2B3CF220A029003366663053C89B3FB1827080DEC2780076FBFFD8E39810CB0593CC68B5D9009F2D400418028B0BC6CC74067E7C9CC0C2690FBB084AA5254A12AF63543B35EB40D17B693F7E3464D5094C00AA9E04E0E0524F5C35C5EC6BA94B21AAF2440725E2A9FF94FE7A8F0E769EB83FDEB
310
039B631B18BF396F5C13CF89ACC02C387DA56DC3B1CD84B96CFAAA37B55FE723B611062258257D331F186AC93D8AD600B4FEF4AD777E4BF68F2168FF08C081A37AC13446C859964803961928476D78F68419390D830C1935B5C2A0A22A3AB17D3D6428BF12DC373B8D464E04C0A496BB3B3B75639DCC2500E0F0B15FB6F47B
310
5A7ED0183A87CAE8D535F2EDBD4B3B7FC762DFE65A07C30B2851DB890082ADC07131EEEFA3DB7DD5CD32C0860CA83CD4B7993A175F422A8149B1C1D94C1145059D9C78A8A572A90B7C8B1E3392FF77A80C50220880FF3669004E90F101740D2B808181455A044904674E7482CC3EC85C4BCE339404C0B0BF6A5611E4F9B815
310
7BAB6DE327EC9BFBA1B4557ECB609C1F45326499EFB90EE78F18227F09E563C9E63D847EDB3B68EB9C39E95AC4F7ADCF7D87F6752BB6912040281E4A0D8A8314E80D60470999B8A51FB1488A66A9F3F81FFA61C83F4FA6969E472288FADFD61B005E0EA4284822E018911828E868614DA0C36E11F3A051070BF2F0840E35F2
310
00E2C0C80A776CC9E7E6841C0503D0EDF15ED9AFE527E798D23BEE5F0604E58DFB7099D739BF0BA5D332EF29F1535995BDBD0DE681C4F71DFE6A7AC5A13554AE6910963E9ABC9A0DB5B202225545F5CFACC942B5B93C207352B6E5310BF349AF200175D7DFDF78F6D683B7C87E087FA9B35812C4F8F13452CED610A2207541
310
E6D659A739441F3833CD0C9C3C3DC2B0712F62333C4FA9327C9CA1124904B4FDE0FE21C119776CB0C212AAFBA5CAF80EB43772ADFE77CD9FA8A4144C54C2FB2304C65F62FC3678E4F6C68F30FEE1BE8383CE7DB86F58B1AE0C51F0F055E188D02F00911DDB0991832228B3172B3E623E513FF1734FF414A611A603163F401B
310
EA790FC9FF7FC3FD3DB02DC00184145B850D01D120424DC03C00FCEB7880EEEE939399F1F18DBD4AA54C939899304D913CC2D5CFBC55E50C7FBE4C0E14AEEF53D6843DFF56BE2D554637EA047D3C210E2C61077875FB5B40E19F43AB7470CAFE1C0D3ED3B3B4778D1DF6D4F837C08747180FE8394F2CA1E0A46B6DA62CE2B2
310
DABEDE0B1924098580FC16B369730E9E90541D3730D47FDE16EE1FFAD3419CDA05ED1F2715C607F2E81893AFC5936303F40EB776F1D808BDE393A3FA401E1C706E154C892860AD74A2949C409E28A8FB3349C764D13E4D1D3468952B7B1B35001BF41142CAD58D6011C8B78961EACAB66E9AFBC627673B61FFDA4167950A27
310
4145BF11EA17BA9AA60815C2C43AE1F648E3772E53C94E6364AF826019E723069A8AA353A3BF7FB5359281700061FF64C28C10B9AF0B70B0B0D30A31CD1CFD22F68C76DA1E44558869257892363C091D313EFA46B57C3BEB252E9C6BF5B4799EC58F1910F469E25AA17B343799DB3E33CF410061F96C6D63FA91B1000CEBB7
310
D2971BDD39A2A76361E000F5DBC1688D47CB812DD60F8001AF25B328D173A9E4BAC18CE9F1F628704330741B2649B92E9714447C68559C6CD2F681919367E4811100750058809D0230C087A89FF3C80C23C4C60882E481F48D531764BABD5CCECA308DE2F63D3BB50373D630796126803C2D1FBAC148F7592881B395ED7D26
310
B7DD38D7096AF98841CB37592561D9C6565317AFBE9FC4AF7371E060736C7635E0CBA1809FC80F544DBAA1F2F9393D970D44C0615A0C6930E758B9E63AE690F73045F0C8C0731DE9CD80F718E94652383458799E02C06D328010011C7090D8C5E5336A83D4059953877EA1E1D66FBE994F04608C4C991917230FB61F9AEE18
310
3A40AB9108D032449FD1A7283DD25ED15360EF7EA9303EDDC0043403531EDEAB10DFF87F5E2FD56DF0F1B701A9F614DB17FA0E0EDF6FD0B1622A81FA3D1DE5A33F551930335C353A87F9AB05C60455193448246944A232C5D07636D864CDD7A50D0B4440CDCC465D1C418321F50E1648D500294065D869559EF3C40C8FCC6C
310
323E989AD0F0C73142480B200842802C061008B480A9954AF282052B3AF67350FD0DD30D1F4075AC303A5D490250F5400ACF479656861E4C77AFF327F3EBECA4B57B6B6C8FF62602BF150744656A87DABD7BC6BED50527B2120C001A0B3718C74F0C65CD34F275164D7968148DDF259AB8AD6CA81CDA4E8819509B996A7F64
310
2D987A401A2B04018C01E6C169A8700F9DE3B489DB2BC49C9B7B858A4F50D22AE15428FCA4A1EDB20C83492690CFE361CC7F8C8066FFD0D77AEE797977F468A36E0B0DFC87F90EE6348BC748F7CB73B5B9DD5C6EE7AB19ADBF6DF359F1DC2A0F9E44F213F8041F64274C0859A2AB7C37440FEDDD2F95BE44065F22067E3EA0
310
CC3BD8C0D8194EAB291CCEE20B9CD8E02950AD806080047A279F19024C837C848816719AC4A34DF8F0706CED904E8185753A458A27E4C1E37B5F30A104932BE140E0BF4E400160F320B054A8705042FFC47B4940810173F9C9E97240C7FCC3F3813EA239B745DE9F1B1F3FC2F9330374DBD1A7B475923F9A2ED81716D18D1B
310
577DAAB9D1A0458655AD3CA7E211867AE7C702DCACCD291E0F798013DC01BC326087775C0833E04EA3778FBCB8DA4687A0255CA0AD210C15661E4E92001A4449031D1DD27D327334BE830B64DAD90CBF537A45FBD4E94A7A88888E715B7E74FCD040E818BDC1BF5AC609CCCC015DED23877080FCDC47BD8EF3A7B783A17D33
310
F3ADEB6D6BC7AD75EA7C7852C5B6FDADA6AFEFC2D181C03F8C40DD8A4AB5024F0B72E34B57BC1182472DC80946789AFB711DB7F1193C03C893B0345F420246114D3EA71D04FBA731C0DAB0D3CD311B218F0D5A15ECC105D02F3AC32F13600084731A83220040019B03180634B5923D438300B05BAC80881F061095FED5D572
310
A3323ABD83F1D37A2301A8C930AB3F66ADF7CBEFED30BAAD7D78A06DEB6A87F15491F5AB7E25842B6B34BEFC12C8A159F187C64B3CBD2356DE5FBAB98BBE9583F0E3280C0076DA15BF34C15238145742B07080B1EFB83382F9FEF2239D003541041083C5AF9EF3C8944DC2030BC3ADEDDD9D27475800693049E05413BFB3FE
310
B4308731512F13400D06F813368A0101D8D863EB3E75FCCADED124F532AD3F123F131AB46A93DF1ECE7F96CE9EB6C365C6D6A07EEC461FC919FE288AF7AE1A7D012D291EB073735FF26BBB1C99FB706E972192819B7A34BF22424BEA1CC7958AC2E04BFC8E02DB90A4A1DD04811ACDBC181037864672C78F6C0EC3073A40CC
310
49D5E813593B7002763BC6A909D31AC86F3F6E335C9E1C309BC58F16418642E2AF6B290A34FEDC0CFEE08FCA0F56700699CB73B9C99302AA17BD516D7F1FD755A2B32B3FBE7134D3BEC813195BD355020A7DBB541539CD2C06E45F46FC0EE08293E6C0E1972176D9B678340AA1A4823404EF79B1E2347E47C35D0A2260730E
310
0B513025DC0BD1C07E3366E9B9D17F767405FB531070700035618606F0B40C73C974CFD321B0C174A80C0F3AA54945FFEF348F5488895713E89B5C98DA501E06D8D24FF04FF0CD7ECD7BAA755A854EC6A180AD13BE094E8D5D63BFD6DFA5F5D3E4DB1BA18FD8473DC6E17FFC9832B71A2A94D96E808BB53F9192955D62C82E
310
282B05168AA0927D54AB20A20A74800B7CC9655C8B15F62377CA4C91641F9F4D0478F4FEFDCE273A002CC0A725EC165CE3A149F0333E8E9600B2C05A7D15FD831F0938DBE5D0FF13E3C0F0765965A0961C3FA86DEEB0E28304747BFBA5FCDEE44C23544F7BB7BF7A132DDE34F99E44EC3FEEAE92F667A10F7E90B0E8C6442D
310
F5A5318B0F816311DB2E6DC6F172C363FC800EE09186BB9EC82A24C0117700CD884AA42023B81EA6E0CF8B3056411110D78606EBC5AD5417B45BCC8E61EA01C4006AC233933E35D860BC1B6CB9C9CCCE7840D2E0C1C1FFC11CCE54D59300F2B47D66A10F09D8E24B71B9BDDF98FB62A3B897C53EC88D16D1FFE8C649B17BB8
310
E760EB20B784F52F992544753F2CBF642CD3C9C70D8722C197142C567E74FB431EE248A8F3FC00377F5142144A82FFC28AC2970A780C85A7EE9146FA4B2981F3C93BCB0F3FBCB6DD3DE69C72B6073B99140DE28B8E919D9D9E7C2F5FA99FC1FFD07E9AC0965CDAEA0A945FADE52C791EA989E8E7A21A355FB37E44405D171B
310
98A6E946DB26AE71DBD01FEF07FD378F5B4B518724481820890E7486E3FCE61A60E096D577701890EE07CA5D7F2B086040749FCEF3F81972E510A86359C9BB579883035887542090614E5C4461705D7CA1CF84DB564838606CF1597E8119790D021080C935A908324EDE9F60A04B7830A33F0670CB08605B8D01BF9A3D4356
310
93FAB4FD84EF6754930640C1F9D74B052A7ABBA9F502B39DA3BF6BC7514EA4BEC71D752BFDC198EDA8DFE8F32B3EF811E4576B0A2074B99B070A069F60173E7427BDF285024E35A4418B7A412914F2800F1965C4F1120A2D5D2C64400563D5942044807BE7C738EBF3034C4A6F4D70C04ED1F97673C039FABC4CFF18866E08
310
200BB66BDC9CCDCC3FFD1E43BEFC52C317F0F5E64900FBFCDA4DEE68768FFF46350E0EDADB7B34DBBEDE3776BC55599AF84E312229F931E700D04478D66A0D88D09B2276141AF0F8811C5F8067DC04C0F90929F7F1AC9CCD368488AFB965C97B855A3E2E93AE5B4866502E55991B82D4388614F2C36B8484A5FA06E3EFFA98
310
4A6AF17D5C2073299D9F12FD63826F67FC460E54030981684E9FBFC22009A3006962285FDF4FC84B699FB5BEF3736C6072F6844C15EDF25883037DE6BB7AFAD6AE164B367812FA8CFCA6FA25725D99AEC5C6EDEEC64ADDA2BE0056002032E1D7A20A54CF444E360D520A5B69816C0A953CE0434A8A898BF18E2B704588C01B
310
DB2133342F5404FEE698957C200EF54E31BE6DF4E888C9C67F5F3F1B41F922777E7FA6332677C20098C59F762F5DFE4A23F9801A3BB6F8A4F66E0D40EC867E92DEFCE84C714FC7CE8DD3DD3BDBF9C781B1C3B549FAD2C89D711808CAB100E09700BB85240374A7209212F320CA577222A7020E7824500179FC7096C714884B
310
DFD9499E027ABEB3CB0226CD293CAE6E0C41A6788F396606A073E28CBE5CC67D584D36CA39D37974FE1023253E3FFB007A26F657FFC901D851130DDC2BF54884F20D5D40A0B7E5C7BCC7CC87B84F2ED820192CCE1AABA1FF24ADBE1D03635B5B3B53D4A5F84120125FADC36A0E792D3AD7E255792CD5241A4C84171F110409
310
0017DA493D0A7790A7BDE6DF326180398E4B0DEADA5C2763825E43E05C388E184678C88CE6422606C017F030366981353DF03A753DBF6370879F79889DD0BF75408724DB53C5B0063AB6568D02DC47AE4627B58D7E367A6000267E7840C23A0940B992DB98ED1C4731B4FB4DCFB6D3EAFB6CAC7646F0335C5031888CD74E21
310
03380260AD47176D703960230370FBBF28813524C17FFFBD6288BB28E4F905ADB4A788B40B4A6201C1878BED224DE9906C4C79EF32EE679B9F5D3B5DFA137327320643909A823F62106CB8F9BFE4BFEAFF0FC7A6393EC7F64A698EFF8ACE31BA05ECE6DAB6DF124118D1D13F892F3D3530602E3F3ED3D59DFB821ECFA3D9AE
310
85B1ADAB9E328DE738BF55D5DFD039445AE76D0194180F57B15BEE5F09C07F952F9A10372BC894CF7DA12CF6507E2A8916E0DF430C519485C55D61EFE209912D8C32866214E121611E22A0B1238DB18E86636A3BFAFD5B4EE02FF1E505F902BDF424D0516907BFC95EF3A76B6B3872769D67E25B548F0DA46E2B93DFDFD5F2
310
B9E9EEE1EE1DCC7FBE6380DFBF38A165CAC73DF912AD76A4690D2B766A3EB4AFA2D05BE543EA20B095FB17AE3F1928D84482049B659E671A4763CFA567C08824913D37F2F92F841FC244085C1681225C04AD6DE1684831682CE0D6096B56101C0D4FB3A1BD3F11FC1105AECF5660BD3FEEDF162B0D9DEC6DB55AF27FC98050
310
BDDEDFF63ED14B01336053A19DE9AEF5F5D9E9D9F9E19ECDADCD497BCC57681922F327EB41FF681E17C1921B04FBAE371AC69E53F98183E91B84897A5DB164158BD1D12FF6F6BEF0E02847727BF2628F9FD48B6FB11DF6928C868B29590A0606F92140D0C08850DAA7DD8A5FE8A50389F61288AEB743E9C801BB67DBE0A7F6
310
4F63BC87770FDF57AA73FE1F5A84F8DD3AADDFC32087FBC0A7D645C327B97D65E7A8BBA76DFD9BCEE1B1CDE3F5F7CE4E6DF4013ECD7CB60BD1239E8A4E9A5722AD9C4FAC8F7FF17B214AF8801950430639A08E3ABD05A0D94E253BD5951C885B0CE750309070555FF21F2EF83FF53F4E15038B8D8A244740A5C9CBC120043D
310
A0B323FB1DA0A4EDA268C05A304619505000BE10415DE898809DB6B66896E60AE347ED3D6DC707CB7D5B5BC374A158EDC343D0EA61C217D4878CBBDC1D85686782C3CF4272E7DCFB5E9EF628F5A95AC1AC0C6848F5771329EF8DF2BB79EFEDEC8DBEC72EB7F245287FD4B31008AB38EA4D52F2BF57167159E3004CD8950E21
310
7DDD6F699FC763E9D1A0AECC701F7BD4430A3E030374066938F883C01DE40E7DAFD609345E33570F4CE6BE467FBD7F793B5AF2A9D331D86DBA7BF98067918F9FCDD609A0384B523F4413B574B818C6889FAEFC5E7B8F90CEFD62BC2C85B2478D54DD076635BE434FCADE68B3ECF1C8708E27863DBEC352D87BCC7A92A8E135
310
700CDE65BC114026DE5DB68275E656D2C0D4087293D43BB4C9C14EA83C0D806783B40DD7CD4F19EE9F33801F55A3F1FD600017A6CD5DE607783D5F74E34680E7DAB98D99F6E5B5ABC7F7DF19D8278322F6A97FDB2FADE1539BD945DDF868EE2B8B70D9EDAA45D1BB0A5801198CF1DA891540474745BF0317F8A3703E02510A
310
E94B084221F887FE950272D62D4232781054A87C58D015CD45EBF9B70E60820A2056E9D4D619E8494BBFA68B61EBDD8CF52CCBA124BACD4A4077E8420A7F36FCDAF661E577B792A7E1B7E337C7CF1FDEBB3B49F501F3C7366C1730E793F51FA20A9C3D2E9F18E63DC277449054CEADA36DA0807467D45F8A744E1BDED725A0
310
33868703F1392BBE221158220588F30574A0B0893D0515B0B7C404AD0E7F40C11D504C49BD7DA39A85A19CD7357DFC966E5D92272FF06D59CA5A6A1C8AE30E52F1247C1F1D78F81887F9F3E387075B170F9F5EEE4A7F5BFC69DF02FD8795FCFFAB472E7C88D563DA514861B85BD41594A75F5E866BE69471110A9F75C8609C
310
7E6BF6C7C727431EE3E9E3773D2378C25226E82C08104A57ED273FE0921D6990E02B006BD038263BA360355E8DC446A380F0BA35FA9945A80CF60DFD54054202F91897C241C147D59F8E0FC67CD0F2BF377A3463F8BBBABCFBD6833C57E214AC3F5AE9C2FDE88852968F20337972C7E04EE5658223008AE82D93BC37D8DDD9
310
00BD6B16EF221F0D4149045D740A8A215D4FC186C658E01994B8CCD317465828704BB630DA2243B3B4ADD3EA554A97408454148C04A1A0CAAC2E04033C04073851F54380E0BF2DFFA43FAD3D6B574F2E1E5EF6E5F4FEFBD1CA87C161FCBCF5C7AAE2F726F814027BAE10F79BC3D765D61D1803952210A9AA07F8C6BB2105B6
310
1145B324F96014EF223D4A9261080239F03FF6F4DD4975C183B887E081F7A467A25EAA0C94028FEB808637768B07400A8235D4EF33143253198900E079E3FACB0C59B00F827A5785A6FFE2FCF0C0E6F1714F11CDE5140D931D707950631F3DE877F300002000494441540ADFB08704E252AADE1BD4E8DF55796A32B9B6F177
310
37C67702E5C638682737286CB0E0A89B624D5BF28222432848C9AB8C07170C97B814FF492A61072407D638006F7C8400860444C01B1930A522788045633DFA9507267A3A42BA05925BAD705CDD3792FA23C1075C6EE768A673919EB6C3FCFE7629B7310AA794CC9C0D14A1FB88F95C845BF22543F57996E0B26C9E4C2ADF18
310
7F979F8A55F11B47BC26594C52588518D25E6C2B1CCED231EA1B748F093E5726A21A54C91EF95789041030C20FD5AD68613432E19A4D0DA2505B6BD843516E10BB00AF9AC315EE9FDB39CC1F9EA59CD88F9CD071D470C86C4647FDEDDBB1CDAB81DA94034747A779F4CED497CFF817348F69F52E55490840E48840BA72DB71
310
F3E84F6DA2F4717AA928F153DA6E4C7E8E00363CEC9A2E1C8E65F298FC4A52F087FCDEE5CBA38A80CBE11FF7BC2AFF249203FFAB77A128A001B1987BD334AD9B901890A8C2005B6B248196AD09C0025ED841325B31845032E327C531C839E66DBAB39566B631C2FF0A1DA5A3CC47E665AD8751B47CFE33899DF047C9F3C365
310
E3B11278D49DF939298E09002F6430F9958803309827A7C791048CA070061B7E9A64C557D235F83EE24822E5EAB805F9862F20FC58F483DC0EF02181F572930205107E00E523861895A2811309808F2B6C14B2AA579E893753C155D2F54302007E9FF36AC5FEDBCAD47E182D91A73920CFA5C18E01F8FFF4C3F1FF553BCAD0
310
E58DEF85DD63B91BE38ECE1A9FFC4AD4A1FBA30D462C328C5A0340DFD393D3D3D3C0659195C96990F391EFF4175213BC74C020922D4830FE215E76940962BC0713A3B82784C0CB6623DC40D6E1485BAD454F6892200B225096127FBD82D2B12006BAE2E329C771E25FEBC0DAB3B5395289D56D7A8A89081B34EE06F80F819E
310
FE75C67DEEE95D227E283FE98A7B9F1C97D2D05B4D07A469153C3DA3048EA68FA667A6D90E291C7D7E2D063E4D044964D055F2DBF3E31BB851AE9F78A0A7314F0AD24901F581D74A6929142039C65AF5830D1C809536CDC05E4BA51038F79D713DA930CF18BA3010E385351CF47F74D439BCBC793556A1F99814926AF12835
310
E251C59BEA3C083EC2B2760FEBDF4304C9EB87B35769E1EB24B648542CFA4EBA9EF93CD42F03C08F249A2C98897D8E2225E90077823F4A52171A61219998CED6FA050992B6B0A74A2220ED12123004FB977084208F8E2AFC80F456CB110BCA647A3A0F854085D84FE0052BE31FFE7F925610BAFEC06FC33F9931BF063F39DB
310
3D1BB20EE357F594045F4226131578582CB055A59A073AE0413989D215019B6EB8A21CF154D71164E0D8F4E730C2CD382D098DA5261456A425643686BC8301710F2C50665881399156AA2B4C3191BC555728384800CE10040F746A3D8A80A5F0E500A93456FEC52833BBB45203DACCA37FE1D3EE4B9BF0EC27ED47D89B8266
310
F11EA2DB8B5A8BB93EAEDF0C06B7AD0402B9EAC6E787365535AF19F15158308A9D9785C1BC1C01377F8C6B4D07B50DAD25649764A91DC9812C7B34CA98184084F7C01055466B48058CD44085AF26648520C85C41C67805462D8425680425559F4440F3ABBE1F3F81B1EC72708767DDC8FFB6465796C8FE310FEABE0C9B242A
310
74137EC3E0427091967023299BE5D6D4D0C6D15747DC2AEA4ECC57C72856E827D33CBD319D70FF854369EB841282F84B7CA4881447ACFCB257E252E00FBB3272120A75B99119840858486615636E0E0334031AAA8C08A62E080053A0AAA4158431EC727A084021D41CF5D630C94184F6FE7432E8F5F9A4FCDF3EA7CF136FC2
310
988093F98ED622E38E4976E1BF0CF49D2889E6DF3566719FE1F9B47A2D3BF89C69155DCF24F88C609EE551160F0415900B4C48FB013D8900A9192A700748002924771A3686A0A580FE4009E00ACC090253E280B90AC15048E047020483A038A60ED232831F2CC90498648690D960C48E439F18F4DDBEB0B6F5AC7B7B89F623
310
0243B4FA160A7B9327F3AD5D937C8BFFE5FF8B3A5E64283BEF8EAB9F71159514CFED62DBC880614AA1F7994CCFAE7D8C87057F451733699B8DF87056E1F0654B5021E38097E4E23221B810DE20559AD183A61C2C88A648DB096081E9801CA00BC1DA0124E08DAAC15FD2936905CA8DA1C40E42B13F1764E0C4015EAD7F8BFE
310
C99A310B1B7C0BCC7746D3C0702759C89EAD57122092122D1F857067684A578F1DAB7EAC400841F493A468113282FFE42316CC74C756B1C880FE78795C692813CF4644480EE9B02991BCA257A71861F00666D9410288487618D120D0E80D7773E2B7DD180E100EC98B221C94BFC4FF531A09B986230F1CD08378A8E4D0FDD7
310
D9B1BC75F5C12EAD7FF83F3ED19EB018620303C217A6A35D826E72ABF2D8E2BB1B783F6E48D2E3F360806E1D192085D022103473A10375B63853EC54F500B5B064DBC20945B88160DCF7E4F83A0200BF6FAEAC88E9F54D22D898E43F378D20B51B5D6B1457000922202800DD401A9266483029C0D6D57ED80D42A0E6E08835
310
F0F3AC73D7FAE6D56185F04FC44472B854EB7D9CBF7134DF3DDC35A9F6B38417DD6F508B37C1A718B0D054124176F7222F62DFB327F34D451799D56216880193254FF782D7DDE26C271BF38C6E422E271CE4AB8823C9510F021126A7A944E00DB4031D013C88EA0746C96D4574069BD5439C4110403B40020C30B07A604F1E
310
41D19C21A93FD9002DFC35F23B1E7B98E95E38387E3603FE7393680410D702FF9ED5A3C5E5CE68B5827D721FA78F3A9A0C08A79722D9C9B418F46C0057BB1640C70AA4A03D29CECF33987596D53CFB27B32C3BE304C540E14BF8464E080918268D254838C91A01F0FFB99154FD8A9C0495EAA6534A6C464440B4A71E16100E
310
7405088122A35F7A511DC003D002E6C8E7E15F6D1D2FD09014139EC11FDC89394621F77B9F88EB5A583C41E2FEDBC8F82334494C0BFA97FF3C3A34ADE60385B60E5A30CF036E5E75370BE3B83AE73B3B7DC0BB337DA0045299ED0C66681E4AE223D01B1BC3BD4C921E2005FEB5114739040758189BA8A320067B62A3995E47
310
20055065AC2B4A8006BF8CFCC907C0063EACE41813C5F017065AD46CFDC6FF1BFEE052932CA3478C8E5A6F25DC8503D40F61FC1B047E4DFFE8E84407C81F1AC7B5C79DA358551CD0D13785A9AEB38D6EB68A0A8087FC6543E7471082873CDCE5CBEA1EFC5CC0579469E225428E9A43D6A6000B4219DE52E8DF00A55F4BF503
310
5960661C2DB88AC1F67C2890A93FC420193C8326409E7B595FBBBA9AE1D1511B3F6D65B09AC10A71C2317201A603E88C56CC68C91279E83F5C147787EFE6C675F00941D23EF092920330982DF38C65EDFCA89DA98E8ADDECCD77CB86D85118F3DD9884820B1128010D02F1060F582871CC8FF42024C02239273A1CC3BF71E7
310
70DFB7E96081682803188118B50310BD620234F230B12711B063E0F0490FCDA9248B580D3D3DE944A30CFCF2A1E0F6E59E8FBEA289CCCC943785BB8880ADA9C2FD70F6A13F5418444E3A669273C006C4B4EEEC067827539FFBEA9CFF04D84E7F170480037005AAC8829084329899F90B5E013927F8E646514B4824B01D11F7
310
2C012CEACD163B6358A4454A4221D06E68A71062520649BF9E9127D0772D6E5EADED52FF216BC2FC513C7D3C5CC4C8AF009811826AE20203B076A2AA66D8D32E317DEE0EFC000FCE16D9E0BEB17C74AB009256C5D8AD1CBABBDA61402612C675FBD72D07E633B1A42F2421208CE01397560811204306617A5141706105C9F4
310
984C459F2D0F6C392FA05BED808512B0B9A8A9FC6CED89640EA347D31F0DF76D3D9E61E800FE9F7601BE4C9614A1C58E6C839F13A12D0EB426DE6386B82369A9E6A7F1F9146EB578A2EF4289AA109B4F6CEFEC0463E0072A05CC9DEDEDFE08407B173B8AA65399C80B2911252E6290C82CC1B8909140C11B7AE161B42B9390
310
5045D017E00CED6D27AAA15F2C2179F1E83D411A7020B9408D202381E7E5DEE5A9E7E5CDE3B186433F488AC81554BEC09BC579018ADD1DCB3D9D70F02B14BF9159A4DA376225FE43DA224FED327941705DA582B2FD1BB5DC0540667B650BECDD1D5DDFB0C7F36DEE2B94F6EE2EE4E426F20A1174C31DF153321A24114C4FFF
310
25E505475F6906D4149B21F1BD9D9DF7B059F8E0FD83323CB97991FE80EE131A9003B81C491B218B1D42C0C0D593D9D548003839DC29A740298B0C23F0CE14BB167BD61989AEF0B985C8FAC8F923A73F31953989F0F6C96CA6C4D0A9A88184BEDBBBDA3BBADE77CD8E2FFEDEEF46184A86671D7DDC51417477BE9F04804F30
310
5AC82C2D018A21EA903866A0F959FBD4139916D036635EE03DDB7408BCF0627A03027AD314C09B0A27F0A79490D53839D0DAF1416995CAB24101FA63F75029D57A4CBBA9FB4D120ADB17FB5A999FC9420DFE04FA670430B90FE7F589F7FE8D50A4B5F004CE5F07EB4EA007F8AEAE8E8EF7DB3BE2F81F42166C7246FA9E62D0
310
2C8209BA1024414C483498B50229FD923F2414040B2081390AAC353B5283EADA12A30B1080866D746B9ABF5BC107F33C2A015B275480759334B83AB02175EFD0DEC785DFC505E0064F4EBA5A97073A74C5C9FEC97BD25D819E28AEE661FD2732B8BBFB1BF13441B3C1F45E8AC1752BBF80C113DE960E0AC7D9D02C58C80505
310
A19BA0E84B14402601A590A4AE00A825E98C3212342302EE10FC5100681F86834A2804BC409D70270A2091DCE874B16BE0706C974EB3D26EFEDFFCA6C4579AA4DB781708469F055532A7046C6BEB0CF39F3ED2EC4FBCA3D00EA91CA68FD2B87B5C191E0EB2C300F00A1C9881F263571C6CFD83D079D09F176FAD839340CF03
310
0F70458F81F09AEE1329505150CA0A00576B56C06D58070B23086F685E44232D9D53DE3FC3731044F286D19F459351863F749F1104198D6E14BBC68E17CAE70D7AFD958E350BEBBC70C9C4DFBA075240DA27D40AD7DB063A097DD3F041EDB3E4B682A7A12A548F3393DB01945547175879989302521EEB1431B08759B632B1
310
74E0F700E774FCA1BB83F95029ED1A084288C8893520E49415E00DA080AE8027C34206D35491D050A4C6B080F6A20889A2FF82379AB6234F6710C05F9080ADF002B9C9F9C583AB220F45D618D7E7F7547FB27CED8A8B7A7D24EDA4988B0C1C2A1AFB53FDC61BF3DE50D63C560F0120B0372F0839DDDAF13E583B868717C1CB
310
8CC71D1D7F440CC82184803144196EFD58BBE00B7EE77DE8C015942357FB06FC906A5E2B8882CCF9FFE184B0035A5CF186A962A63F84B3AAEE3D5A2C830008807568B6A9F424086D2095A3E262DBF124350082C4B5DF4704A9D2C93553DE47BD6766B69349610716999FA25854F759CA9792599D3837ACF6247CE8597B0F96
310
0FA3EC45B61715050260C5844FCCFEC9666BC71F875B17E3BCB4CB151405D7D08F846B4CB952248B4603CC402B609E90F0044A007FA800EC46D07A51232B00E5683C55D5096E1374DA4FCBBDE2C25A5B8D26008227CA7758033D7D70DF12CAF7F247939F93F1CC63047D63ADA0B7CC8771B234D8095FCDB577B586D1834062
310
035670E204B245EC093FCBE15626C10D210CB38A13F50E10A0D5C0814B0C4B30AA9858516001669002229618F100767AA3D6D2528595FE7A398C2D2300ED0013A0AE60B91644A057327BD3C36BEBF48C91279B45F8BD145494674AFB211A91977CB838DF35DCB3D6D6AA2FB2784B591ED785DFD7DB77747DAC9D2F7674810E
310
FC2895F9ED8007EC7885101679C06F21E4B1C8A6120956F80518D1DAF1717BEBFB5803E20C6F2A11B2E48AFF4AD2810A70054623E341B3D1ACD92DA91150DE631EEB2C28882D092049C0DD38E262A7BD6F98549930C9D44B7C37028AEA9F8C5628A2BEF5704C0DCB2B428181B1BE766F43014498D2E57791E4C8DA6BD2ABF5
310
003F0C40202E2E32EDFB02852D16C30B7F646B98FDF86C7891690043128B0A0DE6B4EA27F08C30CA34C9D0AA0852A5997F8D11A6EE84E040B20472020256F4AFEBBB74E6705A12083B249089218E6452C8E5A69717E904A3F5EF3D5D08EC1F4D4E85086B238CFFC11AB9AE972CB775616C6D1DE04DDF073B4DE3747C41FBAE
310
6072901CAD0237100670C5A00C2C3CE063610ED824826C1F6650700E88C00B62468903A0D71D3A390255AD7040048348C56C4647413C2C2561216E0C469203EF06A5B101AD40D0E207F78B124747DB5B4BBB4E88B1C373C114E0470B345156EDDBCE1B4DBDF81DBC400746B0B54E05F693707B89A5E430982C2AC7D10DFF11
310
D5B102B9505034B35D07E8E5F585757F088B390F2D4C85CF7218E8418BB4F25B885053D07D5A908326809F31D6CC6B77CC948413B28664484439D118DBAC27DB5AC40C1AD166F25E6A2F0AE82100C0BF220405323E1FF80DFC518CACA8DE1003F3C9FAE9C7B2D60703A0004F8EAEAD2DE0F5485452D15B77B4B67F4C2403B8
310
D8F9C533558ADE058A9E177A1698F75DC0EB4C800F74C0270178C8579C1FACD025F0560844502D2BBC01E620030CB93636C1041636A693949CD80139FD15BE107F905590A292840F8860706D07E2970A2F15E5B13B87C3143CB2930374CC46A6F9B9D7A5CCCC14E11B9E879A49FBE27ADBD6DA82410FBB94FAA8487D61B51F
310
4BE0A03FD08743C31020D6628ED20305A22C2C2FAFA7ED1E7881C438AA5B9035F20759E243C51F34D0D5F02F11403B9E204CC1686C0B6C9000470561519CBE1B0E4FBEAB37A39EE4B84C05F023858779341991F36D9D9F351E7BB3B5ADF00148D9D05784F9AD8B037D48C01BFA83D4247F03BB768BEEF973A14E610090D4B9
310
6B1EEC5C5E66928F28EBEB6CF578B067DD83086081579848E60DFC7684044D8174993C39F886043481F6A2B743B18749E52447CD4D230513032D20D20206E536E15BCF7B7D211634F98FF9986287F33F9A94615A5A0A7CACF8DF5DCC1AC6EF9AF1945EB78E0A2FED1DA2ACC00EF983F9A012260BD722EF61C9DBCDD8719703
310
ECF839029010CA0B9F100B1D2842153E01A1A3837AB579516A31982FD2908A09100DAE591016CBCD4B011A2F4DE299E1338CE065DC4841BF9895D8C81714800CD08F5AD39601BC929B55D291F6CDCEF2AB40DD5D98F4E6F107C47AEE4A09A079C05316F479DAF4C2BAB83221BCC0CE23FE3D3D4C7BC9AB673D89A3677D6020
310
F6E182332028012FA0FBE0B2668FB85485902A8E7FA0BA2105C213E20BC2169211A4BABA7D693C3F1DA961F203694853137073AD5CD25F1C017DE0477626D7BA55B88F83B5EE513C41D814639FD1BF759171F4577D3CAB0C3DFF68B2D3B1F8478C18F67BEBB2598FA76A4545E9E961BACF657E0791D2373030E0EC9FAEDD17
310
BEA7703A738185D08236C407448A4CB504CBF01FF43859D3115488EA01B55078000DF085911805790DE1B41B6F8CB2889C3834FE02AFE07D85143C6C008438A944EA63E047023A7EF37E13B0903AFEA7BBAB9579330FAFDAACD540022980B65A75FBA17D388F1E6576405CCE7032D95BDA420E7DC0EFA320879E5F8B3B04C1
310
D2D9C1114210C19FCC49DC6A855E12010184DB8968109ED016E4683CD552A36B3AFA13BFC2114068935A7E774CD2C7225642B73325938052D8634ABC18DC9442BF9E0402E85B42F9F3273672DA8E8F1070405D1DC3248487574CD98092B8B956E6AFE1566530B78FAE05B4A0DE51FBAF85DD075C7E11939F80E015A58D1F87
310
E400CFFD2306C4D1D3C634380A201545A92BE01F445800BE12302AB477BD6F62600D211232EB061448A0D2B877BB940D63D059C37E0569A83DE93E214F4BD86209FF6F479C640AFF8AF6D1BFD987D029A94DB7C329B4184D4BB013BF912FB88FEEF913071A8D82B651BC10DB067A7EC52FE1B421883144C00F64FA23A11CF7
310
08BF16CA59F18D4C04B8085964B2D8DA4A855187000BE440BC816FFB13374640B0EB1D0998AF38A1AEF503F14302E2811081FC12EA6CD38A63B33035125F40F170C0B0AA45E9FCA38FC6D688D48563B5C4B4B7C359D3C7AE0EFB16ACD5E2FAA47EF8307044B4EBE1C71E84E742D81431FB06B90B600B9C239E277A57C94C42
310
7EE10E7826980C0136600D916A06058CBE8604DB4D314FBC014EDAACD0820F14BF75449B70339490FE5A0491221BF95F949DF1235380E969AABDBE2D32EB4403D3FDF17F42F9A0A7C28ED75BE86BDB7C7EC80C76F86B8800F77B305EB88F00A4352E0F8089EF811EA02A3DF08F7DA008F803BE4B4EF5F41E56087099E92070
310
8C3D720916444440FDFA013D4E1201414123A09290F5BD7AB729298209C4306D007BB0829FD4EC3A6D7E4F00B67DF38CA0764F832F0448E58439B952CB4F70DF964AFA74CCFDBABBDF273E2FF4F56D3DBFF2A78D42FFF2755DF307066497F44062AADFC0CC546F6DCCFECECFA232E14F408F05477D311B683A35BC245FCF8A
310
5CD2AF20022C21022266905A5BCC8B20235D6FF04019CC04058AC80023662E25F342063165956320BE50370F2A657BACC817DDA3DDD3EFE04028645780A768FE38DBA88BF2EF3ADADFC7FEACA952E5A77568ECF0C971DF32BF1D24F8486B22A649EC81B1B60315CBEFC026091CA45F858D7D04C1B437079431E63E38F88075
310
8842E780A9E03791C0FAAFE10012588C3C592FE35461A6047802BA18686887023A422A49599399893103942CF6DA53A8E387825FA0678B261F139F801E2B17C901D0F5217E07AC2401A87D0480F753FBED44FE949C93A1D042B879FCE499B3D861AEB23F9C1F372F0C24D0B7D6E70FE1AAF60F84BAE642D82F0A9F53E22783
310
915518494FDBC0AFAE7DA282E5050B703570E06319A015E00D693A6BEFFAE493941C3B08C13B96BD20D0115A9565701DC58568A3009DA13E965765C03091F0FF339F7309D44F6E61F837F1B1FF920450EB8FC48F9B40158BE89C81A597CFB0DAF5F5755D3886DC13D4479599B583758CBF35663AA234F133F91D3BCCFCE0A7
310
94367F385C59B19431780F1C099131384056616E15A1563B50021D369C593FB292685A68A8B2A50A0A2085CF05434617E05FC24A6B077B990014421A68401AC4D65788EE25F737EB780D08A6E38F060F2ABD889E1B889C44852C2FF368C1E3E710D73B6589EA83F7417B341ADA1F639A23D15298F087AD0326410E116C3A1B
310
325218433C71AE62C07C1480F1C045629724A076A4BB8D622D24690486727F56108D07046DAB065000678E04C4F8C342DE27F4AC102D854F2D08D59B4ED0E4F697B0FF62F113646BC5B7F3131D4EA8BF8B265EA3F2026E7061B96F6DF3D993276B2180B8E57067587428579460551049049B074CF8B1066C7E14C705F0B392
310
98C0997C17F701097023BAC31081390196801FB0C2A12380042927503D5A01CA127F9841B460310639C674BC8CDF1A320501448E0068905B07F6E5602F8C1F07786253438CEC51AE61FDB25FF71B09893AC026A9EAE3F30F369F5D5EAEA5801FBAD3C98B38C13EE017B054F81A56F05259DBDA64FE270B1FC4C77200FE276F
310
E814B916E222575ED717A62A92956504605268408CFE13FD61F84252228376060206802B9550F00B9D47E6AF1022538A752CF4FFF1F5931384A9FF8700EDD4FFA2B93FCBFABB3EA6C607FF714B0B8B04EBBE83B52B246092AB018C0D0002FC490849F1E214AE6FC42009D6D86616C835B65DB9862EFC4480C14137603C3089
310
D0A5588FA27E693DD184131BA4E88C35045ACEF1CDE1A82323C20B842F2419604821196EE8185BC834AD44F8E9B7549A32900196E9ECBBE20FFB4706861AACADBBFD9B56A23FFD3AB8BFACC18B1B5AC0ECD7B6AE2E2E9CCD2BE8AF1B1BC3A813B94107E82DE67A42E7CC7D4A6116700B5B2EE3C338A09B840F07C40A64800D
310
7C605AC42B72227C4C7020AB1F20056E26F542717F56534261DE3766AC10A6ED2D006DD03BA9DBA507AE0510A8B385C92363B9154167F1230C40D76AF6F3BE0CA08F8BA2FFBBCEFB09D0986550E0F0EAE2F2780CDF850CB0F88CFC2815FE87BD83909F474F45DD47F1C821DB2107A8817FD45384F57891B65F2543D0C1E20A
310
89B4A8DF806862AC27C60F6A054627FD344250718AC0FA21CDC4E28DBF2650D1B39D8B8A420C348A4F846E2BE824BF8C45E1DB8EEB52F576F47A75FF95F90FCE0FD3A7A08D48D5B9AFBE3EA658E1676FE3372FB57F0AD8D70ED4AEBA3D4C2BE0AAF1C3AD63A6004D12900CFC481A47430C9EACB390038642C8C41B13303166
310
614210592736B8603AD4FAB17189DBB32F3915F0C380795A089A15228460BDE8E52203527D41B5470901B088D84FF8B3FE2BA7F4FD30ACAB3DE0B7E2FF95807AB0010FFDE3A048F7360F9F3FB9380EE537F16F8673131325D3351A3F664022020811A0FE8C019CA17370725CBFF64132025DA1BE2555102212E80A907FB43E
310
D80A991A8AAC183932C19AE17524B06590B6AD286EB99BAD18FF4BD64BAB519202F992A963648ED30E7521F909F090C0213E367A77D8836BEB6F34D92EDA624183070248351F1A079E5D3E7A9EE81F2CE6678F92E299EE312B6C0572C0A7B5EEE07853612403813152C7125E2022A20C18F855DBAFA399817FC97FB6E1CDCA
310
31D348434ACD0012F0D32A5456B4007E6E92D72B1A4E9971223A42C1042819E4049C0C5801300C0013FA48F8944FBAE71DAFC27F1826FA2304ECDF3F6C10FF47D5C7E49748DDD687DE8E91C09394EE0682A4F84CFD6067EEDF43E67EA46CB2F4070160439245F00343D03BF25D7E2F26FC400A896DBF19FB8D4D0A66DA669C
310
3D608F9CD048A0533621B25690EE19D5D15248E390F042B12C682511B02BFE3E5700E4C9A9B2107A8F45248FA48234FD23005ED1F4EFE80D1320836F04003BF42856D478D1DCA3ABEEE3C68F9F30C3A16E5C238EA5DE3FF37DACC2F8B7980033F47FAC34421EF0418A045394802CE032D61C70023D788136788613887C0011
310
A4EA316E005718AE191F8D0D841B9C679CD2FC478442D005429166F5A24403B1E6ACF3298F388B6D0BA933D92339D48969A5C11F09B4FF017A9900A4F887010C474717E10F36468032FF33F4AD610517777104CD920C3CD15FC5F3B3A0C75BBCA3B00F2724863C10BCD4A0E00736C7981F2F72E4B001438B99714FCFAF713A
310
2603BC710376A1715FC602022202E06FDEBBC680A3DF1C4C095A12C50B554FE7623B50374FB2129DDEA4C392C9188077658C87F55FF92FFA507FF03FC8DFD3F31BDAB46DD51AEB03F7E1B38B8B87CFF47EA1479C3EBAD5C6B382C221C0F1B358B39D76D9D3142C4A20935F541E492E0EF081BA41B3620A8E172B584EA14856
310
32E22A8221CEDAC6110AFA4B6D43E2B76A18AB240BB24337721C9321D2C033B2D3E2641A55A400A28403C12D1DADE39AD23FC5FC08C47A64DC3FF6DFF76B5235124022D7E6D6D5F3CB870F9F31C96FE477FAFE54100068A3A87FA5908A2C08011CF31309C10025B089FEF9C510522B8DC07C30AA469841723A10C08E27F00F
310
7FBC181C083F2809EC3B2B328E294AEAD5A071B3A95C81D2DE3F930372D022C9C793535B92FDAD5426E90490C3C81D000017C6494441544698C416520C1C40C71FC204B22448FD9303782FBA67089A1A7D4CE38E89050FEF5F1E078A4DCCFADA058032C34C1CBC2E1202B1F8962B1A8024F0EB7A11F209E96FB369D4B64202
310
FE7BA230AD24C46413536EAE955B341B726C593B5D4630C0BE822480908522B0D85430230352618DCD4F7BA6D568BF4343801480006658EA3EDCBFFA9702B4FDE9022163C43F9B72B58001A23FCE6F0B3FF0E4E1DDFB9801A6FC42FD0132CC1F2224F89933107AD30B6C9131A53818AE944BE25A70810821C38F098411980E
310
46D108F483DC63F49B91B852351604091D60546702F58A3872A1716411B642C7629C267E64E77719F46B0548FD6BFFFC86A38DBFADFCDF700228C124C8664FAA02BFB1F92B09800876FCE4F2D1C3FB4FD0A44E0106A8DB8079751CBF0BD9340066C3D52BC64706467C05B5A54401BE4A1B0132A55EAC1CCCB10D378A3DFEB9
310
812022327745EF2102886A9142C812A1A2C9708027BB55B7006357459F9C2080E0BC34489FC629510F3017B62D5073E2A2C64048A0A42580E413BA9E08274091A398EA80B5BF31C87BF5ECF8F1C5DDFB4F22AAC181F070AAFDDAE5650C4000516440D8806786D874215149E69ABEC43FF0EFC820FEA112B0522003C84BE03F
310
B76623513B6D840820358B084119B0CEC8C00AE888826339A54091F5FCA513AFE147975BB1A86FC50618D9D74502F0C7C8815AA306602FEE3A5E79E0D7DED1B221001118B73182CD439A092FF801105D1AA14E1918EC282F6260869D55108065988BD67F68E5581720A708051F7C8070F582389C682BE53F2AFD85853F2A01
310
3D21564028E06E79B7A71E43212180A81541EBC88F451E02385100491AB0C4A3BC5309A95911E66D04C0B448366988ECD204C2FC930F8CEE8FA410EE4C25B58DD1B6EBAD83F6196670F7DE635282C0A56A851AB035831725F0471A10FE52097089C80495804100318405F0DFC2136004B4C40705EC9154315129205EC35793
310
0035688F61AC02188250CFA9A980233925F16A117A48CA54DAB6400221976B75D863330942E20EE3B00B08FBB71AA813B0E502FD2B023DF70114E0D7DF2E2EEEDE7B789504200112075478F2FBD6897835C91F0C20782401E801A2F9142700B74805703426023A81CC0BE88B537D0003E0C5181D29EB8D83050964DD258091
310
0A1E7A8138F76253DC01DC2F3824391AD748276C0B0CDF12366625D038603D0003E0266CB42704C8CE7FA7F11B4D59C0BF454A78F8FCF1E50513715D469607031272358F04E0003C90107223A581218F10008B10247CD20D860FF0BF48801040B361808148714764028EAC137E871501EFDD97C89B52107FF1235B0928C562
310
530082573CE137840EFEF82A0BDC602736C595912FBEC69E6A3A26903B3A300C5A098A9E3F1810CDFFBA019D97B4E7A7A075850F2E92569BD960CA7B8304995FD006FC4213BB1448A6F4BFBB3A9F9FC4962D0A1369129B10073771FEDA38B1737B663A71C088D8848027FC3008DAC4E4397A6F76271DFFFCF77D6BD7F1F67D
310
A51E0E08875A6BAFBD6BD7AE52CC04A0B4A2206F650EC412841A48258258E8662C3838FBE21E25172C2A15A4F78D82DCF68A005DCF07047C183E1CE47731BBCCB5469D9169E0D588945BEB637E87802A03D88FB82486210D28FB3B858D13DC7CE75F5E6F3B03C1744D30CC58C7C7A256146853A05243060B850072A7010CA4
310
7CFBF9A1E24F414037B8781E8E9F219A774B36481CB43E48A79819D638C8760D672FAC19FB9D3FC5EA9158DBD0159C27860409682E8FF2595652FE189D2CC2D7C023E944158355806FC320087CC74116030CC376C559C098B93A041C5DDA48AF33827D2327DC761D19C17CC62780D82A170E6CE7415A5E7FE825E053048F88
310
D2AC2A561CA4D4C60098DA28EF1A01382772484698F60C8DD24BF396EA76260542810A625978C03580A9CAB91D10249BE579B0377A3DD15749A45F24C4D81FF3D7D7996F6A1690288008C0FF6CC186DA9D5FC95BB09B1301004B016E707FDFED306A1BE8FA208828F00BF342186839839F1F6FA338DC5A0200FF383DE92614
310
C03A4508DA18F4D85F9354F7E867AA77A42FF49BBE6757A1A7454448D0BFC3C220714FE43A3D8F1547BE10F0BC5A05985AC3C28829A06FE24CD062700601F4AF12AF99099B08E7071DC4626A97C920C3FF96E190C9D1FD7CB6163E800D79E5F3F10A9306C02B799E80F1AB380E0571A584C0370A220C3125000B500900D96F
310
EA40409F980E2083E4EDF4D8D2480AE5667222E020BCDAD4EF19682120818FE18EC7FD6AAD67C03F7DF1955E697456F517AC4F24700C30171C67E9168B109A4F60AFA60F98BE30941BF776DBC7C70792A2FBE98AAA97224F8BEA39B47BFD14A8CD03320DA2B676E3AA397E652E30A42CE2987B7DA1EF7F75242413800A04C0
310
270C62A13372400B435ACD84B8B5009208F5AC73EB149FFF3508E21C2201E0338BE07E50EB47E7FF6D97724A601028C5519073E7978EC88834410450E074DD58AD13A4900103A6444A9CB99103229F0EF8C0C78161EBC68137240734CDCFC349807851E0EB46CE864D2E405ED341B71A390CF2DE20CF5193189E1901E866D0
310
230409684B193D17E2928534D04240937D3C84477494FC5E0FE0B448E35AFC19007926C1C6A6E622FDB8A12E30993C6710E070397C4B26304C0AE38218D19F01FFB15BAE1C0E7E74DF75F2406E373C414E848FF8E500EFAF3C1029C9C0ADAB2313A7426CA9B2C1B9E30032C84EF31A09A88A386F136E8C2F1D582EA0459207
310
015F10F1F001F0B1B7DF7222011EA2001F00BFD36BAEE0850928B08C077030FE3806C880EAA74BCE0863A952812E6008B3A89199C1EE918AF96AF583F1A073B0A355B9D861AF1460DCFB3BFC6B7EFDC834B09700CBED3510E48DC7129041C991F06BA5006CA6B5B34EE21501374E8DFC910042036111EC9C7CFA1C05D48A72
310
70F7F835BF04A4194DA4CF76CEC66718C84CD020D04C412AC848F03E3C61A1C8D50D0EA6838A00376054D3DF61A0E393E1F8B058A6C994093476D601A4A06F0CFD3C0A6BFA910E75CC10400A80FDA93AC9B5EA4303F6C0D188B559086091CC5910137772E14F2376D03181B5CFE74C0EA38440D0AC256D6C4D104CE05302FC
310
C00B60B9CD4D71E08BD40C144A025E60D4C1F45FE846A2105D717EEA84808A5DD90A168E133640311CF05DD870768683F5D2F1800F485AEBE5CABD8FFA3C0BEB33702493AEB551B1EB035EF5C8E5757FA7832141F88E8578A363802B560007AF93D7D470B478C4D00B412D634C9140C4F9275C00DCE8DFE3C7F8C0AFBC5B2C
310
E82E3C3BDF393D4375D50C43CD1C17E3777CD2C170725B7B42B41DF15BFC344DAD089C1E9118522B4A2C60B794E4E8F33081BB7C8CFCEEA0B2015E49D586429C6C78646180B7710E06018A3082243C275F077FBE412C17DE80D3E6B9462C5204C5D980D1DF84A864401C483CD01B143F4A4868087A0F780F37230200A4FBF6
310
AED325114C367C22512750A5C7C3E32D545CE20A0904183BA10015DCAD89864B3E1EE97EBAE8B204266A48E010511838E2FE413FB116E60880C2D8440AC3880DDA6DF6618C138CF1CB2A09637E18D00F80CB0DC05322E31EADB8081C29410903F06BFCDF5AB46024E4A75828056440503C707856EF0C037623DD4922A400E8
310
A6BD75E4D2800905F18450A00CEE88860C8964C7B3F90F56528BA18F71CFBBBCD2D05797E168FC37DB26DBE0DD2EAEF39686C18440820013C1444055402A541400DD362A0A402F1FE51246404E098249FEE30708C10CA0B54601053159480C00BAA9B1223A773234FE72FD5C3BD81804D8D196FE3D5315A0C981D88D04FA01
310
DFC185CA93F9120E1F480B08063364A0A318F08DF95056E4C91F1150D31B011200383502E079EE43CC18603AE2F88FD139C802A739F208E88D06DC78267C448C27C4113C19B0F51B0E9C1C021CF8F9167C6B1F2E10E461002910105D1042792D1CA303F469714C018C23D72179E165049C40E801CB96CF334562E5807291D1
310
E0C70FE6CAD91656715F0E5C5E70F8D7F83290549B1BAA6F781D25180EBCA93EC84E72A74081CE3020789B3790E1A9E478E658C099BECFF01E530E80EC5FE31204ACFF70AF8177A03059240CD074978A002A878BF883FEEC81DD684E406CA630ACFDE87292822A11953710F000885D6F68A67ED40CD772B0828359B753F7CE
310
23D9479AB9845771B389D6A77130F8C134EFC83947392029B10E4425440A84AF0E54825228FC1634D369874739C837A9DDC83C20D320C36042610ECDFA750303710224D01202488012CA847424F8D53F78AB6BECE9B3B35A7F32396AC6B7444566327DBB4DF06FD9616744F4D3A397EB3B0A3FBA8D763702883ED742FE5CD2
310
4146D8E353ACCF811C806AE09914D8446E93840FF4D6C963FF32BFB6AB015D1D3B0C9A0968776F021F21404B6260CF84A14F35180CE20B5E85BDA2EC91FD5A7DBA7E5705F4F0F97AF26CE18E3BA078138202400A62930FA6CC7882F911A92F33E547E64990B0F27323D73B6222863F86425153FA8009361C675554C25382CE
310
148420C8DCC47A20122806CA178A0918C14CBD33440289078A00EC6070184CA9907FD0A1270478E0B325B67C2193694EDB7DD0F3C238447C8A11485562FB4902134E6AC952FD5320A4F7C780882DA9684285CD81D278C0E8FF8DEC9F45D22DC3C2CA99C2728110888799575B6834BF22B0F01EDE72D7F21B672C40F0A97299
310
9E2200B7C91403F9BB3D09C01990819238CBAE5E7510D7D57450507E3DB04AAA0A3C280064E0775380C8C16EEA4834346A04BF0CE847B4B3AF760D06D24BBB267C32E2C9257DE5EB748AD101AF1FD33265E2B674EED8C01A0AC901392211011AC810560F77778E85B13BAFE3E25C95B70919A4862C15928BD8989664AD8638
310
101D009A80F00BDC41AF27602A4BDA0C077E550048E7F1011410F01405045E1C140B4D0E70E0F6E034171C3D6FD12004FCC1FA304312518910356628A4A326EC9ADF5DFFD1B2C0399503F14B4F8E3E0E4E39A06ABCB56A8014687E86E462BDDE5124615ECDB412B7314F62E6E0C76ADEC0F717B360E741960104CF1706CFA1
310
8E0605004B01AE007869B095ED92144A807841EFF2811C047889A04901C809062057192688C92346F97F279449F89B113500BAD282D1DA80A55C27EFFE02C8D4F395003F285B617BBF0831F49B055342DDDD414378E8888E92C16789F269A27C9A221FAA4A0DFDDB9F935B2ECC04DC51481558A69301E0460B02665AC4DD30
310
C03D480866C3409400051811876014C0F294C542821AB045011A3E3F09001FF304E3A0BED05CC11A811B865001769507FC01ADC611F400CF68C7B093606E30F3C7E0F00C1D10C31951C1E2D7252181DA00345842A19130715C736EC9ECE686A712FDB31E4D3E50AB336E5666D7B212C0113C4A4406029709B43D0228F3FBAF
310
49921B19CA0C82A2D5BC4A2079809240F37D3E10F9637607C3983F0458508A98B8B4EFC92AC13530180CF55359500080061DF59B98BB3FEACEE881DC8127F182A885A86FB12B43C590A4380504E32305E3148BBEEB2D2782029765428092545BA5C2C681FC5F8E869C0EE1034A822FF09A12C94084505AA868080303473F81
310
61F7AA0A6610745E280BE4427FB770106F8800EADABA19F453210435BDB2348471B13B65F2FCB554827632C4C44467333E4127095D22092ED492009930413251B5408345065065E415266E20279A40B3F520370BE2050C8360E6BB4601C1673B9BFE007EF5200B6483CD195400A783E6DEA0653515B0FCE8E86D1618FC1EFC
310
15C2E727F24F2A2DAB57326D8D0877D4E298894E7A0C3C7D9CE8A0E2D17AA2020FA1097D6372F2A9F955060FDD467AD0426368C24A8340FD0D6687A76316DEF5179ED9042005A2BF02A5DD810A4DEFA4A8F700EFC50FF4FB8C06410F0303C106ADF8852ACC6A2CA9046E9ED070739339857222CC009E206479886EA26227BF
310
7A341A15C351A8404A6C10080A2140FA4B4E8D9B9A11645899332363FD69887F436A660566964250FD752E787B64BCF8E6C8190DF8EA0C854C062D8A5A1346F810414313E606ECA0AC3A01D6928544029D5F42E202C0CB386F880F7842A31287061F32F3CBE09F2950783394F2F2B23D85386C6F51943E99DD10C8A0000BA9
310
569A14805693274BD0E4F4DC3F28E331EEA91C4F33ABE057889BFB92819187840A08E57A276A8BFCB75B0342668C70C565C8059996D209C2800941A21FB82B2F520BC2E6FE6F1A8827043DE17000DACC8193E78BBB8DF1467978C06F6AFE986123E3A95272CAC122046F4C65C4B88FED2F1CD1D918F7CDBF8903BF1A90057D
310
42F4DC133AF804ACBB58446A0DB78806FC053FA1E45D0AF1112613CC0DD976C5E70AD3282F42725C0D02AC8588DE451B1C01ABF063E7748A3882F0DD484BB78D037F9812240EB88B6034C0AD53E5116D4C6D920C6A89F084E6D0598AD7EB6930CC7B293E27A666E5CDFE9A3FA52FEB3C97976FDAAE9A60008FCA6B33099CF9
310
880D35D419FC687D424378E3099441E110C5B3C6DC311E6653514A67A530D863326C4D8430E0C28024803B5B069B0E60C10EDB6DF087034171DF01F1F3404B27B1056D8C0E56E7CA6056E7798147BE4C2F01CED5987E413AC6A724876DE3F599E0601CE7B9CEF3BEB3671E12DCE8AF9631B8031D3F360B6955DC2342B2A0E4
310
632A00264C0DA002220CFEC3E10D9BADC8904D88DC51928593AA16C91DF6FFF82B3234404C7214D0F8608E0052283EFB2B0563F1D072936C4017706010BCF1B16CDE0C1FA9C777E44E1F5259B0C9BBC8794A82A6C182A3AF56B16921405351FDDC91B5BAAA617860E8D76C97C377FE701A4EB4378FA97C2C8E3CC8950886C6
310
FD93AF70A1F5F676B7ED16CBC56AF5D09110EEB8607CC08A795882358280DDB98AFFE7087C6EB593D62F041CDB4018935238E73F1098100D0C8769818F777057F64C703C6530E142FDF5C837AE1CF66C94C4887D3A3726AB990DEA248F73B5D32C8E04F6714B1E67C53FC52040252E605B322407CBF8C7F05453462A295ABF
310
4D95592DDD76AC23512E9A2DF964715C80DD752CA8E263AC36F02C3C28A133EB22AC8D099BDEFDE28C3E8FFEE3815D5D00C17C00511058354D62443C1A546280E43572A9C661A34FA5891F8E7570608C8DF21DF51DF9D2A84D4501F41B8CD4F4C9DEB2F901E810C0E4CEB6EC08DFB06341C864CF8D0EEE779A606545E1E64A
310
AF30A4324C20FDD3BD558BD966BA994FA915CD162B1978642AD01694E533EC190368A68234657085B5F88E27A0805E04B8BB6A00A51646EE3C10A50FF007FF410F1963CA69BE2002F0F902E701AEC995FD41F83A3F0C3809A3288A083003A6CC2A20E6D703EE48E3777AC07ADD51EB6101603A9FCF17B3D5928F6D742EE7E4
310
CF38AE2B03C5FB39C81D7B2978FAFE85AF3D2710B0582C970F0FEB0E4D1103B8BE2B4D560CA10002FC8F334C891C07B44FE06B2E3ACE5E1E2D1FC32203110ABF9CA0E8381F68EC3C06701328E5A38278A5FCD944CEA5283DA933DF2A2448BD23F1C5D8BE04CC2DC3B43B3EEC29F8B5FF926D11D3E97EBF7FA1BD1E5E5F5FE6
310
D3D972F548547783146ECD84873F377C5820F7F9FCE5E07378D6CBCB7E036DF7F7104079A05B77C6942D1BA95D47424BFC3DB6411009A42E207871B7EE9B06614BBD20F22F7523FB985F3F7068E37600273A3ED0C1CCC380F6EC4AF01CC1CF95E4848B7BF950AD14C44F10460221E02D21D01DAE800F323704C00035DFE97C
310
B37F797D3D1C0E4FBF35EE1E5E9E0E879FBF3DF6F474780A01FB3DAF01FE0C0798218007C2090A3008BA7682A338F4A8804A06CBFE6A80CEC766F49853F15B2F45FCEA3F8250012841315016E75E797EFEEC4ACA6C79F515CF1738F7C36E2406071051043817C9E8C5888D49D0332E800062FF54FA562BF7446CC0BFDFBF86
310
03D1FEFCC9F7FFB5A7F000430755C2D3F72F2D02A022820897ABDD44594475BDCCA4A10AF34C06B08B4AB58BBFAE30999DC66C7CE903A83CF8EB006EEEAA063430F84B05F0ECF644825F5E95073870E72A0771AB89B080022A0C5A9FAF34C89286257FB7BEA000EC65B59750C68E0815B0D9834B15606328F80709DE09018A
310
C2A7817F83F96DB3D562C10A0A31300230CD4200B87F85808BAF64D04600254047F9C14DE93464009E7F5AABB4FDD6D55142A2C0BF1541FCE19C20C899BF4F76AB54B84CB97F88F48ECC029FD253F0C70DF4816B9AC94BCBD653B1A283C4001A0337955E4AFED3FB790B6B1F5EA0B5514074103A38D84280EE0F5F9BE974EA
310
B2D16AB1EA969684B6E4166CA28264B300474C7308D20013B204A65F82970718D05678B3315D442E1C0A327E2F56556040C005D2FAB1326A68A07507C9E46A3648555A7080F5F50219A00E6222E3E0862CE95B5680930530742F1D041805E69B788161F015944D041182B861A2C17F3AF01CF5BFDF6C343F9171F5B004BF59
310
C016719164B888EA206A02AD05E8464D06B48E4381A0E9345FD171625AC22198F57C003BEA5510F81FF78D31C9B033D0030000000049454E44AE426082504B0304140006080800C774655A51464CB48900000043010000360000006662782F35374434454131332D464530382D343238372D414332452D3033433441423130
310
383039382F6469726563746F72792E786D6C9D8F310EC2300C45AF127987122606C71DD918B841D4B851A43646695A717C52A85029031293A5A76FBF6FACEF7DA7264E43906840EF0FA03836E242F406C6DCEE4EA06AC22492573150D1F66C60C640E8938CB705396EEDD86DE9B5042FE27813D640EA63BB001C722AF6E55C
310
B61E4863F58284D5D3F53DD715CE1C3985E63FD7F1B7EBDD617E9F1E504B0304140006080800C774655A9412A4BE82070000571E0000340000006662782F35374434454131332D464530382D343238372D414332452D3033433441423130383039382F6F626A656374732E786D6CED59596FDB3810FE2B82F6D9BA655B85E3
310
22B193C2E8F640B35DEC9B40CBB4C38D2E50528EFDF53BA4485994655B715B601F36011287A18633DF1CFC66347BFF92C4DA13A605C9D22BDD362C5DC369946D48BABBD2AB723B9AEADAFBB936A35956B6F6E95A8A127CA5B3657D3EDBD1ACCAC5D2066F51157757EF6EFED28A08A758D7A21815C5955E440F384106AACA6C
310
838B4763834A64ECB62F866DD41B55B13B8AF287CE5139A2382D4155584F418AD0C056FF0493CCF9CC641B946DCEB06DEE896D26375C5594A44589D2E840AB8E1C679856AEED2D6F1D3F18F99EE78EBCB1638F6EEE6E96237BE25A8BF162115CDF06BA369FADB32C6E1C90E374035E7CD5E7F6CC64FF69CC1728F4E91D6569
310
8A238166DF860D1672092EBA9828C0DADCB496436A5B5B0BEE40E38F6C1B048AA29282B6344EFE6E476FB6FE1B40288644292D308BF2A2A4E06B817D9D0FD6CCAC5715BF90424B50892941B116933545141C045B6B07296258B630511AC38C7B51CA6BEB0A817D3E97FAB4DC5671CCF2579FF34C0B211F715970CDC83F98EE
310
B56F9F063A81B51549CBA930B67CCD41443033F962FD3FD711FFAC81D4B631DA41B480996C93EB74F05AB05AB05AEAF38F77EB977B561FFA0FCF6996635AB2C8E3C92CF24E7AB0155A107C0340A971557DB747E51B40FF19906F74D166E0394A5EBC174FDA4E515A6C339A8077344B1B59F0C3D2D8C7834F33B37978AE694A
310
AD3C8629A4ED4FC254314339BB05E97CF604419F515718771FA11862FA1349599E43A06871064B50EFB7EB177DBE82620A8BF0148AC17AF89E99ECA306BF6A39506F3A1EEA2BBF031C2513A69B677B5F7D8098A1246A5CA5D8780C5FFFA7E07BBDBCFF785FD12D8AF02791D84BBC252929E132ED5748015D49F9EFABCF3C23
310
0FEC51764570CE2E6385A3C72FF7C22F1A770CA8C2EEE1DA357CE51381748F6394E2AC2AC47A5FA18AB238A3E1FA35AC73B8F7AC3F6510D487417EB308E82D6670BB4794E40C147D2ECC6B2AA1B1C789D5411180BBDAA9E11A458F0CDE30828A75891E10B588768556491EA224AB5256BE0FC3BB6B9AE15AFCCBB603C70A9C
310
69E0FB22E041777E80CC1F591C1AF5D94909CA8F1CB350FC25EA8604B2CE240FEA659F0D11B0A6AA0CB31C45A4EC8F868E190355DE90EDB62AA0ACF702D3D1D8706DBFC646FE741CCD7AC36AA3D4696B85522149D00E875BC4EEC45EFD14401BE1D249BD48EEE2AC28488A0BCE690E6A5D0745CB80D25147BA94DA13B6A408
310
135CA24B22965F929D80A5781B87C0BE4AC67FCFC7AB5450DCB7C72432AE97A521B7FF352C5092C735AF3B8781ED744EE8C59529CD8E7882F80C51195A1BCC69FA39E94D2591F80E921E5C2CFE083C14FD7278E41104C83ADCAAE73D6B1BBE1DB0AF2994A1B16FBBE349E38A7368C9C34AC65BE20A9856F41A3E63B27B1856
310
04A5CB4F9E53E0781B9238AE92B0BE434A9C006D4365450765EC18AA49F72051193A29D13A694B6220D583CB2CE72B92B1C0619CB01C2BB3AD63C02892425F37C890032B7A8398FB82F7B0AC553BEFFFB74BFDE18AD9EE6D1EF1EB734637BD9AAAD443B236493258C1147762E35E2E793E6BA75FC29B9DF338785288A87075
310
67212284E227C28619BC6BEAED398A675446504AEFF9EFD10D64C4066FF63C4411274623FA1C0E95D224B76D774750EED805A290B5152BA9094C2810ABB49FD887F81B0257035B2C4CC184CC7A7DC5AE360386317B3D4EC8FAF2E1BE230556063FFD9561849F3B12C4EA8291BF13A2BEAFF61CB7234158F47D75E2F1F2A14A
310
D62922EC6E64618136F9BBF7BCFFBC32A1B930FDC9D2BBBDB6DDD1DDAD351D79CE7432BA5E38B723CB5D78D737B605A56F6A525C64158D70613AA6154AB695A73B1918357443BA1098449C6F17653C771DFC7F17D293AC6A29786317A2C4FCD0C6A1FF8A781B931D3B6320F7E3A9ED381EBF626DE8E58DE1AB0DD93C7DA15C
310
C6648715FEB732D98965FBD3896B07EEC4B3A69E3771264DFE88B6E607B96D030A9373A493B998274AE74CC049FEC41EFBFEA1FEBDD72E9C28D9D01BA897CB995730190368B607B1D2C5EADC599732AFC38EA3F7A41655B9887B0D8BB136657923B9383CE097930BE5267F3331F823A36C4C22EF1245581F2D506A179B69F6
310
14473935E177DFD41FDF8EFDE0667467DD7870D74DEC51B00C82D1D8F7C6E3E0CEBD75FD691365822F0DE51EFF897B562ADB1ACFC25B86228B09BCECC11B6D8733E893619A35E00EA6092E78FF0B245150BD8D78D334E0E9A77A565FA2752C9F8E1E10BCF088056BAB2218B6436F7AA58B75ED3718AFB309371F7A1A8F404E
310
4469D7B58A922B1D42A024C0418C358C49F9509A4BEF8CC1C16D28DDB1CEBA7EAAF97BFF18430762656F57B367082EC232253A61E494F3F74F50802569BDDC74A98E864AF8B8AECAC698FDC2DE1A01827CD1541B07D3E44701EF0B94DFD376D906DFA34032E88DCFC938A8A58E4A4477FCB54D0BEFEBE55793BD71597DD1F2
310
B8DA31779EE2848AA411E3A271550F37671018C2CC1CB169CDE29D092DD323A6268C6FE2ECD5947362EDF7FA0590C9A9AF781B04E3CE021B68533CC202788E123652AF1154FCDB549F967F25E00C6A784CD9BF5A6AE2A66B7531EDEE8559CF5F05699027EC1520CB8AF686D6DC1A421DB4AAC7FBCD07B9303329BC3B99FF0B
310
504B0304140006080800C774655AE039990BE1000000550100003C0000006662782F35374434454131332D464530382D343238372D414332452D3033433441423130383039382F7265736F75726365732F322F636E782E786D6C4D90DD6A032110855F65117AB9EA6E1208C1352FD1ABDE04AB132B5167F1A7B46F5F4D2DF4
310
6A86733E8633475CBF829F3E21658771230BE56482A8D1B8683752CB7D3E93E92A45422CFF3032451560235D2652D884751F9281BBAABEABDEC5C710F9CD4284E4F46D8F964CDAAB9C3792F5070445552D68203FA85145D18526C858938676A2B800E3844EA00A182257BE9E667E98F9E975395E0EE7CB727C13AC9352BC23
310
FAC1BB5820E1FEB2728D6D8D2D1117AC0352D4E406D5DF68C65F3CDAE209D66C297249AD838195EFBD612E280BEC89FCBA52B0FE641BCF06DAEC85C81F504B0304140006080800C774655AFF15A4A45D000000800000003A0000006662782F35374434454131332D464530382D343238372D414332452D3033433441423130
310
383039382F7265736F75726365732F636E782E786D6C4D8B3B0E80201005AF42B6F75B59F0390B113044D83508C6E30BC6C26AF226F3B8BA6360974DA7271430F523308B2B198F9B80925DB700539227A2FCCB80A18E5640D320F996A81C9F32D6E9129A0D1EF74FCE750E6D57BC7165FBCA07504B0304140006080800C774
310
655AE1BF0BBC4301000056050000300000006662782F35374434454131332D464530382D343238372D414332452D3033433441423130383039382F636E782E786D6CCD94CF6A032110C65F65117A5CDDCD1F08C135D0439FA087D29BEB4EB636AE2E3A96E6EDABE9266929A13D049A9B8C3FE1FB663E876FDE0753BC810FDA
310
D986D4B4220558E53A6DFB8644DC962B526C04F7CEE1178C14560ED0905C2682F7DEC5712A75B095D1E4AAD176371525A2D76D4408A4504686D090A05E60905446741D841DED244A5A530FC145AF20BD473DC0F45E7990081D11B36AB62CAB79592D1FEBC57ABE5AD78B67CE322978EB9C99786D11BC1BEF669572E968939C
310
8AB30C081EBD9EA8EC8188B336DA6ACB59BA173C24BDB69F38DC8F991B47A395C4D428E614029609023970F6090BCEB2E36FBE1FEE9FCE1AD2A9D31E143ABFFFB736D497DA7092465322FED68503F89B79D7BE26CBFF37F78B86276157B37B4C6E48D1FD99849427697B738B1FE024EDFAF94F8B05B5BA45D3476557F2CC0E
310
2B300D3E6F44F101504B0304140006080800C774655A16D79F6D7E000000A30000000B0000006662782F636E782E786D6C4D8CD10AC22018465F45FE7B4B376306EAB065EF319A1B92D3B0193D7E1ABBE8EA83C3778EE83FAB476F9B5E2E0609F44000D9708F930B8B84BCCD9803EA9548316E7F3740615CAD848A418925C5
310
FCDCD164E731FB4ABD0B8F1D9EBA2B339AB6F86608C7ACE11DD64363306907A62F947072E6C53856A5CCAF57B6E6D517504B0304140006080800C774655AA6D797065F0000008200000007000000636E782E786D6C4DCB3B0E80201045D1AD90E9FD7516806B51190811670C8A61F982B1B0BAC9C97B72CA7B1037C6D33329
310
18DA1E04D2CAC69353902EDB8C20262D23F3F59B81A079470595414B17391D1F19B4730A5583A7ED43BBE4025D9592775E5ADFFA01504B0304140006080800C774655AECFD112DA800000026010000130000005B436F6E74656E745F54797065735D2E786D6C7D4F4B0EC22010BD0A61DF525D18634ABB506FE00510A79458
310
060253536F2FD89D5197F3FED3F68B9BD80362B21E25DFD40D6780DADF2C1AC9671AAA3D677DD75E9E0112CB5A4C928F44E12044D22338956A1F003333F8E814E5331A1194BE2B0362DB343BA13D122055543278D79E6050F344ECBC6478EDCD76CE8EABAE5449AE4298AC56946789C28AAFBEABC53F3EAF09A84A1441B91F
310
0101CD4780756578C173A578FFDDBD00504B0304140006080800C774655A3DEE336E64000000790000001B0000006175746F6465736B2D64657369676E2D7061636B6167652E786D6C35CBC10E83200C00D05F21DCA56CA76D41FC96062B120735B69A7DBE268BB7777961F8D5AF396893C2ADB70FE7ADA196782C2DF776D7
310
A97B5933C430F15651E5469C55D70F80A4992A3ADC954792C525AE70A1E4D6AD9816CC044FEFDF01FE3FDE907802504B0304140006080800C774655A615B0C6AF30000008E0100003D0000006662782F35374434454131332D464530382D343238372D414332452D3033433441423130383039382F7265736F75726365732F
310
322F636F72652E786D6C8550CB6EC32010FC158B3B366023DB112672D3F60B7AEA0D01715162B07854FDFC42EC4AEDA9A75DCDCECCEE0E3B7FADF7EA53FB609C9D00AE11A8B4954E19BB4C20C52B1C4075E6CC3B177FD14065C5AA275060C0D9E25DDA0E483A1BB52DA8754A1FA008414750C97B6E2610E4875E452D52CC8C
310
70AB37216F62D135AE771E67291975488DCA6EE66AB4077C6C47D2CF23823D7DBEC08EF4183E214AE1DC51DCBD9297CBD0CEAC2962CEA2597FB64BAF45D40A70820885A88588BEE1EED40E27DCBDB3A630390BD1E79F8FA5E5BB4C67CD8EFE714B9BFADF2D191B5B72B8ED8A0038CEC73D069C35259D5C1ED1E55A92E4DF50
310
4B0304140006080800C774655A03E81535F9000000960100003B0000006662782F35374434454131332D464530382D343238372D414332452D3033433441423130383039382F7265736F75726365732F636F72652E786D6C8550CB6E84300CFC15E47B80F010B00A59D16DFB053DF516052F8D7649501E553FBFC942A5F6D4
310
93ADF1CCD81E76FE5AEFD9275AA78C1E81E62564A8A599955E4608FE4A7AC8CE9C5963FC2F1A645AAC38428281B3C59AB01D9034DAA34EA836331EA0700E3D64F21E9B119CFCC055E422F8C870B77C13F22616CC69BEF3380B41CD8754CDD14D5D155AE0433D54DD3494A46B9F2FA4A93A4A9ECAB62553D3D2E6B57AB9F4F5
310
C48A24E6CCABF567BBB4283CCEC0ABB26A495993B27DA3CDA9EE4FB47967456272E6BC8D3F1F4BD377C02D3A13AC44C78A7DFAC7356CF3FFAE41695F5787EBAE70C0693CF231E0AC4829C5F28830D69428FF06504B0304140006080800C774655AD1274A0BF2000000B1010000310000006662782F35374434454131332D46
310
4530382D343238372D414332452D3033433441423130383039382F636F72652E786D6C8D50CB6EC32010FC156BEFD8E08742234CE4A6EE17F4D41BC2C44189C1E251F5F30BB12BB5B79C160D333BB3C34EDFCBBDF852CE6B6B7A202586421969276DE61E62B8200AC58933676DF84383C28845F59061E06C7636AE3B24AD09
310
CA64D4D849EDA0F05E0528E43D3D7AF0F2AA16518A1812C3DFCA55C89B985549CA8DC759D0CBAF543A25829A80D7B8EE106E10EE3E487B6CE891B49FACCA4CCE62D4D36EA5A7E4AE2F5A39E0DDE1AD1D07D2A0F71153D4D6F48086733DA62DE776782598E217CAAA2CE6CC07976EDE97E4EB9E956FC27F99E33A3D91599BD0
310
D4BBE1A6F0C049CAF3F8E0ACCA05A6F16837CD5C36FF01504B0304140006080800C774655A967FB55153010000DD0200000C0000006662782F636F72652E786D6C8D52CB6EC32010FC158B3B7E5B790813A569FB053DF5463071516CB03058F9FC2E7EC8F5A1696509A3D9DD999D11E4F4689B6010A6975A952809631408C5
310
7525555D22676F788F821325466BFBA30D058AB5A2441E4694D446BB6E86B85656288F2A5D8919647D2F2C0A78039712F5FC4BB42C64CE42477F0F3BC6EFAC1661124E7D943827AB795456C0266F5218440FD921DD9D0F31DE15AF179CA7BB04BFC44581CF7991E4EFE9DB659F9D49E48729B1B25DD4B911CC8A0AD1344E0B
310
1C67382E3E92FC98ED8F49FE4922DF49496F0D789E45BD3B446FD70789267CC3E7BAEA6F3E2795CDD2996F9AE8114D60BDB14049E4F381DF18DE36431086FC2CBB368B853B4083E0569B1C2A95766B69608D13401D07E347A2A90ACC23C16F3CE9139EE71C10145335ACC62C5CAFCE7AF5ED4E9D3078B08F4069D3B2665D6E
310
5A713D57A18DA5659CEB469BFF4C2F56973023FF30E937504B0304140006080800C774655AC4FDA6F007010000B201000008000000636F72652E786D6C8D50C16E842014FC15F2EE28A046DD201BBB6DBFA0A7DEA8B02E590523B869FFBEB06B93F6D6D32333F3DE0CC38F9FF3846E7AF5C6D90E684600693B3865ECD8C116
310
CEB80174147C752EFC9201B272D61D2418041F57B72D3B34381BB44DA8754AEFA0F45E0740C3141F1DF8E1A26799C92D4485BF668B1CAE72D419CD1E3AC183997F568755CBA01508465885498149F546CB43D11C68F9CEF3A4147CDB8CDAAD8C8AEEE66CF40AA22D5A56F72DC175F57CC225AB297E225585FBB2A2E52B7B39
310
3545CFF3B42CB80F6BFCF37E24E60CC8CB5BF2E5F98312FCC3B96917C4500A393B7D81203C4FC49FD0DBA2FE11DAD850B0FDE063C383A031D09D88C6A9C138EEF5C699DA16DF504B01021400140006080800C774655A0000000000000000000000003700000000000000000000000000000000006662782F35374434454131
310
332D464530382D343238372D414332452D3033433441423130383039382F617474726962757465732E62696E504B01021400140006080800C774655A0000000000000000000000003500000000000000000000000000550000006662782F35374434454131332D464530382D343238372D414332452D303343344142313038
310
3039382F76657274696365732E62696E504B01021400140006080800C774655AF270F13306000000040000003600000000000000000000000000A80000006662782F35374434454131332D464530382D343238372D414332452D3033433441423130383039382F747269616E676C65732E62696E504B010214001400060808
310
00C774655AB5A795FFE3790000DE7900004200000000000000000000000000020100006662782F35374434454131332D464530382D343238372D414332452D3033433441423130383039382F7265736F75726365732F322F305F67656E657269632E706E67504B01021400140006080800C774655A51464CB4890000004301
310
00003600000000000000000000000000457B00006662782F35374434454131332D464530382D343238372D414332452D3033433441423130383039382F6469726563746F72792E786D6C504B01021400140006080800C774655A9412A4BE82070000571E00003400000000000000000000000000227C00006662782F353744
310
34454131332D464530382D343238372D414332452D3033433441423130383039382F6F626A656374732E786D6C504B01021400140006080800C774655AE039990BE1000000550100003C00000000000000000000000000F68300006662782F35374434454131332D464530382D343238372D414332452D3033433441423130
310
383039382F7265736F75726365732F322F636E782E786D6C504B01021400140006080800C774655AFF15A4A45D000000800000003A00000000000000000000000000318500006662782F35374434454131332D464530382D343238372D414332452D3033433441423130383039382F7265736F75726365732F636E782E786D
310
6C504B01021400140006080800C774655AE1BF0BBC43010000560500003000000000000000000000000000E68500006662782F35374434454131332D464530382D343238372D414332452D3033433441423130383039382F636E782E786D6C504B01021400140006080800C774655A16D79F6D7E000000A30000000B000000
310
00000000000000000000778700006662782F636E782E786D6C504B01021400140006080800C774655AA6D797065F0000008200000007000000000000000000000000001E880000636E782E786D6C504B01021400140006080800C774655AECFD112DA8000000260100001300000000000000000000000000A28800005B436F
310
6E74656E745F54797065735D2E786D6C504B01021400140006080800C774655A3DEE336E64000000790000001B000000000000000000000000007B8900006175746F6465736B2D64657369676E2D7061636B6167652E786D6C504B01021400140006080800C774655A615B0C6AF30000008E0100003D000000000000000000
310
00000000188A00006662782F35374434454131332D464530382D343238372D414332452D3033433441423130383039382F7265736F75726365732F322F636F72652E786D6C504B01021400140006080800C774655A03E81535F9000000960100003B00000000000000000000000000668B00006662782F3537443445413133
310
2D464530382D343238372D414332452D3033433441423130383039382F7265736F75726365732F636F72652E786D6C504B01021400140006080800C774655AD1274A0BF2000000B10100003100000000000000000000000000B88C00006662782F35374434454131332D464530382D343238372D414332452D303343344142
310
3130383039382F636F72652E786D6C504B01021400140006080800C774655A967FB55153010000DD0200000C00000000000000000000000000F98D00006662782F636F72652E786D6C504B01021400140006080800C774655AC4FDA6F007010000B20100000800000000000000000000000000768F0000636F72652E786D6C
310
504B050600000000120012002D060000A39000000000
  0
XRECORD
  5
258C
102
{ACAD_REACTORS
330
2587
102
}
330
2587
100
AcDbXrecord
280
     1
270
     1
271
     1
  0
XRECORD
  5
258D
102
{ACAD_REACTORS
330
2587
102
}
330
2587
100
AcDbXrecord
280
     1
270
     1
271
     1
  0
XRECORD
  5
258E
102
{ACAD_REACTORS
330
2587
102
}
330
2587
100
AcDbXrecord
280
     1
270
     1
271
     1
  0
XRECORD
  5
258F
102
{ACAD_REACTORS
330
2587
102
}
330
2587
100
AcDbXrecord
280
     1
270
     1
271
     1
  0
CELLSTYLEMAP
  5
B471
102
{ACAD_REACTORS
330
104
102
}
330
104
100
AcDbCellStyleMap
 90
        3
300
CELLSTYLE
  1
TABLEFORMAT_BEGIN
 90
        5
170
     1
 91
        0
 92
    32768
 62
   257
 93
        1
300
CONTENTFORMAT
  1
CONTENTFORMAT_BEGIN
 90
        0
 91
        0
 92
      512
 93
        0
300

 40
0.0
140
1.0
 94
        5
 62
     0
340
11
144
0.25
309
CONTENTFORMAT_END
171
     1
301
MARGIN
  1
CELLMARGIN_BEGIN
 40
0.06
 40
0.06
 40
0.06
 40
0.06
 40
0.18
 40
0.18
309
CELLMARGIN_END
 94
        6
 95
        1
302
GRIDFORMAT
  1
GRIDFORMAT_BEGIN
 90
        0
 91
        1
 62
     0
 92
       -2
340
0
 93
        0
 40
0.045
309
GRIDFORMAT_END
 95
        2
302
GRIDFORMAT
  1
GRIDFORMAT_BEGIN
 90
        0
 91
        1
 62
     0
 92
       -2
340
0
 93
        0
 40
0.045
309
GRIDFORMAT_END
 95
        4
302
GRIDFORMAT
  1
GRIDFORMAT_BEGIN
 90
        0
 91
        1
 62
     0
 92
       -2
340
0
 93
        0
 40
0.045
309
GRIDFORMAT_END
 95
        8
302
GRIDFORMAT
  1
GRIDFORMAT_BEGIN
 90
        0
 91
        1
 62
     0
 92
       -2
340
0
 93
        0
 40
0.045
309
GRIDFORMAT_END
 95
       16
302
GRIDFORMAT
  1
GRIDFORMAT_BEGIN
 90
        0
 91
        1
 62
     0
 92
       -2
340
0
 93
        0
 40
0.045
309
GRIDFORMAT_END
 95
       32
302
GRIDFORMAT
  1
GRIDFORMAT_BEGIN
 90
        0
 91
        1
 62
     0
 92
       -2
340
0
 93
        0
 40
0.045
309
GRIDFORMAT_END
309
TABLEFORMAT_END
  1
CELLSTYLE_BEGIN
 90
        1
 91
        1
300
_TITLE
309
CELLSTYLE_END
300
CELLSTYLE
  1
TABLEFORMAT_BEGIN
 90
        5
170
     1
 91
        0
 92
        0
 62
   257
 93
        1
300
CONTENTFORMAT
  1
CONTENTFORMAT_BEGIN
 90
        0
 91
        0
 92
      512
 93
        0
300

 40
0.0
140
1.0
 94
        5
 62
     0
340
11
144
0.18
309
CONTENTFORMAT_END
171
     1
301
MARGIN
  1
CELLMARGIN_BEGIN
 40
0.06
 40
0.06
 40
0.06
 40
0.06
 40
0.18
 40
0.18
309
CELLMARGIN_END
 94
        6
 95
        1
302
GRIDFORMAT
  1
GRIDFORMAT_BEGIN
 90
        0
 91
        1
 62
     0
 92
       -2
340
0
 93
        0
 40
0.045
309
GRIDFORMAT_END
 95
        2
302
GRIDFORMAT
  1
GRIDFORMAT_BEGIN
 90
        0
 91
        1
 62
     0
 92
       -2
340
0
 93
        0
 40
0.045
309
GRIDFORMAT_END
 95
        4
302
GRIDFORMAT
  1
GRIDFORMAT_BEGIN
 90
        0
 91
        1
 62
     0
 92
       -2
340
0
 93
        0
 40
0.045
309
GRIDFORMAT_END
 95
        8
302
GRIDFORMAT
  1
GRIDFORMAT_BEGIN
 90
        0
 91
        1
 62
     0
 92
       -2
340
0
 93
        0
 40
0.045
309
GRIDFORMAT_END
 95
       16
302
GRIDFORMAT
  1
GRIDFORMAT_BEGIN
 90
        0
 91
        1
 62
     0
 92
       -2
340
0
 93
        0
 40
0.045
309
GRIDFORMAT_END
 95
       32
302
GRIDFORMAT
  1
GRIDFORMAT_BEGIN
 90
        0
 91
        1
 62
     0
 92
       -2
340
0
 93
        0
 40
0.045
309
GRIDFORMAT_END
309
TABLEFORMAT_END
  1
CELLSTYLE_BEGIN
 90
        2
 91
        1
300
_HEADER
309
CELLSTYLE_END
300
CELLSTYLE
  1
TABLEFORMAT_BEGIN
 90
        5
170
     1
 91
        0
 92
        0
 62
   257
 93
        1
300
CONTENTFORMAT
  1
CONTENTFORMAT_BEGIN
 90
        0
 91
        0
 92
      512
 93
        0
300

 40
0.0
140
1.0
 94
        2
 62
     0
340
11
144
0.18
309
CONTENTFORMAT_END
171
     1
301
MARGIN
  1
CELLMARGIN_BEGIN
 40
0.06
 40
0.06
 40
0.06
 40
0.06
 40
0.18
 40
0.18
309
CELLMARGIN_END
 94
        6
 95
        1
302
GRIDFORMAT
  1
GRIDFORMAT_BEGIN
 90
        0
 91
        1
 62
     0
 92
       -2
340
0
 93
        0
 40
0.045
309
GRIDFORMAT_END
 95
        2
302
GRIDFORMAT
  1
GRIDFORMAT_BEGIN
 90
        0
 91
        1
 62
     0
 92
       -2
340
0
 93
        0
 40
0.045
309
GRIDFORMAT_END
 95
        4
302
GRIDFORMAT
  1
GRIDFORMAT_BEGIN
 90
        0
 91
        1
 62
     0
 92
       -2
340
0
 93
        0
 40
0.045
309
GRIDFORMAT_END
 95
        8
302
GRIDFORMAT
  1
GRIDFORMAT_BEGIN
 90
        0
 91
        1
 62
     0
 92
       -2
340
0
 93
        0
 40
0.045
309
GRIDFORMAT_END
 95
       16
302
GRIDFORMAT
  1
GRIDFORMAT_BEGIN
 90
        0
 91
        1
 62
     0
 92
       -2
340
0
 93
        0
 40
0.045
309
GRIDFORMAT_END
 95
       32
302
GRIDFORMAT
  1
GRIDFORMAT_BEGIN
 90
        0
 91
        1
 62
     0
 92
       -2
340
0
 93
        0
 40
0.045
309
GRIDFORMAT_END
309
TABLEFORMAT_END
  1
CELLSTYLE_BEGIN
 90
        3
 91
        2
300
_DATA
309
CELLSTYLE_END
  0
ENDSEC
  0
SECTION
  2
ACDSDATA
 70
     2
 71
     8
  0
ACDSSCHEMA
 90
        0
  1
AcDb_Thumbnail_Schema
  2
AcDbDs::ID
280
    10
 91
        8
  2
Thumbnail_Data
280
    15
 91
        0
101
ACDSRECORD
 95
        0
 90
        1
  2
AcDbDs::TreatedAsObjectData
280
     1
291
     1
101
ACDSRECORD
 95
        0
 90
        2
  2
AcDbDs::Legacy
280
     1
291
     1
101
ACDSRECORD
  1
AcDbDs::ID
 90
        3
  2
AcDs:Indexable
280
     1
291
     1
101
ACDSRECORD
  1
AcDbDs::ID
 90
        4
  2
AcDbDs::HandleAttribute
280
     7
282
     1
  0
ACDSSCHEMA
 90
        1
  1
AcDbDs::TreatedAsObjectDataSchema
  2
AcDbDs::TreatedAsObjectData
280
     1
 91
        0
  0
ACDSSCHEMA
 90
        2
  1
AcDbDs::LegacySchema
  2
AcDbDs::Legacy
280
     1
 91
        0
  0
ACDSSCHEMA
 90
        3
  1
AcDbDs::IndexedPropertySchema
  2
AcDs:Indexable
280
     1
 91
        0
  0
ACDSSCHEMA
 90
        4
  1
AcDbDs::HandleAttributeSchema
  2
AcDbDs::HandleAttribute
280
     7
 91
        1
284
     1
  0
ACDSRECORD
 90
        0
  2
AcDbDs::ID
280
    10
320
22
  2
Thumbnail_Data
280
    15
 94
     1330
310
89504E470D0A1A0A0000000D4948445200000100000000560803000000170CB80A00000300504C5445212830FFFFFF2128300000000000000000000000000000000000000000000000000000330000660000990000CC0000FF0033000033330033660033990033CC0033FF0066000066330066660066990066CC0066FF0099
310
000099330099660099990099CC0099FF00CC0000CC3300CC6600CC9900CCCC00CCFF00FF0000FF3300FF6600FF9900FFCC00FFFF3300003300333300663300993300CC3300FF3333003333333333663333993333CC3333FF3366003366333366663366993366CC3366FF3399003399333399663399993399CC3399FF33CC00
310
33CC3333CC6633CC9933CCCC33CCFF33FF0033FF3333FF6633FF9933FFCC33FFFF6600006600336600666600996600CC6600FF6633006633336633666633996633CC6633FF6666006666336666666666996666CC6666FF6699006699336699666699996699CC6699FF66CC0066CC3366CC6666CC9966CCCC66CCFF66FF0066
310
FF3366FF6666FF9966FFCC66FFFF9900009900339900669900999900CC9900FF9933009933339933669933999933CC9933FF9966009966339966669966999966CC9966FF9999009999339999669999999999CC9999FF99CC0099CC3399CC6699CC9999CCCC99CCFF99FF0099FF3399FF6699FF9999FFCC99FFFFCC0000CC00
310
33CC0066CC0099CC00CCCC00FFCC3300CC3333CC3366CC3399CC33CCCC33FFCC6600CC6633CC6666CC6699CC66CCCC66FFCC9900CC9933CC9966CC9999CC99CCCC99FFCCCC00CCCC33CCCC66CCCC99CCCCCCCCCCFFCCFF00CCFF33CCFF66CCFF99CCFFCCCCFFFFFF0000FF0033FF0066FF0099FF00CCFF00FFFF3300FF3333
310
FF3366FF3399FF33CCFF33FFFF6600FF6633FF6666FF6699FF66CCFF66FFFF9900FF9933FF9966FF9999FF99CCFF99FFFFCC00FFCC33FFCC66FFCC99FFCCCCFFCCFFFFFF00FFFF33FFFF66FFFF99FFFFCCFFFFFF0000000D0D0D1A1A1A2828283535354343435050505D5D5D6B6B6B787878868686939393A1A1A1AEAEAEBB
310
BBBBC9C9C9D6D6D6E4E4E4F1F1F1FFFFFF0000000000000000000000000000000000000000000000000000000000002E4550F1000000A74944415478DAEDDA310E83301045411FD067A6D98BA5A102258A2590E0EF4C99B8F1F34AA6F0180000000000C0BFEAE8F857FAF67F04D97F88DEFF658B428EBF5781BA6165E2F9AF
310
2D0D1D80DE01CA04444EC0D2A956E4FEAB7780D17D026E5C2D80006901E6144080CE01360104104000B780003E854D80006E010104104000B7800002F8141640000104787B80E60F2416DE07843E9169FF48ECFC48F8BB01000000008FF101675D8F763770B4950000000049454E44AE426082D82140D9B340DC0D1146C0F2
310
0850E9340946C029406D67E4D284DD146504EC9A0425D2200B2104B80B303D17D82140392641D3B3C1250176A7C33F0870AA1039A299166058237444332BE0A64628708D94160E46F45E27E85128A9C107EFB1D89F53F04135EB66000000000080D83C013E7C6DF5C36A88810000000049454E44AE4260826C9BF3AB10E900
310
52ED1CDD4FD70EE0F7C6C9E1F585DA37BA9DAE0300E9AB7E230322ED1C7E1A602E937B31603007904800B0DF436BA164BF308C22128B0034F75837B9CD190582A61029F1BFC88CA56DC9B466188661188661188661983D3F494145CB1BFC6CF90000000049454E44AE426082AE4260826707DBEA4A2D0406593D607919E548
310
D1EF05B5FE2530CA0A226B8A598C15DEAFC6D0F4F84808147AC53D57E3596930B4DC93B4B4AEF607097BD9E6720BEF130000000049454E44AE426082
  0
ENDSEC
  0
EOF
